Company Name,Company Code,Payee Name,Payee Code,Client Name,Client Code,Song Title,Song Code,Composer(s),Source Name,Source Code,Income Type Description,Income Type,Percent Received,Amount Received,Share,Contractual Rate,Contractual Code,Effective Rate,Amount Earned,Catalogue Number,Units,Price,Date Period (From),Date Period (To),Territory Name,Territory Code,Production/Episode,Production/Episode Code,Notes,Currency,Statement ID,Statement Line
"The Administration MP, Inc.",WFLE,Brenden Murray,318,Brenden Murray,318,At The Door,12895,Murray/Gazzy Garcia/Unknown,Youtube,YOUT,Youtube Digital Video,73,50,5.44,100,85,318,85,4.62,,13140,0,11/2017,11/2017,USA,USA,,0,,USD,2176,549
"The Administration MP, Inc.",WFLE,Brenden Murray,318,Brenden Murray,318,At The Door,12895,Murray/Gazzy Garcia/Unknown,Youtube,YOUT,Youtube Digital Video,73,50,7.85,100,85,318,85,6.67,,24334,0,11/2017,11/2017,USA,USA,,0,,USD,2176,545
"The Administration MP, Inc.",WFLE,Brenden Murray,318,Brenden Murray,318,At The Door,12895,Murray/Gazzy Garcia/Unknown,Youtube,YOUT,Youtube Digital Video,73,50,2.53,100,85,318,85,2.15,,12385,0,11/2017,11/2017,USA,USA,,0,,USD,2176,547
"The Administration MP, Inc.",WFLE,Brenden Murray,318,Brenden Murray,318,At The Door,12895,Murray/Gazzy Garcia/Unknown,Youtube,YOUT,Youtube Digital Video,73,50,15.56,100,85,318,85,13.23,,29087,0,10/2017,12/2017,USA,USA,,0,,USD,2175,362
"The Administration MP, Inc.",WFLE,Brenden Murray,318,Brenden Murray,318,At The Door,12895,Murray/Gazzy Garcia/Unknown,Youtube,YOUT,Youtube Digital Video,73,50,0.1,100,85,318,85,0.09,,72,0,11/2017,11/2017,USA,USA,,0,,USD,2176,546
"The Administration MP, Inc.",WFLE,Brenden Murray,318,Brenden Murray,318,At The Door,12895,Murray/Gazzy Garcia/Unknown,Youtube,YOUT,Youtube Digital Video,73,50,1.86,100,85,318,85,1.58,,4085,0,11/2017,11/2017,USA,USA,,0,,USD,2176,550
"The Administration MP, Inc.",WFLE,Brenden Murray,318,Brenden Murray,318,At The Door,12895,Murray/Gazzy Garcia/Unknown,Youtube,YOUT,Youtube Digital Video,73,50,0.18,100,85,318,85,0.15,,138,0,11/2017,11/2017,USA,USA,,0,,USD,2176,548
"The Administration MP, Inc.",WFLE,Brenden Murray,318,Brenden Murray,318,Back to the Crib,12398,Murray/VellTFG,Youtube,YOUT,Youtube Digital Video,73,25,0.01,100,85,318,85,0.01,,103,0,09/2017,09/2017,USA,USA,,0,,USD,2174,443
"The Administration MP, Inc.",WFLE,Brenden Murray,318,Brenden Murray,318,Benz Truck Pt 2,14466,Murray/Ahr,Youtube,YOUT,Youtube Digital Video,73,25,4.12,100,85,318,85,3.5,,2419,0,10/2017,12/2017,USA,USA,,0,,USD,2175,496
"The Administration MP, Inc.",WFLE,Brenden Murray,318,Brenden Murray,318,Benz Truck Pt 2,14466,Murray/Ahr,Youtube,YOUT,Youtube Digital Video,73,25,7.53,100,85,318,85,6.4,,97544,0,10/2017,12/2017,USA,USA,,0,,USD,2175,498
"The Administration MP, Inc.",WFLE,Brenden Murray,318,Brenden Murray,318,Benz Truck Pt 2,14466,Murray/Ahr,Youtube,YOUT,Youtube Digital Video,73,25,0.05,100,85,318,85,0.04,,34,0,11/2017,11/2017,USA,USA,,0,,USD,2176,742
"The Administration MP, Inc.",WFLE,Brenden Murray,318,Brenden Murray,318,Benz Truck Pt 2,14466,Murray/Ahr,Youtube,YOUT,Youtube Digital Video,73,25,13.61,100,85,318,85,11.57,,209446,0,11/2017,11/2017,USA,USA,,0,,USD,2176,741
"The Administration MP, Inc.",WFLE,Brenden Murray,318,Brenden Murray,318,Benz Truck Pt 2,14466,Murray/Ahr,Youtube,YOUT,Youtube Digital Video,73,25,1.5,100,85,318,85,1.28,,50646,0,10/2017,12/2017,USA,USA,,0,,USD,2175,497
"The Administration MP, Inc.",WFLE,Brenden Murray,318,Brenden Murray,318,Benz Truck Pt 2,14466,Murray/Ahr,Youtube,YOUT,Youtube Digital Video,73,25,1.15,100,85,318,85,0.98,,15863,0,11/2017,11/2017,USA,USA,,0,,USD,2176,745
"The Administration MP, Inc.",WFLE,Brenden Murray,318,Brenden Murray,318,Benz Truck Pt 2,14466,Murray/Ahr,Youtube,YOUT,Youtube Digital Video,73,25,0.64,100,85,318,85,0.54,,10962,0,11/2017,11/2017,USA,USA,,0,,USD,2176,736
"The Administration MP, Inc.",WFLE,Brenden Murray,318,Brenden Murray,318,Benz Truck Pt 2,14466,Murray/Ahr,Youtube,YOUT,Youtube Digital Video,73,25,5.13,100,85,318,85,4.36,,49635,0,11/2017,11/2017,USA,USA,,0,,USD,2176,740
"The Administration MP, Inc.",WFLE,Brenden Murray,318,Brenden Murray,318,Benz Truck Pt 2,14466,Murray/Ahr,Youtube,YOUT,Youtube Digital Video,73,25,0.19,100,85,318,85,0.16,,692,0,11/2017,11/2017,USA,USA,,0,,USD,2176,738
"The Administration MP, Inc.",WFLE,Brenden Murray,318,Brenden Murray,318,Benz Truck Pt 2,14466,Murray/Ahr,Youtube,YOUT,Youtube Digital Video,73,25,0.37,100,85,318,85,0.31,,6493,0,11/2017,11/2017,USA,USA,,0,,USD,2176,743
"The Administration MP, Inc.",WFLE,Brenden Murray,318,Brenden Murray,318,Benz Truck Pt 2,14466,Murray/Ahr,Youtube,YOUT,Youtube Digital Video,73,25,1.59,100,85,318,85,1.35,,19790,0,11/2017,11/2017,USA,USA,,0,,USD,2176,739
"The Administration MP, Inc.",WFLE,Brenden Murray,318,Brenden Murray,318,Benz Truck Pt 2,14466,Murray/Ahr,Youtube,YOUT,Youtube Digital Video,73,25,1.65,100,85,318,85,1.4,,24484,0,11/2017,11/2017,USA,USA,,0,,USD,2176,746
"The Administration MP, Inc.",WFLE,Brenden Murray,318,Brenden Murray,318,Benz Truck Pt 2,14466,Murray/Ahr,Youtube,YOUT,Youtube Digital Video,73,25,101.14,100,85,318,85,85.97,,1030194,0,11/2017,11/2017,USA,USA,,0,,USD,2176,735
"The Administration MP, Inc.",WFLE,Brenden Murray,318,Brenden Murray,318,Benz Truck Pt 2,14466,Murray/Ahr,Youtube,YOUT,Youtube Digital Video,73,25,0.16,100,85,318,85,0.14,,7556,0,11/2017,11/2017,USA,USA,,0,,USD,2176,733
"The Administration MP, Inc.",WFLE,Brenden Murray,318,Brenden Murray,318,Benz Truck Pt 2,14466,Murray/Ahr,Youtube,YOUT,Youtube Digital Video,73,25,1.18,100,85,318,85,1,,12855,0,11/2017,11/2017,USA,USA,,0,,USD,2176,744
"The Administration MP, Inc.",WFLE,Brenden Murray,318,Brenden Murray,318,Block Boy,9955,Murray/Pollard/Leimert/Composer,Youtube,YOUT,Youtube Digital Video,73,50,0.06,100,85,318,85,0.05,,1118,0,09/2017,09/2017,USA,USA,,0,,USD,2174,618
"The Administration MP, Inc.",WFLE,Brenden Murray,318,Brenden Murray,318,Block Boy,9955,Murray/Pollard/Leimert/Composer,Youtube,YOUT,Youtube Digital Video,73,50,0.05,100,85,318,85,0.04,,1053,0,11/2017,11/2017,USA,USA,,0,,USD,2176,890
"The Administration MP, Inc.",WFLE,Brenden Murray,318,Brenden Murray,318,Block Boy,9955,Murray/Pollard/Leimert/Composer,Amazon Prime,AMA1,Mechanical,01,50,0.01,100,85,318,85,0.01,TC-ACB-14-27627,21,0,07/2017,09/2017,USA,USA,,0,,USD,2200,332
"The Administration MP, Inc.",WFLE,Brenden Murray,318,Brenden Murray,318,Block Boy,9955,Murray/Pollard/Leimert/Composer,Amazon Unlimited,AMA3,Mechanical,01,50,0.01,100,85,318,85,0.01,,22,0,07/2017,09/2017,USA,USA,,0,,USD,2232,385
"The Administration MP, Inc.",WFLE,Brenden Murray,318,Brenden Murray,318,Block Boy,9955,Murray/Pollard/Leimert/Composer,Youtube,YOUT,Youtube Digital Video,73,50,0.08,100,85,318,85,0.07,,1215,0,10/2017,12/2017,USA,USA,,0,,USD,2175,581
"The Administration MP, Inc.",WFLE,Brenden Murray,318,Brenden Murray,318,Call Missed,6958,Beard/Writer Unknown/Murray,ASCAP,ASCA,Performance,02,25,0.6,33.33,85,318,85,0.17,F,0,0,10/2017,12/2017,USA,USA,,0,,USD,2208,2033
"The Administration MP, Inc.",WFLE,Brenden Murray,318,Brenden Murray,318,Call Missed,6958,Beard/Writer Unknown/Murray,Youtube,YOUT,Youtube Digital Video,73,75,0.77,33.33,85,318,85,0.22,,841,0,11/2017,11/2017,USA,USA,,0,,USD,2176,1105
"The Administration MP, Inc.",WFLE,Brenden Murray,318,Brenden Murray,318,Checkmate,12376,Butler/Murray,Youtube,YOUT,Youtube Digital Video,73,50,0.49,100,85,318,85,0.42,,44372,0,10/2017,12/2017,USA,USA,,0,,USD,2175,829
"The Administration MP, Inc.",WFLE,Brenden Murray,318,Brenden Murray,318,Checkmate,12376,Butler/Murray,Youtube,YOUT,Youtube Digital Video,73,50,4.26,100,85,318,85,3.62,,6236,0,11/2017,11/2017,USA,USA,,0,,USD,2176,1241
"The Administration MP, Inc.",WFLE,Brenden Murray,318,Brenden Murray,318,Checkmate,12376,Butler/Murray,Youtube,YOUT,Youtube Digital Video,73,50,2.69,100,85,318,85,2.29,,27618,0,09/2017,09/2017,USA,USA,,0,,USD,2174,879
"The Administration MP, Inc.",WFLE,Brenden Murray,318,Brenden Murray,318,Checkmate,12376,Butler/Murray,Youtube,YOUT,Youtube Digital Video,73,50,2.11,100,85,318,85,1.79,,21315,0,10/2017,12/2017,USA,USA,,0,,USD,2175,828
"The Administration MP, Inc.",WFLE,Brenden Murray,318,Brenden Murray,318,Crazy,12896,Gazzy Garcia/Murray,Youtube,YOUT,Youtube Digital Video,73,50,12.27,100,85,318,85,10.43,,38489,0,11/2017,11/2017,USA,USA,,0,,USD,2176,1428
"The Administration MP, Inc.",WFLE,Brenden Murray,318,Brenden Murray,318,Crazy,12896,Gazzy Garcia/Murray,Youtube,YOUT,Youtube Digital Video,73,50,41.06,100,85,318,85,34.9,,224977,0,10/2017,12/2017,USA,USA,,0,,USD,2175,947
"The Administration MP, Inc.",WFLE,Brenden Murray,318,Brenden Murray,318,Crazy,12896,Gazzy Garcia/Murray,Youtube,YOUT,Youtube Digital Video,73,50,0.01,100,85,318,85,0.01,,3,0,11/2017,11/2017,USA,USA,,0,,USD,2176,1427
"The Administration MP, Inc.",WFLE,Brenden Murray,318,Brenden Murray,318,Crazy,12896,Gazzy Garcia/Murray,Youtube,YOUT,Youtube Digital Video,73,50,0.31,100,85,318,85,0.26,,223,0,11/2017,11/2017,USA,USA,,0,,USD,2176,1425
"The Administration MP, Inc.",WFLE,Brenden Murray,318,Brenden Murray,318,Crazy,12896,Gazzy Garcia/Murray,Youtube,YOUT,Youtube Digital Video,73,50,8.46,100,85,318,85,7.19,,23350,0,11/2017,11/2017,USA,USA,,0,,USD,2176,1424
"The Administration MP, Inc.",WFLE,Brenden Murray,318,Brenden Murray,318,Crazy,12896,Gazzy Garcia/Murray,Youtube,YOUT,Youtube Digital Video,73,50,7.29,100,85,318,85,6.2,,49453,0,11/2017,11/2017,USA,USA,,0,,USD,2176,1430
"The Administration MP, Inc.",WFLE,Brenden Murray,318,Brenden Murray,318,Crazy,12896,Gazzy Garcia/Murray,Youtube,YOUT,Youtube Digital Video,73,50,25.77,100,85,318,85,21.9,,88315,0,11/2017,11/2017,USA,USA,,0,,USD,2176,1426
"The Administration MP, Inc.",WFLE,Brenden Murray,318,Brenden Murray,318,Digital,12385,Butler/Gore Jr./Murray,Youtube,YOUT,Youtube Digital Video,73,50,1.02,100,85,318,85,0.87,,8898,0,09/2017,09/2017,USA,USA,,0,,USD,2174,1145
"The Administration MP, Inc.",WFLE,Brenden Murray,318,Brenden Murray,318,Digital,12385,Butler/Gore Jr./Murray,Youtube,YOUT,Youtube Digital Video,73,50,0.3,100,85,318,85,0.26,,896,0,11/2017,11/2017,USA,USA,,0,,USD,2176,1658
"The Administration MP, Inc.",WFLE,Brenden Murray,318,Brenden Murray,318,Digital,12385,Butler/Gore Jr./Murray,Youtube,YOUT,Youtube Digital Video,73,50,1.45,100,85,318,85,1.23,,13897,0,11/2017,11/2017,USA,USA,,0,,USD,2176,1659
"The Administration MP, Inc.",WFLE,Brenden Murray,318,Brenden Murray,318,Digital,12385,Butler/Gore Jr./Murray,Youtube,YOUT,Youtube Digital Video,73,50,1.56,100,85,318,85,1.33,,27193,0,10/2017,12/2017,USA,USA,,0,,USD,2175,1090
"The Administration MP, Inc.",WFLE,Brenden Murray,318,Brenden Murray,318,Do This,14468,Murray/Hoodrich Pablo,Youtube,YOUT,Youtube Digital Video,73,25,0.29,100,85,318,85,0.25,,7042,0,11/2017,11/2017,USA,USA,,0,,USD,2176,1730
"The Administration MP, Inc.",WFLE,Brenden Murray,318,Brenden Murray,318,Do This,14468,Murray/Hoodrich Pablo,Youtube,YOUT,Youtube Digital Video,73,25,1.01,100,85,318,85,0.86,,27052,0,10/2017,12/2017,USA,USA,,0,,USD,2175,1118
"The Administration MP, Inc.",WFLE,Brenden Murray,318,Brenden Murray,318,Do This,14468,Murray/Hoodrich Pablo,Youtube,YOUT,Youtube Digital Video,73,25,0.03,100,85,318,85,0.03,,135,0,11/2017,11/2017,USA,USA,,0,,USD,2176,1726
"The Administration MP, Inc.",WFLE,Brenden Murray,318,Brenden Murray,318,Do This,14468,Murray/Hoodrich Pablo,Youtube,YOUT,Youtube Digital Video,73,25,0.07,100,85,318,85,0.06,,2959,0,11/2017,11/2017,USA,USA,,0,,USD,2176,1731
"The Administration MP, Inc.",WFLE,Brenden Murray,318,Brenden Murray,318,Do This,14468,Murray/Hoodrich Pablo,Youtube,YOUT,Youtube Digital Video,73,25,0.11,100,85,318,85,0.09,,3085,0,11/2017,11/2017,USA,USA,,0,,USD,2176,1729
"The Administration MP, Inc.",WFLE,Brenden Murray,318,Brenden Murray,318,Do This,14468,Murray/Hoodrich Pablo,Youtube,YOUT,Youtube Digital Video,73,25,0.31,100,85,318,85,0.26,,2113,0,11/2017,11/2017,USA,USA,,0,,USD,2176,1734
"The Administration MP, Inc.",WFLE,Brenden Murray,318,Brenden Murray,318,Do This,14468,Murray/Hoodrich Pablo,Youtube,YOUT,Youtube Digital Video,73,25,0.01,100,85,318,85,0.01,,8,0,11/2017,11/2017,USA,USA,,0,,USD,2176,1721
"The Administration MP, Inc.",WFLE,Brenden Murray,318,Brenden Murray,318,Do This,14468,Murray/Hoodrich Pablo,Youtube,YOUT,Youtube Digital Video,73,25,0.01,100,85,318,85,0.01,,8,0,11/2017,11/2017,USA,USA,,0,,USD,2176,1724
"The Administration MP, Inc.",WFLE,Brenden Murray,318,Brenden Murray,318,Do This,14468,Murray/Hoodrich Pablo,Youtube,YOUT,Youtube Digital Video,73,25,0.07,100,85,318,85,0.06,,2639,0,11/2017,11/2017,USA,USA,,0,,USD,2176,1720
"The Administration MP, Inc.",WFLE,Brenden Murray,318,Brenden Murray,318,Do This,14468,Murray/Hoodrich Pablo,Youtube,YOUT,Youtube Digital Video,73,25,0.48,100,85,318,85,0.41,,8862,0,10/2017,12/2017,USA,USA,,0,,USD,2175,1119
"The Administration MP, Inc.",WFLE,Brenden Murray,318,Brenden Murray,318,Do This,14468,Murray/Hoodrich Pablo,Youtube,YOUT,Youtube Digital Video,73,25,0.13,100,85,318,85,0.11,,3934,0,11/2017,11/2017,USA,USA,,0,,USD,2176,1719
"The Administration MP, Inc.",WFLE,Brenden Murray,318,Brenden Murray,318,Do This,14468,Murray/Hoodrich Pablo,Youtube,YOUT,Youtube Digital Video,73,25,0.16,100,85,318,85,0.14,,964,0,11/2017,11/2017,USA,USA,,0,,USD,2176,1722
"The Administration MP, Inc.",WFLE,Brenden Murray,318,Brenden Murray,318,Do This,14468,Murray/Hoodrich Pablo,Youtube,YOUT,Youtube Digital Video,73,25,0.22,100,85,318,85,0.19,,3626,0,11/2017,11/2017,USA,USA,,0,,USD,2176,1723
"The Administration MP, Inc.",WFLE,Brenden Murray,318,Brenden Murray,318,Do This,14468,Murray/Hoodrich Pablo,Youtube,YOUT,Youtube Digital Video,73,25,0.24,100,85,318,85,0.2,,1350,0,11/2017,11/2017,USA,USA,,0,,USD,2176,1727
"The Administration MP, Inc.",WFLE,Brenden Murray,318,Brenden Murray,318,Do This,14468,Murray/Hoodrich Pablo,Youtube,YOUT,Youtube Digital Video,73,25,0.01,100,85,318,85,0.01,,10,0,11/2017,11/2017,USA,USA,,0,,USD,2176,1718
"The Administration MP, Inc.",WFLE,Brenden Murray,318,Brenden Murray,318,Do This,14468,Murray/Hoodrich Pablo,Youtube,YOUT,Youtube Digital Video,73,25,0.17,100,85,318,85,0.14,,5546,0,11/2017,11/2017,USA,USA,,0,,USD,2176,1728
"The Administration MP, Inc.",WFLE,Brenden Murray,318,Brenden Murray,318,Do This,14468,Murray/Hoodrich Pablo,Youtube,YOUT,Youtube Digital Video,73,25,0.83,100,85,318,85,0.71,,14649,0,11/2017,11/2017,USA,USA,,0,,USD,2176,1733
"The Administration MP, Inc.",WFLE,Brenden Murray,318,Brenden Murray,318,Earn Yo Keep,6960,Beard/Murray,ASCAP,ASCA,Performance,02,25,0.51,50,85,318,85,0.22,F,0,0,10/2017,12/2017,USA,USA,,0,,USD,2208,15565
"The Administration MP, Inc.",WFLE,Brenden Murray,318,Brenden Murray,318,For The Bro s,9307,Murray/Strong/Strong,Pandora,PAND,Mechanical,01,50,0.06,100,85,318,85,0.05,,484,0,07/2017,09/2017,USA,USA,,0,,USD,2202,1146
"The Administration MP, Inc.",WFLE,Brenden Murray,318,Brenden Murray,318,Got Yo Hoe,12363,Duwop Kaine/Murray,Youtube,YOUT,Youtube Digital Video,73,50,0.34,100,85,318,85,0.29,,3904,0,10/2017,12/2017,USA,USA,,0,,USD,2175,1730
"The Administration MP, Inc.",WFLE,Brenden Murray,318,Brenden Murray,318,Got Yo Hoe,12363,Duwop Kaine/Murray,Youtube,YOUT,Youtube Digital Video,73,50,0.1,100,85,318,85,0.09,,5018,0,09/2017,09/2017,USA,USA,,0,,USD,2174,1749
"The Administration MP, Inc.",WFLE,Brenden Murray,318,Brenden Murray,318,Got Yo Hoe,12363,Duwop Kaine/Murray,Youtube,YOUT,Youtube Digital Video,73,50,0.3,100,85,318,85,0.26,,6451,0,09/2017,09/2017,USA,USA,,0,,USD,2174,1748
"The Administration MP, Inc.",WFLE,Brenden Murray,318,Brenden Murray,318,Got Yo Hoe,12363,Duwop Kaine/Murray,Youtube,YOUT,Youtube Digital Video,73,50,0.19,100,85,318,85,0.16,,3050,0,11/2017,11/2017,USA,USA,,0,,USD,2176,2608
"The Administration MP, Inc.",WFLE,Brenden Murray,318,Brenden Murray,318,Gucci Gang,12356,Gazzy Garcia/Murray/Nealy,Youtube,YOUT,Youtube Digital Video,73,25,285.41,100,85,318,85,242.6,,1349509,0,11/2017,11/2017,USA,USA,,0,,USD,2176,2668
"The Administration MP, Inc.",WFLE,Brenden Murray,318,Brenden Murray,318,Gucci Gang,12356,Gazzy Garcia/Murray/Nealy,Youtube,YOUT,Youtube Digital Video,73,50,0.43,100,85,318,85,0.37,,324,0,11/2017,11/2017,USA,USA,,0,,USD,2176,2669
"The Administration MP, Inc.",WFLE,Brenden Murray,318,Brenden Murray,318,Gucci Gang,12356,Gazzy Garcia/Murray/Nealy,Legacy Productions Inc.,LEGA,Mechanical,01,100,4.56,100,85,318,85,3.88,,50,0,10/2017,10/2017,USA,USA,,0, ,USD,2137,1
"The Administration MP, Inc.",WFLE,Brenden Murray,318,Brenden Murray,318,Gucci Gang,12356,Gazzy Garcia/Murray/Nealy,Youtube,YOUT,Youtube Digital Video,73,50,1.39,100,85,318,85,1.18,,7087,0,09/2017,09/2017,USA,USA,,0,,USD,2174,1782
"The Administration MP, Inc.",WFLE,Brenden Murray,318,Brenden Murray,318,Gucci Gang,12356,Gazzy Garcia/Murray/Nealy,Youtube,YOUT,Youtube Digital Video,73,25,1343.37,100,85,318,85,1141.86,,9766442,0,10/2017,12/2017,USA,USA,,0,,USD,2175,1756
"The Administration MP, Inc.",WFLE,Brenden Murray,318,Brenden Murray,318,Gucci Gang,12356,Gazzy Garcia/Murray/Nealy,Youtube,YOUT,Youtube Digital Video,73,25,86.98,100,85,318,85,73.93,,510168,0,11/2017,11/2017,USA,USA,,0,,USD,2176,2666
"The Administration MP, Inc.",WFLE,Brenden Murray,318,Brenden Murray,318,Gucci Gang,12356,Gazzy Garcia/Murray/Nealy,Youtube,YOUT,Youtube Digital Video,73,50,0.11,100,85,318,85,0.09,,84,0,11/2017,11/2017,USA,USA,,0,,USD,2176,2674
"The Administration MP, Inc.",WFLE,Brenden Murray,318,Brenden Murray,318,Gucci Gang,12356,Gazzy Garcia/Murray/Nealy,Youtube,YOUT,Youtube Digital Video,73,25,59.21,100,85,318,85,50.33,,510059,0,11/2017,11/2017,USA,USA,,0,,USD,2176,2660
"The Administration MP, Inc.",WFLE,Brenden Murray,318,Brenden Murray,318,Gucci Gang,12356,Gazzy Garcia/Murray/Nealy,Youtube,YOUT,Youtube Digital Video,73,50,0.01,100,85,318,85,0.01,,8,0,11/2017,11/2017,USA,USA,,0,,USD,2176,2672
"The Administration MP, Inc.",WFLE,Brenden Murray,318,Brenden Murray,318,Gucci Gang,12356,Gazzy Garcia/Murray/Nealy,Youtube,YOUT,Youtube Digital Video,73,50,0.04,100,85,318,85,0.03,,28,0,11/2017,11/2017,USA,USA,,0,,USD,2176,2670
"The Administration MP, Inc.",WFLE,Brenden Murray,318,Brenden Murray,318,Gucci Gang,12356,Gazzy Garcia/Murray/Nealy,Youtube,YOUT,Youtube Digital Video,73,25,0.93,100,85,318,85,0.79,,43748,0,11/2017,11/2017,USA,USA,,0,,USD,2176,2664
"The Administration MP, Inc.",WFLE,Brenden Murray,318,Brenden Murray,318,Gucci Gang,12356,Gazzy Garcia/Murray/Nealy,Youtube,YOUT,Youtube Digital Video,73,25,506.46,100,85,318,85,430.49,,5243273,0,11/2017,11/2017,USA,USA,,0,,USD,2176,2661
"The Administration MP, Inc.",WFLE,Brenden Murray,318,Brenden Murray,318,Gucci Gang,12356,Gazzy Garcia/Murray/Nealy,Youtube,YOUT,Youtube Digital Video,73,25,598.2,100,85,318,85,508.47,,5264825,0,11/2017,11/2017,USA,USA,,0,,USD,2176,2662
"The Administration MP, Inc.",WFLE,Brenden Murray,318,Brenden Murray,318,Gucci Gang,12356,Gazzy Garcia/Murray/Nealy,Youtube,YOUT,Youtube Digital Video,73,50,0.17,100,85,318,85,0.14,,134,0,11/2017,11/2017,USA,USA,,0,,USD,2176,2673
"The Administration MP, Inc.",WFLE,Brenden Murray,318,Brenden Murray,318,Gucci Gang,12356,Gazzy Garcia/Murray/Nealy,Youtube,YOUT,Youtube Digital Video,73,25,411.42,100,85,318,85,349.71,,2684674,0,09/2017,09/2017,USA,USA,,0,,USD,2174,1781
"The Administration MP, Inc.",WFLE,Brenden Murray,318,Brenden Murray,318,Gucci Gang,12356,Gazzy Garcia/Murray/Nealy,Youtube,YOUT,Youtube Digital Video,73,25,100.28,100,85,318,85,85.24,,1118628,0,11/2017,11/2017,USA,USA,,0,,USD,2176,2663
"The Administration MP, Inc.",WFLE,Brenden Murray,318,Brenden Murray,318,Gucci Gang,12356,Gazzy Garcia/Murray/Nealy,Youtube,YOUT,Youtube Digital Video,73,0,0.04,100,85,318,85,0.03,,2110,0,10/2017,12/2017,USA,USA,,0,,USD,2175,1755
"The Administration MP, Inc.",WFLE,Brenden Murray,318,Brenden Murray,318,Gucci Gang,12356,Gazzy Garcia/Murray/Nealy,Youtube,YOUT,Youtube Digital Video,73,50,1.44,100,85,318,85,1.22,,951,0,10/2017,12/2017,USA,USA,,0,,USD,2175,1757
"The Administration MP, Inc.",WFLE,Brenden Murray,318,Brenden Murray,318,Gucci Gang,12356,Gazzy Garcia/Murray/Nealy,Youtube,YOUT,Youtube Digital Video,73,0,6.68,100,85,318,85,5.68,,132415,0,11/2017,11/2017,USA,USA,,0,,USD,2176,2667
"The Administration MP, Inc.",WFLE,Brenden Murray,318,Brenden Murray,318,Gucci Gang,12356,Gazzy Garcia/Murray/Nealy,Youtube,YOUT,Youtube Digital Video,73,25,2290.21,100,85,318,85,1946.68,,19123417,0,11/2017,11/2017,USA,USA,,0,,USD,2176,2665
"The Administration MP, Inc.",WFLE,Brenden Murray,318,Brenden Murray,318,Gucci Gang,12356,Gazzy Garcia/Murray/Nealy,Youtube,YOUT,Youtube Digital Video,73,50,1.92,100,85,318,85,1.63,,1397,0,11/2017,11/2017,USA,USA,,0,,USD,2176,2671
"The Administration MP, Inc.",WFLE,Brenden Murray,318,Brenden Murray,318,Hennessy,12377,Butler/Murray,Youtube,YOUT,Youtube Digital Video,73,50,1.61,100,85,318,85,1.37,,12330,0,11/2017,11/2017,USA,USA,,0,,USD,2176,2804
"The Administration MP, Inc.",WFLE,Brenden Murray,318,Brenden Murray,318,Hennessy,12377,Butler/Murray,Youtube,YOUT,Youtube Digital Video,73,50,0.17,100,85,318,85,0.14,,1084,0,11/2017,11/2017,USA,USA,,0,,USD,2176,2800
"The Administration MP, Inc.",WFLE,Brenden Murray,318,Brenden Murray,318,Hennessy,12377,Butler/Murray,Youtube,YOUT,Youtube Digital Video,73,50,0.34,100,85,318,85,0.29,,2877,0,11/2017,11/2017,USA,USA,,0,,USD,2176,2802
"The Administration MP, Inc.",WFLE,Brenden Murray,318,Brenden Murray,318,Hennessy,12377,Butler/Murray,Youtube,YOUT,Youtube Digital Video,73,50,2.33,100,85,318,85,1.98,,15662,0,09/2017,09/2017,USA,USA,,0,,USD,2174,1861
"The Administration MP, Inc.",WFLE,Brenden Murray,318,Brenden Murray,318,Hennessy,12377,Butler/Murray,Youtube,YOUT,Youtube Digital Video,73,50,0.28,100,85,318,85,0.24,,2990,0,11/2017,11/2017,USA,USA,,0,,USD,2176,2803
"The Administration MP, Inc.",WFLE,Brenden Murray,318,Brenden Murray,318,Hennessy,12377,Butler/Murray,Youtube,YOUT,Youtube Digital Video,73,50,2.1,100,85,318,85,1.79,,15415,0,10/2017,12/2017,USA,USA,,0,,USD,2175,1850
"The Administration MP, Inc.",WFLE,Brenden Murray,318,Brenden Murray,318,Hennessy,12377,Butler/Murray,Youtube,YOUT,Youtube Digital Video,73,50,0.03,100,85,318,85,0.03,,351,0,11/2017,11/2017,USA,USA,,0,,USD,2176,2801
"The Administration MP, Inc.",WFLE,Brenden Murray,318,Brenden Murray,318,Houdini,12357,Murray/Davis/Pineiro/Composer Unknown,Youtube,YOUT,Youtube Digital Video,73,25,0.04,100,85,318,85,0.03,,400,0,11/2017,11/2017,USA,USA,,0,,USD,2176,2933
"The Administration MP, Inc.",WFLE,Brenden Murray,318,Brenden Murray,318,I Care,14465,Murray/Unknown,Youtube,YOUT,Youtube Digital Video,73,25,0.01,100,85,318,85,0.01,,155,0,11/2017,11/2017,USA,USA,,0,,USD,2176,3020
"The Administration MP, Inc.",WFLE,Brenden Murray,318,Brenden Murray,318,I Care,14465,Murray/Unknown,Youtube,YOUT,Youtube Digital Video,73,0,4.56,100,85,318,85,3.88,,12421,0,11/2017,11/2017,USA,USA,,0,,USD,2176,3022
"The Administration MP, Inc.",WFLE,Brenden Murray,318,Brenden Murray,318,I Care,14465,Murray/Unknown,Youtube,YOUT,Youtube Digital Video,73,25,17.52,100,85,318,85,14.89,,33273,0,10/2017,12/2017,USA,USA,,0,,USD,2175,2008
"The Administration MP, Inc.",WFLE,Brenden Murray,318,Brenden Murray,318,I Care,14465,Murray/Unknown,Youtube,YOUT,Youtube Digital Video,73,25,0.01,100,85,318,85,0.01,,64,0,11/2017,11/2017,USA,USA,,0,,USD,2176,3021
"The Administration MP, Inc.",WFLE,Brenden Murray,318,Brenden Murray,318,I Care,14465,Murray/Unknown,Youtube,YOUT,Youtube Digital Video,73,25,27.55,100,85,318,85,23.42,,59615,0,11/2017,11/2017,USA,USA,,0,,USD,2176,3023
"The Administration MP, Inc.",WFLE,Brenden Murray,318,Brenden Murray,318,I Remember,12389,Butler/Murray,Youtube,YOUT,Youtube Digital Video,73,50,0.41,100,85,318,85,0.35,,4152,0,10/2017,12/2017,USA,USA,,0,,USD,2175,2067
"The Administration MP, Inc.",WFLE,Brenden Murray,318,Brenden Murray,318,I Remember,12389,Butler/Murray,Youtube,YOUT,Youtube Digital Video,73,50,0.4,100,85,318,85,0.34,,2143,0,09/2017,09/2017,USA,USA,,0,,USD,2174,2082
"The Administration MP, Inc.",WFLE,Brenden Murray,318,Brenden Murray,318,I Remember,12389,Butler/Murray,Youtube,YOUT,Youtube Digital Video,73,50,0.47,100,85,318,85,0.4,,3325,0,11/2017,11/2017,USA,USA,,0,,USD,2176,3139
"The Administration MP, Inc.",WFLE,Brenden Murray,318,Brenden Murray,318,I'm Rude,14017,,Youtube,YOUT,Youtube Digital Video,73,50,3.01,100,85,318,85,2.56,,20689,0,10/2017,12/2017,USA,USA,,0,,USD,2175,2109
"The Administration MP, Inc.",WFLE,Brenden Murray,318,Brenden Murray,318,I'm Rude,14017,,Youtube,YOUT,Youtube Digital Video,73,50,2.04,100,85,318,85,1.73,,16839,0,09/2017,09/2017,USA,USA,,0,,USD,2174,2114
"The Administration MP, Inc.",WFLE,Brenden Murray,318,Brenden Murray,318,I'm Rude,14017,,Youtube,YOUT,Youtube Digital Video,73,50,0.06,100,85,318,85,0.05,,7504,0,10/2017,12/2017,USA,USA,,0,,USD,2175,2165
"The Administration MP, Inc.",WFLE,Brenden Murray,318,Brenden Murray,318,I'm Rude,14017,,Youtube,YOUT,Youtube Digital Video,73,50,5.68,100,85,318,85,4.83,,28933,0,11/2017,11/2017,USA,USA,,0,,USD,2176,3200
"The Administration MP, Inc.",WFLE,Brenden Murray,318,Brenden Murray,318,Iceland,12362,Murray/Travis,Youtube,YOUT,Youtube Digital Video,73,50,1.29,100,85,318,85,1.1,,7572,0,10/2017,12/2017,USA,USA,,0,,USD,2175,2134
"The Administration MP, Inc.",WFLE,Brenden Murray,318,Brenden Murray,318,Iceland,12362,Murray/Travis,Youtube,YOUT,Youtube Digital Video,73,50,1.31,100,85,318,85,1.11,,6780,0,11/2017,11/2017,USA,USA,,0,,USD,2176,3228
"The Administration MP, Inc.",WFLE,Brenden Murray,318,Brenden Murray,318,Iceland,12362,Murray/Travis,Youtube,YOUT,Youtube Digital Video,73,50,11.61,100,85,318,85,9.87,,107392,0,09/2017,09/2017,USA,USA,,0,,USD,2174,2130
"The Administration MP, Inc.",WFLE,Brenden Murray,318,Brenden Murray,318,Iceland,12362,Murray/Travis,Youtube,YOUT,Youtube Digital Video,73,50,1.37,100,85,318,85,1.16,,8094,0,09/2017,09/2017,USA,USA,,0,,USD,2174,2129
"The Administration MP, Inc.",WFLE,Brenden Murray,318,Brenden Murray,318,Im the Man,12361,Bay Swag/Murray,Youtube,YOUT,Youtube Digital Video,73,50,0.03,100,85,318,85,0.03,,18,0,09/2017,09/2017,USA,USA,,0,,USD,2174,2168
"The Administration MP, Inc.",WFLE,Brenden Murray,318,Brenden Murray,318,Im the Man,12361,Bay Swag/Murray,Youtube,YOUT,Youtube Digital Video,73,50,0.03,100,85,318,85,0.03,,308,0,11/2017,11/2017,USA,USA,,0,,USD,2176,3274
"The Administration MP, Inc.",WFLE,Brenden Murray,318,Brenden Murray,318,Im the Man,12361,Bay Swag/Murray,Youtube,YOUT,Youtube Digital Video,73,50,0.01,100,85,318,85,0.01,,60,0,11/2017,11/2017,USA,USA,,0,,USD,2176,3272
"The Administration MP, Inc.",WFLE,Brenden Murray,318,Brenden Murray,318,Im the Man,12361,Bay Swag/Murray,Youtube,YOUT,Youtube Digital Video,73,50,0.02,100,85,318,85,0.02,,107,0,10/2017,12/2017,USA,USA,,0,,USD,2175,2166
"The Administration MP, Inc.",WFLE,Brenden Murray,318,Brenden Murray,318,In The Trap,12372,Lil Flash/Murray,Youtube,YOUT,Youtube Digital Video,73,50,15.66,100,85,318,85,13.31,,175182,0,09/2017,09/2017,USA,USA,,0,,USD,2174,2190
"The Administration MP, Inc.",WFLE,Brenden Murray,318,Brenden Murray,318,In The Trap,12372,Lil Flash/Murray,Youtube,YOUT,Youtube Digital Video,73,50,0.29,100,85,318,85,0.25,,1261,0,11/2017,11/2017,USA,USA,,0,,USD,2176,3300
"The Administration MP, Inc.",WFLE,Brenden Murray,318,Brenden Murray,318,In The Trap,12372,Lil Flash/Murray,Youtube,YOUT,Youtube Digital Video,73,50,14.11,100,85,318,85,11.99,,102138,0,10/2017,12/2017,USA,USA,,0,,USD,2175,2189
"The Administration MP, Inc.",WFLE,Brenden Murray,318,Brenden Murray,318,In The Trap,12372,Lil Flash/Murray,Youtube,YOUT,Youtube Digital Video,73,50,1.46,100,85,318,85,1.24,,8906,0,11/2017,11/2017,USA,USA,,0,,USD,2176,3303
"The Administration MP, Inc.",WFLE,Brenden Murray,318,Brenden Murray,318,In The Trap,12372,Lil Flash/Murray,Youtube,YOUT,Youtube Digital Video,73,50,1.79,100,85,318,85,1.52,,11154,0,11/2017,11/2017,USA,USA,,0,,USD,2176,3302
"The Administration MP, Inc.",WFLE,Brenden Murray,318,Brenden Murray,318,In The Trap,12372,Lil Flash/Murray,Youtube,YOUT,Youtube Digital Video,73,50,0.01,100,85,318,85,0.01,,7,0,11/2017,11/2017,USA,USA,,0,,USD,2176,3299
"The Administration MP, Inc.",WFLE,Brenden Murray,318,Brenden Murray,318,In The Trap,12372,Lil Flash/Murray,Youtube,YOUT,Youtube Digital Video,73,50,4.82,100,85,318,85,4.1,,25183,0,11/2017,11/2017,USA,USA,,0,,USD,2176,3301
"The Administration MP, Inc.",WFLE,Brenden Murray,318,Brenden Murray,318,Jealousy,12379,Butler/Murray,Youtube,YOUT,Youtube Digital Video,73,50,0.24,100,85,318,85,0.2,,2745,0,09/2017,09/2017,USA,USA,,0,,USD,2174,2247
"The Administration MP, Inc.",WFLE,Brenden Murray,318,Brenden Murray,318,Jealousy,12379,Butler/Murray,Youtube,YOUT,Youtube Digital Video,73,50,0.92,100,85,318,85,0.78,,17007,0,10/2017,12/2017,USA,USA,,0,,USD,2175,2258
"The Administration MP, Inc.",WFLE,Brenden Murray,318,Brenden Murray,318,Jealousy,12379,Butler/Murray,Youtube,YOUT,Youtube Digital Video,73,50,2.05,100,85,318,85,1.74,,9488,0,11/2017,11/2017,USA,USA,,0,,USD,2176,3401
"The Administration MP, Inc.",WFLE,Brenden Murray,318,Brenden Murray,318,Jump Off,12395,Butler/Murray,Youtube,YOUT,Youtube Digital Video,73,16.67,0.01,100,85,318,85,0.01,,17,0,10/2017,12/2017,USA,USA,,0,,USD,2175,2273
"The Administration MP, Inc.",WFLE,Brenden Murray,318,Brenden Murray,318,Jump Off,12395,Butler/Murray,Youtube,YOUT,Youtube Digital Video,73,16.67,0.02,100,85,318,85,0.02,,399,0,11/2017,11/2017,USA,USA,,0,,USD,2176,3422
"The Administration MP, Inc.",WFLE,Brenden Murray,318,Brenden Murray,318,KYRIE IRVING,8511,Adams/Bates/Murray,Amazon Unlimited,AMA3,Mechanical,01,25,0.29,50,85,318,85,0.12,,1332,0,07/2017,09/2017,USA,USA,,0,,USD,2232,1752
"The Administration MP, Inc.",WFLE,Brenden Murray,318,Brenden Murray,318,KYRIE IRVING,8511,Adams/Bates/Murray,Apple Music,APP3,Mechanical,01,25,0.06,50,85,318,85,0.03,,972,0,09/2017,03/2017,USA,USA,,0,,USD,2134,3705
"The Administration MP, Inc.",WFLE,Brenden Murray,318,Brenden Murray,318,KYRIE IRVING,8511,Adams/Bates/Murray,Deezer,DEEZ,Mechanical,01,25,0.04,50,85,318,85,0.02,USLZJ1640189,21,0,02/2015,09/2016,USA,USA,,0,,USD,2195,42
"The Administration MP, Inc.",WFLE,Brenden Murray,318,Brenden Murray,318,KYRIE IRVING,8511,Adams/Bates/Murray,Genius Media Group,GENI,Mechanical,01,25,1.02,50,85,318,85,0.43,,7839,0,10/2016,12/2016,USA,USA,,0,:,USD,2187,1688
"The Administration MP, Inc.",WFLE,Brenden Murray,318,Brenden Murray,318,KYRIE IRVING,8511,Adams/Bates/Murray,Spotify,SPOT,Mechanical,01,25,5.95,50,85,318,85,2.53,,52399,0,07/2017,09/2017,USA,USA,,0,,USD,2136,3771
"The Administration MP, Inc.",WFLE,Brenden Murray,318,Brenden Murray,318,KYRIE IRVING,8511,Adams/Bates/Murray,Taiyo,TAIY,Mechanical,01,90,0.49,50,75,318,83.333,0.2,,0,0,10/2017,12/2017,Japan,JAPA,,0,,USD,2171,1036
"The Administration MP, Inc.",WFLE,Brenden Murray,318,Brenden Murray,318,KYRIE IRVING,8511,Adams/Bates/Murray,Taiyo,TAIY,Performance,02,90,0.06,50,75,318,83.333,0.03,,0,0,10/2017,12/2017,Japan,JAPA,,0,,USD,2171,1037
"The Administration MP, Inc.",WFLE,Brenden Murray,318,Brenden Murray,318,KYRIE IRVING,8511,Adams/Bates/Murray,Youtube,YOUT,Youtube Digital Video,73,50,0.5,50,85,318,85,0.21,,2959,0,11/2017,11/2017,USA,USA,,0,,USD,2176,3532
"The Administration MP, Inc.",WFLE,Brenden Murray,318,Brenden Murray,318,KYRIE IRVING,8511,Adams/Bates/Murray,Ami Entertainment,AMIE,Mechanical,01,25,0.02,50,85,318,85,0.01,Lil Cray,14,0,07/2017,09/2017,USA,USA,,0,,USD,2231,687
"The Administration MP, Inc.",WFLE,Brenden Murray,318,Brenden Murray,318,KYRIE IRVING,8511,Adams/Bates/Murray,Apple Music,APP3,Mechanical,01,25,11.1,50,85,318,85,4.72,,51908,0,09/2017,03/2017,USA,USA,,0,,USD,2134,3708
"The Administration MP, Inc.",WFLE,Brenden Murray,318,Brenden Murray,318,KYRIE IRVING,8511,Adams/Bates/Murray,Genius Media Group,GENI,Mechanical,01,25,0.64,50,85,318,85,0.27,,4414,0,01/2017,03/2017,USA,USA,,0,:,USD,2187,1686
"The Administration MP, Inc.",WFLE,Brenden Murray,318,Brenden Murray,318,KYRIE IRVING,8511,Adams/Bates/Murray,Genius Media Group,GENI,Mechanical,01,25,0.31,50,85,318,85,0.13,,2199,0,07/2016,09/2016,USA,USA,,0,:,USD,2179,684
"The Administration MP, Inc.",WFLE,Brenden Murray,318,Brenden Murray,318,KYRIE IRVING,8511,Adams/Bates/Murray,Rhapsody,RHAP,Mechanical,01,25,0.02,50,85,318,85,0.01,,104,0,01/2017,03/2017,USA,USA,,0,,USD,2117,14531
"The Administration MP, Inc.",WFLE,Brenden Murray,318,Brenden Murray,318,KYRIE IRVING,8511,Adams/Bates/Murray,Rhapsody,RHAP,Mechanical,01,25,0.02,50,85,318,85,0.01,,104,0,01/2017,03/2017,USA,USA,,0,,USD,2117,14537
"The Administration MP, Inc.",WFLE,Brenden Murray,318,Brenden Murray,318,KYRIE IRVING,8511,Adams/Bates/Murray,Spotify,SPOT,Mechanical,01,25,0.22,50,85,318,85,0.09,,2020,0,07/2017,09/2017,USA,USA,,0,,USD,2136,3770
"The Administration MP, Inc.",WFLE,Brenden Murray,318,Brenden Murray,318,KYRIE IRVING,8511,Adams/Bates/Murray,Tidal,TIDA,Mechanical,01,25,0.06,50,85,318,85,0.03,USLZJ1640190,62,0,01/2017,03/2017,USA,USA,,0,,USD,2194,1857
"The Administration MP, Inc.",WFLE,Brenden Murray,318,Brenden Murray,318,KYRIE IRVING,8511,Adams/Bates/Murray,Youtube,YOUT,Youtube Digital Video,73,50,2.82,50,85,318,85,1.2,,24937,0,09/2017,09/2017,USA,USA,,0,,USD,2174,2343
"The Administration MP, Inc.",WFLE,Brenden Murray,318,Brenden Murray,318,KYRIE IRVING,8511,Adams/Bates/Murray,Youtube,YOUT,Youtube Digital Video,73,50,2.47,50,85,318,85,1.05,,20027,0,11/2017,11/2017,USA,USA,,0,,USD,2176,3531
"The Administration MP, Inc.",WFLE,Brenden Murray,318,Brenden Murray,318,KYRIE IRVING,8511,Adams/Bates/Murray,Apple Music,APP3,Mechanical,01,25,61.8,50,85,318,85,26.27,USKO11600051,287327,0,09/2017,12/2017,USA,USA,,0,:,USD,2119,481
"The Administration MP, Inc.",WFLE,Brenden Murray,318,Brenden Murray,318,KYRIE IRVING,8511,Adams/Bates/Murray,Genius Media Group,GENI,Mechanical,01,25,0.64,50,85,318,85,0.27,,4414,0,01/2017,03/2017,USA,USA,,0,:,USD,2187,1685
"The Administration MP, Inc.",WFLE,Brenden Murray,318,Brenden Murray,318,KYRIE IRVING,8511,Adams/Bates/Murray,Groove Music,GRO1,Mechanical,01,25,0.09,50,85,318,85,0.04,USKO11600051,26,0,04/2017,09/2017,USA,USA,,0,,USD,2201,1837
"The Administration MP, Inc.",WFLE,Brenden Murray,318,Brenden Murray,318,KYRIE IRVING,8511,Adams/Bates/Murray,Pandora,PAND,Mechanical,01,25,0.26,50,85,318,85,0.11,USLZJ1640189,4766,0,07/2017,09/2017,USA,USA,,0,,USD,2202,1912
"The Administration MP, Inc.",WFLE,Brenden Murray,318,Brenden Murray,318,KYRIE IRVING,8511,Adams/Bates/Murray,SoundCloud,SOU1,Mechanical,01,25,52.65,50,85,318,85,22.38,QZ3NU1626033,1137142,0,01/2017,03/2017,USA,USA,,0,,USD,2199,511
"The Administration MP, Inc.",WFLE,Brenden Murray,318,Brenden Murray,318,KYRIE IRVING,8511,Adams/Bates/Murray,SoundCloud,SOU1,Mechanical,01,25,0.04,50,85,318,85,0.02,USKO11600051,466,0,01/2017,03/2017,USA,USA,,0,,USD,2199,512
"The Administration MP, Inc.",WFLE,Brenden Murray,318,Brenden Murray,318,KYRIE IRVING,8511,Adams/Bates/Murray,Spotify,SPOT,Mechanical,01,25,0.22,50,85,318,85,0.09,,2020,0,07/2017,09/2017,USA,USA,,0,,USD,2136,3772
"The Administration MP, Inc.",WFLE,Brenden Murray,318,Brenden Murray,318,KYRIE IRVING,8511,Adams/Bates/Murray,Youtube,YOUT,Youtube Digital Video,73,50,2.44,50,85,318,85,1.04,,22272,0,10/2017,12/2017,USA,USA,,0,,USD,2175,2347
"The Administration MP, Inc.",WFLE,Brenden Murray,318,Brenden Murray,318,KYRIE IRVING,8511,Adams/Bates/Murray,Apple Music,APP3,Mechanical,01,25,0.14,50,85,318,85,0.06,,837,0,09/2017,03/2017,USA,USA,,0,,USD,2134,3711
"The Administration MP, Inc.",WFLE,Brenden Murray,318,Brenden Murray,318,KYRIE IRVING,8511,Adams/Bates/Murray,Deezer,DEEZ,Mechanical,01,25,0.11,50,85,318,85,0.05,USKO11600051,59,0,02/2015,09/2016,USA,USA,,0,,USD,2195,40
"The Administration MP, Inc.",WFLE,Brenden Murray,318,Brenden Murray,318,KYRIE IRVING,8511,Adams/Bates/Murray,Rhapsody,RHAP,Mechanical,01,25,0.63,50,85,318,85,0.27,,2446,0,01/2017,03/2017,USA,USA,,0,,USD,2117,14529
"The Administration MP, Inc.",WFLE,Brenden Murray,318,Brenden Murray,318,KYRIE IRVING,8511,Adams/Bates/Murray,Spotify,SPOT,Mechanical,01,25,5.95,50,85,318,85,2.53,,52399,0,07/2017,09/2017,USA,USA,,0,,USD,2136,3773
"The Administration MP, Inc.",WFLE,Brenden Murray,318,Brenden Murray,318,KYRIE IRVING,8511,Adams/Bates/Murray,Apple Music,APP3,Mechanical,01,25,0.14,50,85,318,85,0.06,,837,0,09/2017,03/2017,USA,USA,,0,,USD,2134,3707
"The Administration MP, Inc.",WFLE,Brenden Murray,318,Brenden Murray,318,KYRIE IRVING,8511,Adams/Bates/Murray,Apple Music,APP3,Mechanical,01,25,11.1,50,85,318,85,4.72,,51908,0,09/2017,03/2017,USA,USA,,0,,USD,2134,3712
"The Administration MP, Inc.",WFLE,Brenden Murray,318,Brenden Murray,318,KYRIE IRVING,8511,Adams/Bates/Murray,Rhapsody,RHAP,Mechanical,01,25,0.63,50,85,318,85,0.27,,2446,0,01/2017,03/2017,USA,USA,,0,,USD,2117,14535
"The Administration MP, Inc.",WFLE,Brenden Murray,318,Brenden Murray,318,KYRIE IRVING,8511,Adams/Bates/Murray,Taiyo,TAIY,Performance,02,90,0.42,50,75,318,83.333,0.17,,0,0,10/2017,12/2017,Japan,JAPA,,0,,USD,2171,1038
"The Administration MP, Inc.",WFLE,Brenden Murray,318,Brenden Murray,318,KYRIE IRVING,8511,Adams/Bates/Murray,Tidal,TIDA,Mechanical,01,25,0.2,50,85,318,85,0.09,USKO11600051,222,0,01/2017,03/2017,USA,USA,,0,,USD,2194,1855
"The Administration MP, Inc.",WFLE,Brenden Murray,318,Brenden Murray,318,KYRIE IRVING,8511,Adams/Bates/Murray,Tidal,TIDA,Mechanical,01,25,0.02,50,85,318,85,0.01,USLZJ1640191,26,0,01/2017,03/2017,USA,USA,,0,,USD,2194,1858
"The Administration MP, Inc.",WFLE,Brenden Murray,318,Brenden Murray,318,KYRIE IRVING,8511,Adams/Bates/Murray,Apple Music,APP3,Mechanical,01,25,0.06,50,85,318,85,0.03,,972,0,09/2017,03/2017,USA,USA,,0,,USD,2134,3709
"The Administration MP, Inc.",WFLE,Brenden Murray,318,Brenden Murray,318,KYRIE IRVING,8511,Adams/Bates/Murray,Apple Music,APP3,Mechanical,01,25,61.8,50,85,318,85,26.27,USKO11600051,287327,0,09/2017,12/2017,USA,USA,,0,:,USD,2119,480
"The Administration MP, Inc.",WFLE,Brenden Murray,318,Brenden Murray,318,KYRIE IRVING,8511,Adams/Bates/Murray,Deezer,DEEZ,Mechanical,01,25,0.06,50,85,318,85,0.03,USLZJ1640190,34,0,02/2015,09/2016,USA,USA,,0,,USD,2195,41
"The Administration MP, Inc.",WFLE,Brenden Murray,318,Brenden Murray,318,KYRIE IRVING,8511,Adams/Bates/Murray,Genius Media Group,GENI,Mechanical,01,25,0.31,50,85,318,85,0.13,,2199,0,07/2016,09/2016,USA,USA,,0,:,USD,2179,685
"The Administration MP, Inc.",WFLE,Brenden Murray,318,Brenden Murray,318,KYRIE IRVING,8511,Adams/Bates/Murray,Genius Media Group,GENI,Mechanical,01,25,1.02,50,85,318,85,0.43,,7839,0,10/2016,12/2016,USA,USA,,0,:,USD,2187,1687
"The Administration MP, Inc.",WFLE,Brenden Murray,318,Brenden Murray,318,KYRIE IRVING,8511,Adams/Bates/Murray,Pandora,PAND,Mechanical,01,25,0.02,50,85,318,85,0.01,USLZJ1640191,378,0,07/2017,09/2017,USA,USA,,0,,USD,2202,1914
"The Administration MP, Inc.",WFLE,Brenden Murray,318,Brenden Murray,318,KYRIE IRVING,8511,Adams/Bates/Murray,Taiyo,TAIY,Mechanical,01,90,0.04,50,75,318,83.333,0.02,,0,0,10/2017,12/2017,Japan,JAPA,,0,,USD,2171,1035
"The Administration MP, Inc.",WFLE,Brenden Murray,318,Brenden Murray,318,KYRIE IRVING,8511,Adams/Bates/Murray,Tidal,TIDA,Mechanical,01,25,0.54,50,85,318,85,0.23,USLZJ1640189,596,0,01/2017,03/2017,USA,USA,,0,,USD,2194,1856
"The Administration MP, Inc.",WFLE,Brenden Murray,318,Brenden Murray,318,Kyrie Irving Remix,8787,Adams/Baker/Bates/Murray,Youtube,YOUT,Youtube Digital Video,73,50,1.65,50,85,318,85,0.7,,4879,0,09/2017,09/2017,USA,USA,,0,,USD,2174,2344
"The Administration MP, Inc.",WFLE,Brenden Murray,318,Brenden Murray,318,Kyrie Irving Remix,8787,Adams/Baker/Bates/Murray,Youtube,YOUT,Youtube Digital Video,73,50,1.25,50,85,318,85,0.53,,4885,0,11/2017,11/2017,USA,USA,,0,,USD,2176,3534
"The Administration MP, Inc.",WFLE,Brenden Murray,318,Brenden Murray,318,Kyrie Irving Remix,8787,Adams/Baker/Bates/Murray,Youtube,YOUT,Youtube Digital Video,73,50,1.32,50,85,318,85,0.56,,4957,0,10/2017,12/2017,USA,USA,,0,,USD,2175,2348
"The Administration MP, Inc.",WFLE,Brenden Murray,318,Brenden Murray,318,Like A Glock,12386,Butler/Gore Jr./Murray,Youtube,YOUT,Youtube Digital Video,73,50,1.26,100,85,318,85,1.07,,9277,0,10/2017,12/2017,USA,USA,,0,,USD,2175,2445
"The Administration MP, Inc.",WFLE,Brenden Murray,318,Brenden Murray,318,Like A Glock,12386,Butler/Gore Jr./Murray,Youtube,YOUT,Youtube Digital Video,73,50,1.12,100,85,318,85,0.95,,8146,0,09/2017,09/2017,USA,USA,,0,,USD,2174,2451
"The Administration MP, Inc.",WFLE,Brenden Murray,318,Brenden Murray,318,Like A Glock,12386,Butler/Gore Jr./Murray,Youtube,YOUT,Youtube Digital Video,73,50,0.44,100,85,318,85,0.37,,30071,0,09/2017,09/2017,USA,USA,,0,,USD,2174,2452
"The Administration MP, Inc.",WFLE,Brenden Murray,318,Brenden Murray,318,Like A Glock,12386,Butler/Gore Jr./Murray,Youtube,YOUT,Youtube Digital Video,73,50,2.37,100,85,318,85,2.01,,13817,0,11/2017,11/2017,USA,USA,,0,,USD,2176,3702
"The Administration MP, Inc.",WFLE,Brenden Murray,318,Brenden Murray,318,Molly,14080,Gazzy Garcia/Murray/Spence Jr,Youtube,YOUT,Youtube Digital Video,73,25,2.75,100,85,318,85,2.34,,41251,0,11/2017,11/2017,USA,USA,,0,,USD,2176,4054
"The Administration MP, Inc.",WFLE,Brenden Murray,318,Brenden Murray,318,Molly,14080,Gazzy Garcia/Murray/Spence Jr,Youtube,YOUT,Youtube Digital Video,73,25,39.6,100,85,318,85,33.66,,637229,0,11/2017,11/2017,USA,USA,,0,,USD,2176,4055
"The Administration MP, Inc.",WFLE,Brenden Murray,318,Brenden Murray,318,Molly,14080,Gazzy Garcia/Murray/Spence Jr,Youtube,YOUT,Youtube Digital Video,73,25,6.01,100,85,318,85,5.11,,81982,0,11/2017,11/2017,USA,USA,,0,,USD,2176,4052
"The Administration MP, Inc.",WFLE,Brenden Murray,318,Brenden Murray,318,Molly,14080,Gazzy Garcia/Murray/Spence Jr,Youtube,YOUT,Youtube Digital Video,73,25,15.61,100,85,318,85,13.27,,240868,0,11/2017,11/2017,USA,USA,,0,,USD,2176,4053
"The Administration MP, Inc.",WFLE,Brenden Murray,318,Brenden Murray,318,Molly,14080,Gazzy Garcia/Murray/Spence Jr,Youtube,YOUT,Youtube Digital Video,73,0,0.05,100,85,318,85,0.04,,3001,0,09/2017,09/2017,USA,USA,,0,,USD,2174,2666
"The Administration MP, Inc.",WFLE,Brenden Murray,318,Brenden Murray,318,Molly,14080,Gazzy Garcia/Murray/Spence Jr,Youtube,YOUT,Youtube Digital Video,73,0,0.01,100,85,318,85,0.01,,66,0,10/2017,12/2017,USA,USA,,0,,USD,2175,2674
"The Administration MP, Inc.",WFLE,Brenden Murray,318,Brenden Murray,318,Molly,14080,Gazzy Garcia/Murray/Spence Jr,Youtube,YOUT,Youtube Digital Video,73,25,2.75,100,85,318,85,2.34,,4148,0,11/2017,11/2017,USA,USA,,0,,USD,2176,4057
"The Administration MP, Inc.",WFLE,Brenden Murray,318,Brenden Murray,318,Molly,14080,Gazzy Garcia/Murray/Spence Jr,Youtube,YOUT,Youtube Digital Video,73,25,285.87,100,85,318,85,242.99,,2945983,0,09/2017,09/2017,USA,USA,,0,,USD,2174,2667
"The Administration MP, Inc.",WFLE,Brenden Murray,318,Brenden Murray,318,Molly,14080,Gazzy Garcia/Murray/Spence Jr,Youtube,YOUT,Youtube Digital Video,73,25,195.39,100,85,318,85,166.08,,2419366,0,10/2017,12/2017,USA,USA,,0,,USD,2175,2675
"The Administration MP, Inc.",WFLE,Brenden Murray,318,Brenden Murray,318,Molly,14080,Gazzy Garcia/Murray/Spence Jr,Youtube,YOUT,Youtube Digital Video,73,0,0.16,100,85,318,85,0.14,,2262,0,11/2017,11/2017,USA,USA,,0,,USD,2176,4056
"The Administration MP, Inc.",WFLE,Brenden Murray,318,Brenden Murray,318,Molly,14080,Gazzy Garcia/Murray/Spence Jr,Youtube,YOUT,Youtube Digital Video,73,25,0.2,100,85,318,85,0.17,,137,0,11/2017,11/2017,USA,USA,,0,,USD,2176,4051
"The Administration MP, Inc.",WFLE,Brenden Murray,318,Brenden Murray,318,Never Eat Never Sleep,12373,Ahr/Butler/Murray,Youtube,YOUT,Youtube Digital Video,73,50,0.01,100,85,318,85,0.01,,478,0,11/2017,11/2017,USA,USA,,0,,USD,2176,259
"The Administration MP, Inc.",WFLE,Brenden Murray,318,Brenden Murray,318,Never Eat Never Sleep,12373,Ahr/Butler/Murray,Youtube,YOUT,Youtube Digital Video,73,50,0.25,100,85,318,85,0.21,,7547,0,11/2017,11/2017,USA,USA,,0,,USD,2176,4281
"The Administration MP, Inc.",WFLE,Brenden Murray,318,Brenden Murray,318,Never Eat Never Sleep,12373,Ahr/Butler/Murray,Youtube,YOUT,Youtube Digital Video,73,50,1.18,100,85,318,85,1,,15209,0,11/2017,11/2017,USA,USA,,0,,USD,2176,4279
"The Administration MP, Inc.",WFLE,Brenden Murray,318,Brenden Murray,318,Never Eat Never Sleep,12373,Ahr/Butler/Murray,Youtube,YOUT,Youtube Digital Video,73,50,3.88,100,85,318,85,3.3,,35314,0,11/2017,11/2017,USA,USA,,0,,USD,2176,4282
"The Administration MP, Inc.",WFLE,Brenden Murray,318,Brenden Murray,318,Never Eat Never Sleep,12373,Ahr/Butler/Murray,Youtube,YOUT,Youtube Digital Video,73,50,0.18,100,85,318,85,0.15,,1754,0,09/2017,09/2017,USA,USA,,0,,USD,2174,2788
"The Administration MP, Inc.",WFLE,Brenden Murray,318,Brenden Murray,318,Never Eat Never Sleep,12373,Ahr/Butler/Murray,Youtube,YOUT,Youtube Digital Video,73,50,0.07,100,85,318,85,0.06,,2246,0,11/2017,11/2017,USA,USA,,0,,USD,2176,260
"The Administration MP, Inc.",WFLE,Brenden Murray,318,Brenden Murray,318,Never Eat Never Sleep,12373,Ahr/Butler/Murray,Youtube,YOUT,Youtube Digital Video,73,50,0.24,100,85,318,85,0.2,,10503,0,11/2017,11/2017,USA,USA,,0,,USD,2176,4278
"The Administration MP, Inc.",WFLE,Brenden Murray,318,Brenden Murray,318,Never Eat Never Sleep,12373,Ahr/Butler/Murray,Youtube,YOUT,Youtube Digital Video,73,50,0.98,100,85,318,85,0.83,,9181,0,10/2017,12/2017,USA,USA,,0,,USD,2175,2801
"The Administration MP, Inc.",WFLE,Brenden Murray,318,Brenden Murray,318,Never Eat Never Sleep,12373,Ahr/Butler/Murray,Youtube,YOUT,Youtube Digital Video,73,50,0.01,100,85,318,85,0.01,,115,0,11/2017,11/2017,USA,USA,,0,,USD,2176,268
"The Administration MP, Inc.",WFLE,Brenden Murray,318,Brenden Murray,318,Never Eat Never Sleep,12373,Ahr/Butler/Murray,Youtube,YOUT,Youtube Digital Video,73,50,0.27,100,85,318,85,0.23,,1620,0,11/2017,11/2017,USA,USA,,0,,USD,2176,267
"The Administration MP, Inc.",WFLE,Brenden Murray,318,Brenden Murray,318,Never Eat Never Sleep,12373,Ahr/Butler/Murray,Youtube,YOUT,Youtube Digital Video,73,15,0.01,100,85,318,85,0.01,,671,0,11/2017,11/2017,USA,USA,,0,,USD,2176,4280
"The Administration MP, Inc.",WFLE,Brenden Murray,318,Brenden Murray,318,Never Eat Never Sleep,12373,Ahr/Butler/Murray,Youtube,YOUT,Youtube Digital Video,73,50,0.11,100,85,318,85,0.09,,610,0,11/2017,11/2017,USA,USA,,0,,USD,2176,4801
"The Administration MP, Inc.",WFLE,Brenden Murray,318,Brenden Murray,318,New Glock,9624,Murray/Gore Jr./Nealy,Youtube,YOUT,Youtube Digital Video,73,25,7.48,100,85,318,85,6.36,,92272,0,09/2017,09/2017,USA,USA,,0,,USD,2174,2801
"The Administration MP, Inc.",WFLE,Brenden Murray,318,Brenden Murray,318,New Glock,9624,Murray/Gore Jr./Nealy,Youtube,YOUT,Youtube Digital Video,73,25,5.72,100,85,318,85,4.86,,78371,0,11/2017,11/2017,USA,USA,,0,,USD,2176,4303
"The Administration MP, Inc.",WFLE,Brenden Murray,318,Brenden Murray,318,New Glock,9624,Murray/Gore Jr./Nealy,Youtube,YOUT,Youtube Digital Video,73,25,6.88,100,85,318,85,5.85,,101116,0,10/2017,12/2017,USA,USA,,0,,USD,2175,2814
"The Administration MP, Inc.",WFLE,Brenden Murray,318,Brenden Murray,318,OG Gas,8789,Adams/Murray/Roger/Way,Youtube,YOUT,Youtube Digital Video,73,50,0.08,50,85,318,85,0.03,,574,0,09/2017,09/2017,USA,USA,,0,,USD,2174,2937
"The Administration MP, Inc.",WFLE,Brenden Murray,318,Brenden Murray,318,OG Gas,8789,Adams/Murray/Roger/Way,Deezer,DEEZ,Mechanical,01,25,0.3,50,85,318,85,0.13,TCACD1541306,160,0,02/2015,09/2016,USA,USA,,0,,USD,2195,39
"The Administration MP, Inc.",WFLE,Brenden Murray,318,Brenden Murray,318,OG Gas,8789,Adams/Murray/Roger/Way,Amazon Unlimited,AMA3,Mechanical,01,25,0.02,50,85,318,85,0.01,,70,0,07/2017,09/2017,USA,USA,,0,,USD,2232,2253
"The Administration MP, Inc.",WFLE,Brenden Murray,318,Brenden Murray,318,OG Gas,8789,Adams/Murray/Roger/Way,Youtube,YOUT,Youtube Digital Video,73,50,0.07,50,85,318,85,0.03,,489,0,11/2017,11/2017,USA,USA,,0,,USD,2176,4486
"The Administration MP, Inc.",WFLE,Brenden Murray,318,Brenden Murray,318,OG Gas,8789,Adams/Murray/Roger/Way,Amazon Prime,AMA1,Performance,02,25,0.11,50,85,318,85,0.05,TC-ACD-15-41306,904,0,07/2017,09/2017,USA,USA,,0,,USD,2200,2346
"The Administration MP, Inc.",WFLE,Brenden Murray,318,Brenden Murray,318,OG Gas,8789,Adams/Murray/Roger/Way,Pandora,PAND,Mechanical,01,25,0.03,50,85,318,85,0.01,,474,0,07/2017,09/2017,USA,USA,,0,,USD,2202,2411
"The Administration MP, Inc.",WFLE,Brenden Murray,318,Brenden Murray,318,OG Gas,8789,Adams/Murray/Roger/Way,Youtube,YOUT,Youtube Digital Video,73,50,0.06,50,85,318,85,0.03,,415,0,10/2017,12/2017,USA,USA,,0,,USD,2175,2953
"The Administration MP, Inc.",WFLE,Brenden Murray,318,Brenden Murray,318,OG Gas,8789,Adams/Murray/Roger/Way,Amazon Prime,AMA1,Mechanical,01,25,0.12,50,85,318,85,0.05,TC-ACD-15-41306,948,0,07/2017,09/2017,USA,USA,,0,,USD,2200,2345
"The Administration MP, Inc.",WFLE,Brenden Murray,318,Brenden Murray,318,Oh,12387,Ahr/Butler/Murray,Youtube,YOUT,Youtube Digital Video,73,50,0.43,100,85,318,85,0.37,,2544,0,10/2017,12/2017,USA,USA,,0,,USD,2175,2956
"The Administration MP, Inc.",WFLE,Brenden Murray,318,Brenden Murray,318,Oh,12387,Ahr/Butler/Murray,Youtube,YOUT,Youtube Digital Video,73,50,0.47,100,85,318,85,0.4,,2364,0,11/2017,11/2017,USA,USA,,0,,USD,2176,4488
"The Administration MP, Inc.",WFLE,Brenden Murray,318,Brenden Murray,318,Oh,12387,Ahr/Butler/Murray,Youtube,YOUT,Youtube Digital Video,73,50,0.1,100,85,318,85,0.09,,2071,0,10/2017,12/2017,USA,USA,,0,,USD,2175,2955
"The Administration MP, Inc.",WFLE,Brenden Murray,318,Brenden Murray,318,Oh,12387,Ahr/Butler/Murray,Youtube,YOUT,Youtube Digital Video,73,50,0.29,100,85,318,85,0.25,,1006,0,09/2017,09/2017,USA,USA,,0,,USD,2174,2938
"The Administration MP, Inc.",WFLE,Brenden Murray,318,Brenden Murray,318,Oh,12387,Ahr/Butler/Murray,Youtube,YOUT,Youtube Digital Video,73,50,0.04,100,85,318,85,0.03,,751,0,10/2017,12/2017,USA,USA,,0,,USD,2175,188
"The Administration MP, Inc.",WFLE,Brenden Murray,318,Brenden Murray,318,Ok Dexter,9209,Murray/Gore Jr./12 Million,Apple Music,APP3,Mechanical,01,25,9.64,100,85,318,85,8.19,GBLLT1614544,42292,0,09/2017,12/2017,USA,USA,,0,:,USD,2119,644
"The Administration MP, Inc.",WFLE,Brenden Murray,318,Brenden Murray,318,Ok Dexter,9209,Murray/Gore Jr./12 Million,Apple Music,APP3,Mechanical,01,25,17.26,100,85,318,85,14.67,GBLLT1614544,78338,0,09/2017,12/2017,USA,USA,,0,:,USD,2119,645
"The Administration MP, Inc.",WFLE,Brenden Murray,318,Brenden Murray,318,Ok Dexter,9209,Murray/Gore Jr./12 Million,Tidal,TIDA,Mechanical,01,25,0.03,100,85,318,85,0.03,,152,0,02/2017,02/2017,USA,USA,,0,,USD,2127,9637
"The Administration MP, Inc.",WFLE,Brenden Murray,318,Brenden Murray,318,Ok Dexter,9209,Murray/Gore Jr./12 Million,Youtube,YOUT,Youtube Digital Video,73,0,0.01,100,85,318,85,0.01,,757,0,09/2017,09/2017,USA,USA,,0,,USD,2174,2947
"The Administration MP, Inc.",WFLE,Brenden Murray,318,Brenden Murray,318,Ok Dexter,9209,Murray/Gore Jr./12 Million,Apple Music,APP3,Mechanical,01,25,0.01,100,85,318,85,0.01,,199,0,09/2017,03/2017,USA,USA,,0,,USD,2134,4850
"The Administration MP, Inc.",WFLE,Brenden Murray,318,Brenden Murray,318,Ok Dexter,9209,Murray/Gore Jr./12 Million,Google Inc.,GOO2,Mechanical,01,25,0.02,100,85,318,85,0.02,,95,0,04/2017,06/2017,USA,USA,,0,,USD,2178,3801
"The Administration MP, Inc.",WFLE,Brenden Murray,318,Brenden Murray,318,Ok Dexter,9209,Murray/Gore Jr./12 Million,Google Inc.,GOO2,Mechanical,01,25,2.84,100,85,318,85,2.41,,9969,0,01/2017,03/2017,USA,USA,,0,,USD,2178,3800
"The Administration MP, Inc.",WFLE,Brenden Murray,318,Brenden Murray,318,Ok Dexter,9209,Murray/Gore Jr./12 Million,Youtube,YOUT,Youtube Digital Video,73,50,20.79,100,85,318,85,17.67,,172290,0,10/2017,12/2017,USA,USA,,0,,USD,2175,2968
"The Administration MP, Inc.",WFLE,Brenden Murray,318,Brenden Murray,318,Ok Dexter,9209,Murray/Gore Jr./12 Million,Tidal,TIDA,Mechanical,01,25,0.07,100,85,318,85,0.06,,322,0,01/2017,01/2017,USA,USA,,0,,USD,2127,9636
"The Administration MP, Inc.",WFLE,Brenden Murray,318,Brenden Murray,318,Ok Dexter,9209,Murray/Gore Jr./12 Million,Youtube,YOUT,Youtube Digital Video,73,50,130.08,100,85,318,85,110.57,,1005107,0,09/2017,09/2017,USA,USA,,0,,USD,2174,2948
"The Administration MP, Inc.",WFLE,Brenden Murray,318,Brenden Murray,318,Ok Dexter,9209,Murray/Gore Jr./12 Million,Apple Music,APP3,Mechanical,01,25,0.01,100,85,318,85,0.01,,199,0,09/2017,03/2017,USA,USA,,0,,USD,2134,4851
"The Administration MP, Inc.",WFLE,Brenden Murray,318,Brenden Murray,318,Orange Chicken,12380,Butler/Murray,Youtube,YOUT,Youtube Digital Video,73,25,0.16,100,85,318,85,0.14,,1765,0,09/2017,09/2017,USA,USA,,0,,USD,2174,3020
"The Administration MP, Inc.",WFLE,Brenden Murray,318,Brenden Murray,318,Orange Chicken,12380,Butler/Murray,Youtube,YOUT,Youtube Digital Video,73,25,0.02,100,85,318,85,0.02,,297,0,10/2017,12/2017,USA,USA,,0,,USD,2175,3049
"The Administration MP, Inc.",WFLE,Brenden Murray,318,Brenden Murray,318,Paranoid,12391,Mackned/Murray,Youtube,YOUT,Youtube Digital Video,73,50,0.05,100,85,318,85,0.04,,190,0,09/2017,09/2017,USA,USA,,0,,USD,2174,3083
"The Administration MP, Inc.",WFLE,Brenden Murray,318,Brenden Murray,318,Paranoid,12391,Mackned/Murray,Youtube,YOUT,Youtube Digital Video,73,50,0.02,100,85,318,85,0.02,,149,0,11/2017,11/2017,USA,USA,,0,,USD,2176,4747
"The Administration MP, Inc.",WFLE,Brenden Murray,318,Brenden Murray,318,Paranoid,12391,Mackned/Murray,Youtube,YOUT,Youtube Digital Video,73,50,0.17,100,85,318,85,0.14,,1565,0,10/2017,12/2017,USA,USA,,0,,USD,2175,3115
"The Administration MP, Inc.",WFLE,Brenden Murray,318,Brenden Murray,318,Paranoid,12391,Mackned/Murray,Youtube,YOUT,Youtube Digital Video,73,50,0.05,100,85,318,85,0.04,,303,0,11/2017,11/2017,USA,USA,,0,,USD,2176,4746
"The Administration MP, Inc.",WFLE,Brenden Murray,318,Brenden Murray,318,Paranoid,12391,Mackned/Murray,Youtube,YOUT,Youtube Digital Video,73,50,0.09,100,85,318,85,0.08,,372,0,11/2017,11/2017,USA,USA,,0,,USD,2176,4744
"The Administration MP, Inc.",WFLE,Brenden Murray,318,Brenden Murray,318,Paranoid,12391,Mackned/Murray,Youtube,YOUT,Youtube Digital Video,73,50,0.32,100,85,318,85,0.27,,2047,0,11/2017,11/2017,USA,USA,,0,,USD,2176,4745
"The Administration MP, Inc.",WFLE,Brenden Murray,318,Brenden Murray,318,Pictures,12381,Butler/Murray,Youtube,YOUT,Youtube Digital Video,73,50,7.83,100,85,318,85,6.66,,31738,0,10/2017,12/2017,USA,USA,,0,,USD,2175,3168
"The Administration MP, Inc.",WFLE,Brenden Murray,318,Brenden Murray,318,Pictures,12381,Butler/Murray,Youtube,YOUT,Youtube Digital Video,73,0,0.01,100,85,318,85,0.01,,239,0,09/2017,09/2017,USA,USA,,0,,USD,2174,3129
"The Administration MP, Inc.",WFLE,Brenden Murray,318,Brenden Murray,318,Pictures,12381,Butler/Murray,Youtube,YOUT,Youtube Digital Video,73,50,0.07,100,85,318,85,0.06,,48525,0,10/2017,12/2017,USA,USA,,0,,USD,2175,3169
"The Administration MP, Inc.",WFLE,Brenden Murray,318,Brenden Murray,318,Pictures,12381,Butler/Murray,Youtube,YOUT,Youtube Digital Video,73,50,7.43,100,85,318,85,6.32,,40957,0,09/2017,09/2017,USA,USA,,0,,USD,2174,3130
"The Administration MP, Inc.",WFLE,Brenden Murray,318,Brenden Murray,318,Pictures,12381,Butler/Murray,Youtube,YOUT,Youtube Digital Video,73,50,10.04,100,85,318,85,8.53,,28644,0,11/2017,11/2017,USA,USA,,0,,USD,2176,4842
"The Administration MP, Inc.",WFLE,Brenden Murray,318,Brenden Murray,318,Pictures 2,12393,Ahr/Butler/Murray,Youtube,YOUT,Youtube Digital Video,73,25,0.4,100,85,318,85,0.34,,6321,0,10/2017,12/2017,USA,USA,,0,,USD,2175,3170
"The Administration MP, Inc.",WFLE,Brenden Murray,318,Brenden Murray,318,Pictures 2,12393,Ahr/Butler/Murray,Youtube,YOUT,Youtube Digital Video,73,25,0.04,100,85,318,85,0.03,,783,0,11/2017,11/2017,USA,USA,,0,,USD,2176,4846
"The Administration MP, Inc.",WFLE,Brenden Murray,318,Brenden Murray,318,Pictures 2,12393,Ahr/Butler/Murray,Youtube,YOUT,Youtube Digital Video,73,25,0.11,100,85,318,85,0.09,,1826,0,11/2017,11/2017,USA,USA,,0,,USD,2176,4845
"The Administration MP, Inc.",WFLE,Brenden Murray,318,Brenden Murray,318,Pictures 2,12393,Ahr/Butler/Murray,Youtube,YOUT,Youtube Digital Video,73,25,0.23,100,85,318,85,0.2,,4764,0,09/2017,09/2017,USA,USA,,0,,USD,2174,3131
"The Administration MP, Inc.",WFLE,Brenden Murray,318,Brenden Murray,318,Pictures 2,12393,Ahr/Butler/Murray,Youtube,YOUT,Youtube Digital Video,73,25,0.05,100,85,318,85,0.04,,406,0,11/2017,11/2017,USA,USA,,0,,USD,2176,4843
"The Administration MP, Inc.",WFLE,Brenden Murray,318,Brenden Murray,318,Pictures 2,12393,Ahr/Butler/Murray,Youtube,YOUT,Youtube Digital Video,73,25,0.84,100,85,318,85,0.71,,14686,0,11/2017,11/2017,USA,USA,,0,,USD,2176,4847
"The Administration MP, Inc.",WFLE,Brenden Murray,318,Brenden Murray,318,Points on the Board,12402,Murray/Yung Pinch,Youtube,YOUT,Youtube Digital Video,73,50,2.28,100,85,318,85,1.94,,12233,0,10/2017,12/2017,USA,USA,,0,,USD,2175,3219
"The Administration MP, Inc.",WFLE,Brenden Murray,318,Brenden Murray,318,Points on the Board,12402,Murray/Yung Pinch,Youtube,YOUT,Youtube Digital Video,73,50,0.13,100,85,318,85,0.11,,172,0,11/2017,11/2017,USA,USA,,0,,USD,2176,4925
"The Administration MP, Inc.",WFLE,Brenden Murray,318,Brenden Murray,318,Points on the Board,12402,Murray/Yung Pinch,Youtube,YOUT,Youtube Digital Video,73,50,0.03,100,85,318,85,0.03,,152,0,11/2017,11/2017,USA,USA,,0,,USD,2176,4923
"The Administration MP, Inc.",WFLE,Brenden Murray,318,Brenden Murray,318,Points on the Board,12402,Murray/Yung Pinch,Youtube,YOUT,Youtube Digital Video,73,50,0.01,100,85,318,85,0.01,,6,0,11/2017,11/2017,USA,USA,,0,,USD,2176,4927
"The Administration MP, Inc.",WFLE,Brenden Murray,318,Brenden Murray,318,Points on the Board,12402,Murray/Yung Pinch,Youtube,YOUT,Youtube Digital Video,73,50,0.5,100,85,318,85,0.43,,2231,0,11/2017,11/2017,USA,USA,,0,,USD,2176,4922
"The Administration MP, Inc.",WFLE,Brenden Murray,318,Brenden Murray,318,Points on the Board,12402,Murray/Yung Pinch,Youtube,YOUT,Youtube Digital Video,73,50,0.13,100,85,318,85,0.11,,1024,0,09/2017,09/2017,USA,USA,,0,,USD,2174,3176
"The Administration MP, Inc.",WFLE,Brenden Murray,318,Brenden Murray,318,Points on the Board,12402,Murray/Yung Pinch,Youtube,YOUT,Youtube Digital Video,73,50,0.37,100,85,318,85,0.31,,1504,0,11/2017,11/2017,USA,USA,,0,,USD,2176,4926
"The Administration MP, Inc.",WFLE,Brenden Murray,318,Brenden Murray,318,Points on the Board,12402,Murray/Yung Pinch,Youtube,YOUT,Youtube Digital Video,73,50,1.56,100,85,318,85,1.33,,5200,0,11/2017,11/2017,USA,USA,,0,,USD,2176,4924
"The Administration MP, Inc.",WFLE,Brenden Murray,318,Brenden Murray,318,Pretty,12368,FJ Crui$er/Murray,Youtube,YOUT,Youtube Digital Video,73,50,0.01,100,85,318,85,0.01,,11,0,09/2017,09/2017,USA,USA,,0,,USD,2174,3217
"The Administration MP, Inc.",WFLE,Brenden Murray,318,Brenden Murray,318,Pretty,12368,FJ Crui$er/Murray,Youtube,YOUT,Youtube Digital Video,73,50,0.03,100,85,318,85,0.03,,20,0,10/2017,12/2017,USA,USA,,0,,USD,2175,3255
"The Administration MP, Inc.",WFLE,Brenden Murray,318,Brenden Murray,318,Pretty,12368,FJ Crui$er/Murray,Youtube,YOUT,Youtube Digital Video,73,50,0.01,100,85,318,85,0.01,,10,0,11/2017,11/2017,USA,USA,,0,,USD,2176,4988
"The Administration MP, Inc.",WFLE,Brenden Murray,318,Brenden Murray,318,Pull Out Game,12382,Butler/Murray,Youtube,YOUT,Youtube Digital Video,73,50,0.21,100,85,318,85,0.18,,2364,0,10/2017,12/2017,USA,USA,,0,,USD,2175,3285
"The Administration MP, Inc.",WFLE,Brenden Murray,318,Brenden Murray,318,Pull Out Game,12382,Butler/Murray,Youtube,YOUT,Youtube Digital Video,73,50,0.36,100,85,318,85,0.31,,4199,0,11/2017,11/2017,USA,USA,,0,,USD,2176,5034
"The Administration MP, Inc.",WFLE,Brenden Murray,318,Brenden Murray,318,Pull Out Game,12382,Butler/Murray,Youtube,YOUT,Youtube Digital Video,73,50,0.02,100,85,318,85,0.02,,791,0,11/2017,11/2017,USA,USA,,0,,USD,2176,5035
"The Administration MP, Inc.",WFLE,Brenden Murray,318,Brenden Murray,318,Pulled Up In A Ghost,9625,Murray/Gore Jr./Guapo/Nealy,Amazon Unlimited,AMA3,Mechanical,01,50,0.5,100,85,318,85,0.43,,1077,0,07/2017,09/2017,USA,USA,,0,,USD,2232,2522
"The Administration MP, Inc.",WFLE,Brenden Murray,318,Brenden Murray,318,Pulled Up In A Ghost,9625,Murray/Gore Jr./Guapo/Nealy,Deezer,DEEZ,Mechanical,01,25,0.02,100,85,318,85,0.02,USUYG1113499,12,0,02/2015,09/2016,USA,USA,,0,,USD,2195,1898
"The Administration MP, Inc.",WFLE,Brenden Murray,318,Brenden Murray,318,Pulled Up In A Ghost,9625,Murray/Gore Jr./Guapo/Nealy,Deezer,DEEZ,Mechanical,01,25,0.12,100,85,318,85,0.1,USUYG1113668,64,0,02/2015,09/2016,USA,USA,,0,,USD,2195,1897
"The Administration MP, Inc.",WFLE,Brenden Murray,318,Brenden Murray,318,Pulled Up In A Ghost,9625,Murray/Gore Jr./Guapo/Nealy,Tidal,TIDA,Mechanical,01,25,0.22,100,85,318,85,0.19,USUYG1113668,298,0,01/2017,03/2017,USA,USA,,0,,USD,2194,2660
"The Administration MP, Inc.",WFLE,Brenden Murray,318,Brenden Murray,318,RackAid,12388,Butler/Murray,Youtube,YOUT,Youtube Digital Video,73,50,0.39,100,85,318,85,0.33,,4917,0,09/2017,09/2017,USA,USA,,0,,USD,2174,3289
"The Administration MP, Inc.",WFLE,Brenden Murray,318,Brenden Murray,318,RackAid,12388,Butler/Murray,Youtube,YOUT,Youtube Digital Video,73,50,0.31,100,85,318,85,0.26,,4614,0,10/2017,12/2017,USA,USA,,0,,USD,2175,3326
"The Administration MP, Inc.",WFLE,Brenden Murray,318,Brenden Murray,318,RackAid,12388,Butler/Murray,Youtube,YOUT,Youtube Digital Video,73,50,0.59,100,85,318,85,0.5,,5742,0,11/2017,11/2017,USA,USA,,0,,USD,2176,5093
"The Administration MP, Inc.",WFLE,Brenden Murray,318,Brenden Murray,318,SAME SHIT,12396,Ahr/Butler/Murray,Youtube,YOUT,Youtube Digital Video,73,16.67,0.01,100,85,318,85,0.01,,797,0,09/2017,09/2017,USA,USA,,0,,USD,2174,3494
"The Administration MP, Inc.",WFLE,Brenden Murray,318,Brenden Murray,318,SAME SHIT,12396,Ahr/Butler/Murray,Youtube,YOUT,Youtube Digital Video,73,16.67,0.1,100,85,318,85,0.09,,971,0,10/2017,12/2017,USA,USA,,0,,USD,2175,3550
"The Administration MP, Inc.",WFLE,Brenden Murray,318,Brenden Murray,318,SAME SHIT,12396,Ahr/Butler/Murray,Youtube,YOUT,Youtube Digital Video,73,16.67,0.13,100,85,318,85,0.11,,759,0,09/2017,09/2017,USA,USA,,0,,USD,2174,3493
"The Administration MP, Inc.",WFLE,Brenden Murray,318,Brenden Murray,318,SAME SHIT,12396,Ahr/Butler/Murray,Youtube,YOUT,Youtube Digital Video,73,16.67,0.22,100,85,318,85,0.19,,7852,0,11/2017,11/2017,USA,USA,,0,,USD,2176,5414
"The Administration MP, Inc.",WFLE,Brenden Murray,318,Brenden Murray,318,SammyDexMaxo,9626,Murray/Gore Jr./Biosah Jr./Porras,Deezer,DEEZ,Mechanical,01,50,0.06,100,85,318,85,0.05,USUYG1113502,30,0,02/2015,09/2016,USA,USA,,0,,USD,2195,784
"The Administration MP, Inc.",WFLE,Brenden Murray,318,Brenden Murray,318,SammyDexMaxo,9626,Murray/Gore Jr./Biosah Jr./Porras,Tidal,TIDA,Mechanical,01,50,0.85,100,85,318,85,0.72,USUYG1113671,1154,0,01/2017,03/2017,USA,USA,,0,,USD,2194,2808
"The Administration MP, Inc.",WFLE,Brenden Murray,318,Brenden Murray,318,SammyDexMaxo,9626,Murray/Gore Jr./Biosah Jr./Porras,Youtube,YOUT,Youtube Digital Video,73,50,2.25,100,85,318,85,1.91,,13408,0,10/2017,12/2017,USA,USA,,0,,USD,2175,3553
"The Administration MP, Inc.",WFLE,Brenden Murray,318,Brenden Murray,318,SammyDexMaxo,9626,Murray/Gore Jr./Biosah Jr./Porras,Youtube,YOUT,Youtube Digital Video,73,50,1.26,100,85,318,85,1.07,,12230,0,11/2017,11/2017,USA,USA,,0,,USD,2176,5424
"The Administration MP, Inc.",WFLE,Brenden Murray,318,Brenden Murray,318,SammyDexMaxo,9626,Murray/Gore Jr./Biosah Jr./Porras,Pandora,PAND,Mechanical,01,50,2.04,100,85,318,85,1.73,USUYG1113502,20048,0,07/2017,09/2017,USA,USA,,0,,USD,2202,2851
"The Administration MP, Inc.",WFLE,Brenden Murray,318,Brenden Murray,318,SammyDexMaxo,9626,Murray/Gore Jr./Biosah Jr./Porras,Deezer,DEEZ,Mechanical,01,50,0.3,100,85,318,85,0.26,USUYG1113671,162,0,02/2015,09/2016,USA,USA,,0,,USD,2195,783
"The Administration MP, Inc.",WFLE,Brenden Murray,318,Brenden Murray,318,SammyDexMaxo,9626,Murray/Gore Jr./Biosah Jr./Porras,Youtube,YOUT,Youtube Digital Video,73,50,2.42,100,85,318,85,2.06,,12890,0,11/2017,11/2017,USA,USA,,0,,USD,2176,5425
"The Administration MP, Inc.",WFLE,Brenden Murray,318,Brenden Murray,318,SammyDexMaxo,9626,Murray/Gore Jr./Biosah Jr./Porras,Youtube,YOUT,Youtube Digital Video,73,50,2.49,100,85,318,85,2.12,,13314,0,09/2017,09/2017,USA,USA,,0,,USD,2174,3499
"The Administration MP, Inc.",WFLE,Brenden Murray,318,Brenden Murray,318,Scales,12371,Lil Cray/Murray,Youtube,YOUT,Youtube Digital Video,73,50,0.01,100,85,318,85,0.01,,47,0,09/2017,09/2017,USA,USA,,0,,USD,2174,3525
"The Administration MP, Inc.",WFLE,Brenden Murray,318,Brenden Murray,318,Scales,12371,Lil Cray/Murray,Youtube,YOUT,Youtube Digital Video,73,50,0.01,100,85,318,85,0.01,,142,0,10/2017,12/2017,USA,USA,,0,,USD,2175,3583
"The Administration MP, Inc.",WFLE,Brenden Murray,318,Brenden Murray,318,Scales,12371,Lil Cray/Murray,Youtube,YOUT,Youtube Digital Video,73,50,0.02,100,85,318,85,0.02,,138,0,11/2017,11/2017,USA,USA,,0,,USD,2176,5470
"The Administration MP, Inc.",WFLE,Brenden Murray,318,Brenden Murray,318,Sheesh,12397,Goulbourne/Murray,Youtube,YOUT,Youtube Digital Video,73,25,10.68,100,85,318,85,9.08,,109747,0,11/2017,11/2017,USA,USA,,0,,USD,2176,5581
"The Administration MP, Inc.",WFLE,Brenden Murray,318,Brenden Murray,318,Sheesh,12397,Goulbourne/Murray,Youtube,YOUT,Youtube Digital Video,73,25,46.33,100,85,318,85,39.38,,579707,0,10/2017,12/2017,USA,USA,,0,,USD,2175,3658
"The Administration MP, Inc.",WFLE,Brenden Murray,318,Brenden Murray,318,Sheesh,12397,Goulbourne/Murray,Youtube,YOUT,Youtube Digital Video,73,25,0.04,100,85,318,85,0.03,,12818,0,11/2017,11/2017,USA,USA,,0,,USD,2176,5582
"The Administration MP, Inc.",WFLE,Brenden Murray,318,Brenden Murray,318,Sheesh,12397,Goulbourne/Murray,Youtube,YOUT,Youtube Digital Video,73,25,0.2,100,85,318,85,0.17,,3605,0,09/2017,09/2017,USA,USA,,0,,USD,2174,3602
"The Administration MP, Inc.",WFLE,Brenden Murray,318,Brenden Murray,318,Suicide,12392,Ahr/Murray,Youtube,YOUT,Youtube Digital Video,73,50,1.47,100,85,318,85,1.25,,8250,0,09/2017,09/2017,USA,USA,,0,,USD,2174,3852
"The Administration MP, Inc.",WFLE,Brenden Murray,318,Brenden Murray,318,Suicide,12392,Ahr/Murray,Youtube,YOUT,Youtube Digital Video,73,50,0.18,100,85,318,85,0.15,,4055,0,10/2017,12/2017,USA,USA,,0,,USD,2175,3926
"The Administration MP, Inc.",WFLE,Brenden Murray,318,Brenden Murray,318,Suicide,12392,Ahr/Murray,Youtube,YOUT,Youtube Digital Video,73,50,1.5,100,85,318,85,1.28,,8727,0,10/2017,12/2017,USA,USA,,0,,USD,2175,3925
"The Administration MP, Inc.",WFLE,Brenden Murray,318,Brenden Murray,318,Suicide,12392,Ahr/Murray,Youtube,YOUT,Youtube Digital Video,73,50,5.91,100,85,318,85,5.02,,32616,0,11/2017,11/2017,USA,USA,,0,,USD,2176,6004
"The Administration MP, Inc.",WFLE,Brenden Murray,318,Brenden Murray,318,This Year,12383,Butler/Murray,Youtube,YOUT,Youtube Digital Video,73,50,6.49,100,85,318,85,5.52,,46898,0,09/2017,09/2017,USA,USA,,0,,USD,2174,4055
"The Administration MP, Inc.",WFLE,Brenden Murray,318,Brenden Murray,318,This Year,12383,Butler/Murray,Youtube,YOUT,Youtube Digital Video,73,50,11.08,100,85,318,85,9.42,,20672,0,11/2017,11/2017,USA,USA,,0,,USD,2176,6333
"The Administration MP, Inc.",WFLE,Brenden Murray,318,Brenden Murray,318,This Year,12383,Butler/Murray,Youtube,YOUT,Youtube Digital Video,73,50,8.29,100,85,318,85,7.05,,32130,0,10/2017,12/2017,USA,USA,,0,,USD,2175,4131
"The Administration MP, Inc.",WFLE,Brenden Murray,318,Brenden Murray,318,This Year,12383,Butler/Murray,Youtube,YOUT,Youtube Digital Video,73,50,0.32,100,85,318,85,0.27,,18809,0,10/2017,12/2017,USA,USA,,0,,USD,2175,4133
"The Administration MP, Inc.",WFLE,Brenden Murray,318,Brenden Murray,318,Tie My Shoes,12384,Butler/Murray,Youtube,YOUT,Youtube Digital Video,73,50,0.03,100,85,318,85,0.03,,27,0,10/2017,12/2017,USA,USA,,0,,USD,2175,4160
"The Administration MP, Inc.",WFLE,Brenden Murray,318,Brenden Murray,318,Tie My Shoes,12384,Butler/Murray,Youtube,YOUT,Youtube Digital Video,73,50,0.01,100,85,318,85,0.01,,88,0,11/2017,11/2017,USA,USA,,0,,USD,2176,6379
"The Administration MP, Inc.",WFLE,Brenden Murray,318,Brenden Murray,318,Took Time,9623,Murray/Gore Jr.,Amazon Prime,AMA1,Mechanical,01,50,0.38,100,85,318,85,0.32,USUYG1113672,1487,0,07/2017,09/2017,USA,USA,,0,,USD,2200,3320
"The Administration MP, Inc.",WFLE,Brenden Murray,318,Brenden Murray,318,Took Time,9623,Murray/Gore Jr.,Tidal,TIDA,Mechanical,01,50,6.09,100,85,318,85,5.18,USUYG1113672,7362,0,01/2017,03/2017,USA,USA,,0,,USD,2194,3270
"The Administration MP, Inc.",WFLE,Brenden Murray,318,Brenden Murray,318,Took Time,9623,Murray/Gore Jr.,Youtube,YOUT,Youtube Digital Video,73,50,0.84,100,85,318,85,0.71,,4189,0,10/2017,12/2017,USA,USA,,0,,USD,2175,4195
"The Administration MP, Inc.",WFLE,Brenden Murray,318,Brenden Murray,318,Took Time,9623,Murray/Gore Jr.,Youtube,YOUT,Youtube Digital Video,73,50,29.84,100,85,318,85,25.36,,138402,0,10/2017,12/2017,USA,USA,,0,,USD,2175,4196
"The Administration MP, Inc.",WFLE,Brenden Murray,318,Brenden Murray,318,Took Time,9623,Murray/Gore Jr.,Youtube,YOUT,Youtube Digital Video,73,50,25.58,100,85,318,85,21.74,,105677,0,11/2017,11/2017,USA,USA,,0,,USD,2176,6436
"The Administration MP, Inc.",WFLE,Brenden Murray,318,Brenden Murray,318,Took Time,9623,Murray/Gore Jr.,Amazon Unlimited,AMA3,Mechanical,01,50,1.85,100,85,318,85,1.57,,3980,0,07/2017,09/2017,USA,USA,,0,,USD,2232,3161
"The Administration MP, Inc.",WFLE,Brenden Murray,318,Brenden Murray,318,Took Time,9623,Murray/Gore Jr.,Amazon Prime,AMA1,Performance,02,50,0.28,100,85,318,85,0.24,USUYG1113672,1137,0,07/2017,09/2017,USA,USA,,0,,USD,2200,3321
"The Administration MP, Inc.",WFLE,Brenden Murray,318,Brenden Murray,318,Took Time,9623,Murray/Gore Jr.,Groove Music,GRO1,Mechanical,01,50,2.44,100,85,318,85,2.07,USUYG1113672,730,0,04/2017,09/2017,USA,USA,,0,,USD,2201,3312
"The Administration MP, Inc.",WFLE,Brenden Murray,318,Brenden Murray,318,Took Time,9623,Murray/Gore Jr.,Pandora,PAND,Mechanical,01,50,6.24,100,85,318,85,5.3,USUYG1113672,57388,0,07/2017,09/2017,USA,USA,,0,,USD,2202,3339
"The Administration MP, Inc.",WFLE,Brenden Murray,318,Brenden Murray,318,Took Time,9623,Murray/Gore Jr.,Youtube,YOUT,Youtube Digital Video,73,0,0.57,100,85,318,85,0.48,,10707,0,09/2017,09/2017,USA,USA,,0,,USD,2174,4108
"The Administration MP, Inc.",WFLE,Brenden Murray,318,Brenden Murray,318,Took Time,9623,Murray/Gore Jr.,Youtube,YOUT,Youtube Digital Video,73,50,30.56,100,85,318,85,25.98,,105566,0,09/2017,09/2017,USA,USA,,0,,USD,2174,4109
"The Administration MP, Inc.",WFLE,Brenden Murray,318,Brenden Murray,318,WHAT THEY WANT,7343,Gore Jr./Murray,Pandora,PAND,Mechanical,01,50,0.06,100,85,318,85,0.05,USUYG1113673,784,0,07/2017,09/2017,USA,USA,,0,,USD,2202,3575
"The Administration MP, Inc.",WFLE,Brenden Murray,318,Brenden Murray,318,WHAT THEY WANT,7343,Gore Jr./Murray,Amazon Unlimited,AMA3,Mechanical,01,50,0.42,100,85,318,85,0.36,,938,0,07/2017,09/2017,USA,USA,,0,,USD,2232,3381
"The Administration MP, Inc.",WFLE,Brenden Murray,318,Brenden Murray,318,WHAT THEY WANT,7343,Gore Jr./Murray,Youtube,YOUT,Youtube Digital Video,73,50,0.05,100,85,318,85,0.04,,29,0,09/2017,09/2017,USA,USA,,0,,USD,2174,4379
"The Administration MP, Inc.",WFLE,Brenden Murray,318,Brenden Murray,318,WHAT THEY WANT,7343,Gore Jr./Murray,Groove Music,GRO1,Mechanical,01,50,1.18,100,85,318,85,1,USUYG1113673,354,0,04/2017,09/2017,USA,USA,,0,,USD,2201,3521
"The Administration MP, Inc.",WFLE,Brenden Murray,318,Brenden Murray,318,WHAT THEY WANT,7343,Gore Jr./Murray,Tidal,TIDA,Mechanical,01,50,0.92,100,85,318,85,0.78,USUYG1113673,1104,0,01/2017,03/2017,USA,USA,,0,,USD,2194,3501
"The Administration MP, Inc.",WFLE,Brenden Murray,318,Brenden Murray,318,WhatTheyWant,9627,Gore Jr./Murray,Youtube,YOUT,Youtube Digital Video,73,50,0.2,100,85,318,85,0.17,,2654,0,11/2017,11/2017,USA,USA,,0,,USD,2176,6867
"The Administration MP, Inc.",WFLE,Brenden Murray,318,Brenden Murray,318,WhatTheyWant,9627,Gore Jr./Murray,Youtube,YOUT,Youtube Digital Video,73,50,0.29,100,85,318,85,0.25,,3356,0,09/2017,09/2017,USA,USA,,0,,USD,2174,4399
"The Administration MP, Inc.",WFLE,Brenden Murray,318,Brenden Murray,318,WhatTheyWant,9627,Gore Jr./Murray,Youtube,YOUT,Youtube Digital Video,73,50,0.21,100,85,318,85,0.18,,3055,0,10/2017,12/2017,USA,USA,,0,,USD,2175,4495
"The Administration MP, Inc.",WFLE,Brenden Murray,318,Brenden Murray,318,Whitney,12897,Murray/Cozart/Gazzy Garcia/Unknown,Youtube,YOUT,Youtube Digital Video,73,25,0.13,100,85,318,85,0.11,,106,0,11/2017,11/2017,USA,USA,,0,,USD,2176,6908
"The Administration MP, Inc.",WFLE,Brenden Murray,318,Brenden Murray,318,Whitney,12897,Murray/Cozart/Gazzy Garcia/Unknown,Youtube,YOUT,Youtube Digital Video,73,25,3.06,100,85,318,85,2.6,,8282,0,11/2017,11/2017,USA,USA,,0,,USD,2176,6909
"The Administration MP, Inc.",WFLE,Brenden Murray,318,Brenden Murray,318,Whitney,12897,Murray/Cozart/Gazzy Garcia/Unknown,Youtube,YOUT,Youtube Digital Video,73,25,9.07,100,85,318,85,7.71,,47772,0,11/2017,11/2017,USA,USA,,0,,USD,2176,6905
"The Administration MP, Inc.",WFLE,Brenden Murray,318,Brenden Murray,318,Whitney,12897,Murray/Cozart/Gazzy Garcia/Unknown,Youtube,YOUT,Youtube Digital Video,73,25,2.33,100,85,318,85,1.98,,9800,0,11/2017,11/2017,USA,USA,,0,,USD,2176,6906
"The Administration MP, Inc.",WFLE,Brenden Murray,318,Brenden Murray,318,Whitney,12897,Murray/Cozart/Gazzy Garcia/Unknown,Youtube,YOUT,Youtube Digital Video,73,25,6.62,100,85,318,85,5.63,,25036,0,11/2017,11/2017,USA,USA,,0,,USD,2176,6907
"The Administration MP, Inc.",WFLE,Brenden Murray,318,Brenden Murray,318,Whitney,12897,Murray/Cozart/Gazzy Garcia/Unknown,Youtube,YOUT,Youtube Digital Video,73,25,22.91,100,85,318,85,19.47,,47056,0,10/2017,12/2017,USA,USA,,0,,USD,2175,4520
"The Administration MP, Inc.",WFLE,Brenden Murray,318,Brenden Murray,318,Whitney,12897,Murray/Cozart/Gazzy Garcia/Unknown,Youtube,YOUT,Youtube Digital Video,73,25,0.01,100,85,318,85,0.01,,52,0,11/2017,11/2017,USA,USA,,0,,USD,2176,6904
"The Administration MP, Inc.",WFLE,Brenden Murray,318,Brenden Murray,318,Whoa,9212,Murray/Savage/Dotson,Apple Music,APP3,Mechanical,01,25,17.19,100,85,318,85,14.61,,80859,0,09/2017,03/2017,USA,USA,,0,,USD,2134,7574
"The Administration MP, Inc.",WFLE,Brenden Murray,318,Brenden Murray,318,Whoa,9212,Murray/Savage/Dotson,Slacker,SLAC,Mechanical,01,25,0.01,100,85,318,85,0.01,,35,0,04/2017,04/2017,USA,USA,,0,,USD,2117,14864
"The Administration MP, Inc.",WFLE,Brenden Murray,318,Brenden Murray,318,Whoa,9212,Murray/Savage/Dotson,Spotify,SPOT,Mechanical,01,25,3.13,100,85,318,85,2.66,,28078,0,07/2017,09/2017,USA,USA,,0,,USD,2136,8084
"The Administration MP, Inc.",WFLE,Brenden Murray,318,Brenden Murray,318,Whoa,9212,Murray/Savage/Dotson,Youtube,YOUT,Youtube Digital Video,73,50,1.4,100,85,318,85,1.19,,14478,0,11/2017,11/2017,USA,USA,,0,,USD,2176,6947
"The Administration MP, Inc.",WFLE,Brenden Murray,318,Brenden Murray,318,Whoa,9212,Murray/Savage/Dotson,Groove Music,GRO1,Mechanical,01,25,0.08,100,85,318,85,0.07,USUYG1115524,26,0,04/2017,09/2017,USA,USA,,0,,USD,2201,3582
"The Administration MP, Inc.",WFLE,Brenden Murray,318,Brenden Murray,318,Whoa,9212,Murray/Savage/Dotson,Microsoft Xbox,MICR,Mechanical,01,25,0.03,100,85,318,85,0.03,,47,0,07/2017,07/2017,USA,USA,,0,,USD,2127,9638
"The Administration MP, Inc.",WFLE,Brenden Murray,318,Brenden Murray,318,Whoa,9212,Murray/Savage/Dotson,Spotify,SPOT,Mechanical,01,25,7.59,100,85,318,85,6.45,,89456,0,04/2017,06/2017,USA,USA,,0,,USD,2183,3004
"The Administration MP, Inc.",WFLE,Brenden Murray,318,Brenden Murray,318,Whoa,9212,Murray/Savage/Dotson,Amazon Unlimited,AMA3,Mechanical,01,25,0.23,100,85,318,85,0.2,,1004,0,07/2017,09/2017,USA,USA,,0,,USD,2232,3439
"The Administration MP, Inc.",WFLE,Brenden Murray,318,Brenden Murray,318,Whoa,9212,Murray/Savage/Dotson,Apple Music,APP3,Mechanical,01,25,17.19,100,85,318,85,14.61,,80859,0,09/2017,03/2017,USA,USA,,0,,USD,2134,7575
"The Administration MP, Inc.",WFLE,Brenden Murray,318,Brenden Murray,318,Whoa,9212,Murray/Savage/Dotson,Pandora,PAND,Mechanical,01,25,0.97,100,85,318,85,0.82,USUYG1115524,17250,0,07/2017,09/2017,USA,USA,,0,,USD,2202,3627
"The Administration MP, Inc.",WFLE,Brenden Murray,318,Brenden Murray,318,Whoa,9212,Murray/Savage/Dotson,Spotify,SPOT,Mechanical,01,25,0.68,100,85,318,85,0.58,,6880,0,04/2017,06/2017,USA,USA,,0,,USD,2183,3005
"The Administration MP, Inc.",WFLE,Brenden Murray,318,Brenden Murray,318,Whoa,9212,Murray/Savage/Dotson,Youtube,YOUT,Youtube Digital Video,73,50,6.28,100,85,318,85,5.34,,52168,0,11/2017,11/2017,USA,USA,,0,,USD,2176,6945
"The Administration MP, Inc.",WFLE,Brenden Murray,318,Brenden Murray,318,Whoa,9212,Murray/Savage/Dotson,Apple Music,APP3,Mechanical,01,25,25.71,100,85,318,85,21.85,USUYG1115524,111035,0,09/2017,12/2017,USA,USA,,0,: age & Lil Ha,USD,2119,981
"The Administration MP, Inc.",WFLE,Brenden Murray,318,Brenden Murray,318,Whoa,9212,Murray/Savage/Dotson,Tidal,TIDA,Mechanical,01,25,0.24,100,85,318,85,0.2,,1017,0,01/2017,01/2017,USA,USA,,0,,USD,2127,9640
"The Administration MP, Inc.",WFLE,Brenden Murray,318,Brenden Murray,318,Whoa,9212,Murray/Savage/Dotson,Tidal,TIDA,Mechanical,01,25,0.21,100,85,318,85,0.18,,997,0,02/2017,02/2017,USA,USA,,0,,USD,2127,9641
"The Administration MP, Inc.",WFLE,Brenden Murray,318,Brenden Murray,318,Whoa,9212,Murray/Savage/Dotson,Youtube,YOUT,Youtube Digital Video,73,50,0.84,100,85,318,85,0.71,,6462,0,09/2017,09/2017,USA,USA,,0,,USD,2174,4439
"The Administration MP, Inc.",WFLE,Brenden Murray,318,Brenden Murray,318,Whoa,9212,Murray/Savage/Dotson,Apple Music,APP3,Mechanical,01,25,47.09,100,85,318,85,40.03,USUYG1115524,200532,0,09/2017,12/2017,USA,USA,,0,: age & Lil Ha,USD,2119,982
"The Administration MP, Inc.",WFLE,Brenden Murray,318,Brenden Murray,318,Whoa,9212,Murray/Savage/Dotson,Deezer,DEEZ,Mechanical,01,25,0.25,100,85,318,85,0.21,QMPKX1670758,141,0,02/2015,09/2016,USA,USA,,0,,USD,2195,2684
"The Administration MP, Inc.",WFLE,Brenden Murray,318,Brenden Murray,318,Whoa,9212,Murray/Savage/Dotson,Spotify,SPOT,Mechanical,01,25,0.43,100,85,318,85,0.37,,4300,0,07/2017,09/2017,USA,USA,,0,,USD,2136,8085
"The Administration MP, Inc.",WFLE,Brenden Murray,318,Brenden Murray,318,Whoa,9212,Murray/Savage/Dotson,Spotify,SPOT,Mechanical,01,25,3.13,100,85,318,85,2.66,,28078,0,07/2017,09/2017,USA,USA,,0,,USD,2136,8086
"The Administration MP, Inc.",WFLE,Brenden Murray,318,Brenden Murray,318,Whoa,9212,Murray/Savage/Dotson,Tidal,TIDA,Mechanical,01,25,0.22,100,85,318,85,0.19,,1344,0,03/2017,03/2017,USA,USA,,0,,USD,2127,9642
"The Administration MP, Inc.",WFLE,Brenden Murray,318,Brenden Murray,318,Whoa,9212,Murray/Savage/Dotson,Tidal,TIDA,Mechanical,01,25,0.99,100,85,318,85,0.84,USUYG1115524,1176,0,01/2017,03/2017,USA,USA,,0,,USD,2194,3566
"The Administration MP, Inc.",WFLE,Brenden Murray,318,Brenden Murray,318,Whoa,9212,Murray/Savage/Dotson,Youtube,YOUT,Youtube Digital Video,73,50,1.91,100,85,318,85,1.62,,18042,0,10/2017,12/2017,USA,USA,,0,,USD,2175,4538
"The Administration MP, Inc.",WFLE,Brenden Murray,318,Brenden Murray,318,Whoa,9212,Murray/Savage/Dotson,Microsoft Xbox,MICR,Mechanical,01,25,0.03,100,85,318,85,0.03,,47,0,07/2017,07/2017,USA,USA,,0,,USD,2127,9639
"The Administration MP, Inc.",WFLE,Brenden Murray,318,Brenden Murray,318,Whoa,9212,Murray/Savage/Dotson,Rhapsody,RHAP,Mechanical,01,25,0.52,100,85,318,85,0.44,,2266,0,01/2017,03/2017,USA,USA,,0,,USD,2117,14863
"The Administration MP, Inc.",WFLE,Brenden Murray,318,Brenden Murray,318,Whoa,9212,Murray/Savage/Dotson,Spotify,SPOT,Mechanical,01,25,0.43,100,85,318,85,0.37,,4300,0,07/2017,09/2017,USA,USA,,0,,USD,2136,8087
"The Administration MP, Inc.",WFLE,Brenden Murray,318,Brenden Murray,318,Whoa,9212,Murray/Savage/Dotson,Youtube,YOUT,Youtube Digital Video,73,50,0.27,100,85,318,85,0.23,,2798,0,11/2017,11/2017,USA,USA,,0,,USD,2176,6946
"The Administration MP, Inc.",WFLE,Brenden Murray,318,Brenden Murray,318,WitchBlades,12374,Ahr/Butler/Murray,Youtube,YOUT,Youtube Digital Video,73,50,735.71,100,85,318,85,625.35,,3145217,0,11/2017,11/2017,USA,USA,,0,,USD,2176,7002
"The Administration MP, Inc.",WFLE,Brenden Murray,318,Brenden Murray,318,WitchBlades,12374,Ahr/Butler/Murray,Youtube,YOUT,Youtube Digital Video,73,0,0.01,100,85,318,85,0.01,,599,0,09/2017,09/2017,USA,USA,,0,,USD,2174,4486
"The Administration MP, Inc.",WFLE,Brenden Murray,318,Brenden Murray,318,WitchBlades,12374,Ahr/Butler/Murray,Youtube,YOUT,Youtube Digital Video,73,30,0.01,100,85,318,85,0.01,,284,0,09/2017,09/2017,USA,USA,,0,,USD,2174,4484
"The Administration MP, Inc.",WFLE,Brenden Murray,318,Brenden Murray,318,WitchBlades,12374,Ahr/Butler/Murray,Youtube,YOUT,Youtube Digital Video,73,50,47.71,100,85,318,85,40.55,,215348,0,09/2017,09/2017,USA,USA,,0,,USD,2174,4487
"The Administration MP, Inc.",WFLE,Brenden Murray,318,Brenden Murray,318,WitchBlades,12374,Ahr/Butler/Murray,Youtube,YOUT,Youtube Digital Video,73,50,57.18,100,85,318,85,48.6,,246565,0,10/2017,12/2017,USA,USA,,0,,USD,2175,4577
"The Administration MP, Inc.",WFLE,Brenden Murray,318,Brenden Murray,318,Word To The Rookie,6965,Beard/Murray,ASCAP,ASCA,Performance,02,25,0.68,50,85,318,85,0.29,F,0,0,10/2017,12/2017,USA,USA,,0,,USD,2208,26357
"The Administration MP, Inc.",WFLE,Brenden Murray,318,Brenden Murray,318,Wrlf Rage,6966,Beard/Murray,ASCAP,ASCA,Performance,02,25,1.13,50,85,318,85,0.48,F,0,0,10/2017,12/2017,USA,USA,,0,,USD,2208,26414
"The Administration MP, Inc.",WFLE,Brenden Murray,318,Brenden Murray,318,Youngest Flexer,12898,Davis/Gazzy Garcia/Murray,Youtube,YOUT,Youtube Digital Video,73,50,0.22,100,85,318,85,0.19,,161,0,11/2017,11/2017,USA,USA,,0,,USD,2176,7170
"The Administration MP, Inc.",WFLE,Brenden Murray,318,Brenden Murray,318,Youngest Flexer,12898,Davis/Gazzy Garcia/Murray,Youtube,YOUT,Youtube Digital Video,73,50,40.95,100,85,318,85,34.81,,113773,0,10/2017,12/2017,USA,USA,,0,,USD,2175,4707
"The Administration MP, Inc.",WFLE,Brenden Murray,318,Brenden Murray,318,Youngest Flexer,12898,Davis/Gazzy Garcia/Murray,Youtube,YOUT,Youtube Digital Video,73,50,14.76,100,85,318,85,12.55,,39436,0,11/2017,11/2017,USA,USA,,0,,USD,2176,7175
"The Administration MP, Inc.",WFLE,Brenden Murray,318,Brenden Murray,318,Youngest Flexer,12898,Davis/Gazzy Garcia/Murray,Youtube,YOUT,Youtube Digital Video,73,50,4.62,100,85,318,85,3.93,,8874,0,11/2017,11/2017,USA,USA,,0,,USD,2176,7174
"The Administration MP, Inc.",WFLE,Brenden Murray,318,Brenden Murray,318,Youngest Flexer,12898,Davis/Gazzy Garcia/Murray,Youtube,YOUT,Youtube Digital Video,73,50,11.11,100,85,318,85,9.44,,23420,0,11/2017,11/2017,USA,USA,,0,,USD,2176,7171
"The Administration MP, Inc.",WFLE,Brenden Murray,318,Brenden Murray,318,Youngest Flexer,12898,Davis/Gazzy Garcia/Murray,Youtube,YOUT,Youtube Digital Video,73,50,4.29,100,85,318,85,3.65,,9848,0,11/2017,11/2017,USA,USA,,0,,USD,2176,7172
"The Administration MP, Inc.",WFLE,Brenden Murray,318,Brenden Murray,318,Your Favorite Dress,12375,Ahr/Butler/Murray,Youtube,YOUT,Youtube Digital Video,73,16.67,1.71,100,85,318,85,1.45,,25058,0,10/2017,12/2017,USA,USA,,0,,USD,2175,4709
"The Administration MP, Inc.",WFLE,Brenden Murray,318,Brenden Murray,318,Your Favorite Dress,12375,Ahr/Butler/Murray,Youtube,YOUT,Youtube Digital Video,73,50,34.35,100,85,318,85,29.2,,106902,0,11/2017,11/2017,USA,USA,,0,,USD,2176,7184
"The Administration MP, Inc.",WFLE,Brenden Murray,318,Brenden Murray,318,Your Favorite Dress,12375,Ahr/Butler/Murray,Youtube,YOUT,Youtube Digital Video,73,16.67,3.57,100,85,318,85,3.03,,65368,0,09/2017,09/2017,USA,USA,,0,,USD,2174,4596
"The Administration MP, Inc.",WFLE,Brenden Murray,318,Brenden Murray,318,Your Favorite Dress,12375,Ahr/Butler/Murray,Youtube,YOUT,Youtube Digital Video,73,50,3.91,100,85,318,85,3.32,,18746,0,10/2017,12/2017,USA,USA,,0,,USD,2175,4710
"The Administration MP, Inc.",WFLE,Brenden Murray,318,Brenden Murray,318,Your Favorite Dress,12375,Ahr/Butler/Murray,Youtube,YOUT,Youtube Digital Video,73,16.67,0.06,100,85,318,85,0.05,,7049,0,11/2017,11/2017,USA,USA,,0,,USD,2176,7186
