"Type","Royalty Item SXID","Artist Name","Track Name","Album Name","Label Name","ISRC","Release UPC","Licensee Name","Category of Service","Broadcast Start Date","Broadcast End Date","Num Performances","Num Spins","Allocation Period","Your Payment Amount","Third Party Name","Third Party Payment Amount"
"","SX3100GIBO","Bow Wow Wow  Da Brat  Dem Franchize Boyz  Jermaine Dupri","I Think They Like Me","Now That's What I Call Party Hits","Now Party","USVI20500245","602537901227","Feed Media Subcription Stations","Webcasting","01-JUL-20","31-JUL-20","","","CURRENT",.321309,"",
"","SX3101WR5J","Da Brat  Tyrese","What'chu Like","","","USSM19927446","","WGBL","Webcasting","01-JUL-20","31-JUL-20","","","CURRENT",.05707125,"",
"","SX3102I4B0","Da Brat  JD  Lil Jon","We Ready","Unrestricted","So So Def","USSM10000416","074646386026","PANDORA.COM - Nonsubscription Webcast","Webcasting","01-JUL-20","31-JUL-20","741","","CURRENT",.53578575,"",
"","SX2104D2E3","Da Brat  Missy Elliott","Sock It 2 Me (feat. Da Brat)","","","USEW19706203","","iHeartRadio","Webcasting","01-JUN-20","30-JUN-20","3557","","CURRENT",1.28512913,"",
"","SX2100D8AA","Da Brat","Fa All Y'All","","","USSM10024455","","iHeartRadio","Webcasting","01-JUN-20","30-JUN-20","183","","CURRENT",.13222575,"",
"","SX3101BKUZ","Da Brat  The Notorious B.I.G.","Da B Side","ANUTHAFUNKDAFIEDTANTRUM","So So Def/Columbia","USSM19400536","074646792223","Sirius XM Radio, Inc","Webcasting","01-JUL-20","31-JUL-20","","","CURRENT",.013509,"",
"","SX2107VZK4","Da Brat","Sittin' On Top Of The World","","","USSM19603181","","Pandora - SONY","Direct Licensing","01-JUL-20","31-JUL-20","604","","CURRENT",.43641,"",
"","SX2100D8A9","Da Brat","Funkdafied","","","USSM19402033","","Entercom Communications Corp.","Webcasting","01-JUL-20","31-JUL-20","474","","CURRENT",.3424275,"",
"","SX2100D8A4","Da Brat","Give It 2 You","Funkdafied","So So Def/Work","USSM10021887","074646616420","Pinnacle Hip Hop","Webcasting","01-JUL-19","31-JUL-19","","","CURRENT",.01030275,"",
"","SX2100IF4F","Lathun (Featuring Da Brat)","Freak It","Love You Down / Freak It","So So Def/Columbia","USSM19702947","098707880223","PANDORA.COM - Subscription Webcast","Webcasting","01-JUL-20","31-JUL-20","2216","","CURRENT",1.06821562,"",
"","SX3100WS86","LIL' KIM/LEFT EYE/DA BRAT/MISSY ELLIOT/ANGIE MARTINEZ","LADIES NIGHT","","","","","Urban One","Webcasting","01-JUL-20","31-JUL-20","2158","","CURRENT",.3189321,"",
"","SX31018Q5U","Dru Hill","In My Bed","12'' Club Classics - 90s R&B","Island Records Ltd","USIR29700123","600753341421","IMVU.COM","Webcasting","01-JUL-20","31-JUL-20","","","CURRENT",.08769779,"",
"","SX210N1POT","Da Brat  Jermaine Dupri  Usher","The Party Continues","Life In 1472 (The Original Soundtrack)","So So Def","USSM11605073","886445972085","Pandora - SONY","Direct Licensing","01-JUL-20","31-JUL-20","2861","","CURRENT",.68920782,"",
"","SX3102WUZ4","DRU HILL/DA BRAT/JERMAINE DUPRI","IN MY BED","SO SO DEF PRESENTS: DEFINITION OF A REMIX (EXPLICIT)","SO SO DEF","","","Cumulus Media, Inc.","Webcasting","01-JUN-20","30-JUN-20","936","","CURRENT",.22609295,"",
"","SX3102DTYW","DA BRAT/NOTORIOUS B.I.G.","DA B SIDE DA BRAT","THE ULTIMATE R&B COLLECTION","WARNER MUSIC GROUP","","","Sirius XM Radio, Inc","Cable Radio","01-JUL-20","31-JUL-20","","","CURRENT",.129276,"",
"","SX3101WR5J","Da Brat  Tyrese","What'chu Like","","","USSM19927446","","Radio Now, LLC","Webcasting","01-JUL-20","31-JUL-20","","","CURRENT",.0255645,"",
"","SX2100ELZT","Da Brat","That's What I'm Looking For","","","USSM19924161","","iHeartRadio","Webcasting","01-JUN-20","30-JUN-20","70","","CURRENT",.05057325,"",
"","SX2107VZK4","Da Brat","Sittin' On Top Of The World","Anuthatantrum","So So Def","USSM19603181","9399700017960","Pinnacle Hip Hop","Webcasting","01-JUN-20","30-JUN-20","","","CURRENT",.0144495,"",
"","SX2100D7LB","Da Brat  Mariah Carey  Missy Elliott","Heartbreaker (Remix)","","","USSM19907865","","KDAY","Webcasting","01-JUN-20","30-JUN-20","","","CURRENT",.027457,"",
"","SX3101WR5J","Da Brat  Tyrese","What'chu Like","","","USSM19927446","","Entercom Communications Corp.","Webcasting","01-JUL-20","31-JUL-20","1269","","CURRENT",.91677375,"",
"","SX2100HLUJ","Da Brat  Mariah Carey  Xscape","Always Be My Baby","The Remixes","Columbia","USSM19502477","5099751075424","Pandora - SONY","Direct Licensing","01-JUL-20","31-JUL-20","1249","","CURRENT",.30080992,"",
"","SX2104GIM8","Total featuring Da Brat","No One Else (feat. Da Brat)","Total","Atlantic Recording Corp.","USBB40581128","786127300666","Google Play Music","Webcasting","01-JUL-20","31-JUL-20","247","","CURRENT",.08928337,"",
"","SX2100D7LB","Da Brat  Mariah Carey  Missy Elliott","Heartbreaker","Rainbow","Columbia","USSM19907865","074646380024","Pandora - SONY","Direct Licensing","01-JUL-20","31-JUL-20","3965","","CURRENT",.9548945,"",
"","SX2100D63O","Cherish  Da Brat","In Love Wit Chu","Limelite, Luv & Niteclubz","Arista","USAR10300642","888880307958","Pandora - SONY","Direct Licensing","01-JUL-20","31-JUL-20","2009","","CURRENT",.725805,"",
"","SX31007RS1","DA BRAT","UNRESTRICTED (PARENTAL ADVISORY)","WHAT'CHU LIKE","","","","PANDORA.COM - Subscription Webcast","Webcasting","01-JUL-20","31-JUL-20","268","","CURRENT",.25833825,"",
"","SX3100MOSW","Da Brat  T-Boz","Ghetto Love","Anuthatantrum","So So Def","USSM19603186","9399700017960","PANDORA.COM - Nonsubscription Webcast","Webcasting","01-JUL-20","31-JUL-20","929","","CURRENT",.671688,"",
"","SX2100ELZT","Da Brat","That's What I'm Looking For","Unrestricted","So So Def","USSM19924161","074646977224","Pinnacle Hip Hop","Webcasting","01-FEB-20","29-FEB-20","","","CURRENT",.0144495,"",
"","SX2107VZK7","Da Brat","Make It Happen","Anuthatantrum","So So Def","USSM19603189","9399700017960","PANDORA.COM - Nonsubscription Webcast","Webcasting","01-JUL-20","31-JUL-20","15","","CURRENT",.0108585,"",
"","SX2100ELZS","Da Brat  Tyrese","What'chu Like","Unrestricted","So So Def","USSM19927446","074646977224","Sirius XM Radio, Inc","SDARS","01-JUL-20","31-JUL-20","","1","CURRENT",10.83381187,"",
"","SX2100ELZM","Da Brat","Chi Town","Unrestricted","So So Def","USSM19929828","074646977224","PANDORA.COM - Subscription Webcast","Webcasting","01-JUL-20","31-JUL-20","32","","CURRENT",.0308655,"",
"","SX3101BP8Y","Cherish  Da Brat","In Love Wit Chu","Limelite, Luv & Niteclubz","Arista","USAR10300127","888880307965","Live365 Broadcaster, LLC","Webcasting","01-JUL-20","31-JUL-20","","","CURRENT",.0289845,"",
"","SX2100V3R5","Da Brat & Bow Wow  Dem Franchize Boyz feat. Jermaine Dupri","I Think They Like Me","On Top Of Our Game","Virgin Records America","USVI20500231","094635970425","Pandora - Universal","Direct Licensing","01-JUL-20","31-JUL-20","174942","","CURRENT",25.281756,"",
"","SX2100D82C","Da Brat","Funkdafied","","","USSM19400534","","PANDORA.COM - Subscription Webcast","Webcasting","01-JUL-20","31-JUL-20","33","","CURRENT",.031806,"",
"","SX2100D8A4","Da Brat","Give It 2 You","Funkdafied","So So Def/Work","USSM10021887","074646616420","Pinnacle Hip Hop","Webcasting","01-OCT-18","31-OCT-18","","","CURRENT",.016245,"",
"","SX2104GIM8","Total featuring Da Brat","No One Else (feat. Da Brat)","Total","Atlantic Recording Corp.","USBB40581128","786127300628","Sirius XM Radio, Inc","Cable Radio","01-JUL-20","31-JUL-20","","","CURRENT",.172368,"",
"","SX2100D8A9","Da Brat","Funkdafied","","","USSM19402033","","DEEZER.COM","Webcasting","01-JUL-20","31-JUL-20","19","","CURRENT",.01372275,"",
"","SX3100PNXR","Jagged Edge","The Way That You Talk","","","USSM19605295","","Pandora - SONY","Direct Licensing","01-JUL-20","31-JUL-20","34","","CURRENT",.012285,"",
"","SX2100V3R5","Da Brat & Bow Wow  Dem Franchize Boyz feat. Jermaine Dupri","I Think They Like Me","On Top Of Our Game","Virgin Records America","USVI20500231","094635473025","Sirius XM Radio, Inc","Webcasting","01-JUL-20","31-JUL-20","","","CURRENT",.90899325,"",
"","SX2107VZK4","Da Brat","Sittin' On Top Of The World","Anuthatantrum","So So Def","USSM19603181","9399700017960","Pinnacle Hip Hop","Webcasting","01-MAY-19","31-MAY-19","","","CURRENT",.01688625,"",
"","SX2100D8A4","Da Brat","Give It 2 You","Funkdafied","So So Def/Work","USSM10021887","074646616420","Pinnacle Hip Hop","Webcasting","01-JAN-18","31-JAN-18","","","CURRENT",.016929,"",
"","SX3102VFVB","DEMETRIA MCKINNEY/DA BRAT","100","100 (SINGLE)","RTD","","","Google Play Music","Webcasting","01-JUL-20","31-JUL-20","538","","CURRENT",.19446975,"",
"","SX2100EA52","Da Brat  Jagged Edge  Jermaine Dupri  Lil Bow Wow  R.O.C.  Tigah","Where the Party At","","","USSM10105754","","Pandora - SONY","Direct Licensing","01-JUL-20","31-JUL-20","2021","","CURRENT",.24327765,"",
"","SX2100D824","Da Brat  The Notorious B.I.G.","Da B Side","","","USSM19400536","","Google Play Music","Webcasting","01-JUL-20","31-JUL-20","143","","CURRENT",.05170613,"",
"","SX2100D6RR","Bow Wow  Da Brat","Damn Thing","","","USSM10606969","","IMVU.COM","Webcasting","01-JUL-20","31-JUL-20","","","CURRENT",.01831837,"",
"","SX2100ELZT","Da Brat","That's What I'm Looking For","","","USSM19924161","","Cumulus Media, Inc.","Webcasting","01-JUN-20","30-JUN-20","29","","CURRENT",.02099025,"",
"","SX2100EA55","Dru Hill","In My Bed","","","USIR29700123","","Entercom Communications Corp.","Webcasting","01-JUN-20","30-JUN-20","","","PRIOR",.63768677,"",
"","SX2100D8A9","Da Brat","Funkdafied","","","USSM19402033","","iHeartRadio","Webcasting","01-JUN-20","30-JUN-20","11715","","CURRENT",8.46539775,"",
"","SX2107VZK6","Da Brat","My Beliefs","Anuthatantrum","So So Def","USSM19603180","9399700017960","PANDORA.COM - Subscription Webcast","Webcasting","01-JUL-20","31-JUL-20","33","","CURRENT",.031806,"",
"","SX2100D8A9","Da Brat","Funkdafied","Funkdafied","So So Def/Work","USSM19402033","074646616420","Sirius XM Radio, Inc","Webcasting","01-JUL-20","31-JUL-20","","","CURRENT",34.1999145,"",
"","SX2107VZK4","Da Brat","Sittin' On Top Of The World","Anuthatantrum","So So Def","USSM19603181","9399700017960","Pinnacle Hip Hop","Webcasting","01-OCT-17","31-OCT-17","","","CURRENT",.01543275,"",
"","SX2100ELZT","Da Brat","That's What I'm Looking For","Unrestricted","So So Def","USSM19924161","074646977224","Pinnacle Hip Hop","Webcasting","01-AUG-17","31-AUG-17","","","CURRENT",.01406475,"",
"","SX2100D8A4","Da Brat","Give It 2 You","Funkdafied","So So Def/Work","USSM10021887","074646616420","IMVU.COM","Webcasting","01-JUL-20","31-JUL-20","","","CURRENT",.01252575,"",
"","SX2107VZK4","Da Brat","Sittin' On Top Of The World","Anuthatantrum","So So Def","USSM19603181","9399700017960","Pinnacle Hip Hop","Webcasting","01-JUN-18","30-JUN-18","","","CURRENT",.01474875,"",
"","SX3102XZXJ","Da Brat  Tyrese","What'chu Like","","","USSM19927449","","Entercom Communications Corp.","Webcasting","01-JUL-20","31-JUL-20","241","","CURRENT",.08706037,"",
"","SX2100ELZT","Da Brat","That's What I'm Looking For","Unrestricted","So So Def","USSM19924161","074646977224","Pinnacle Hip Hop","Webcasting","01-DEC-17","31-DEC-17","","","CURRENT",.01141425,"",
"","SX3101BKUZ","Da Brat  The Notorious B.I.G.","Da B Side","ANUTHAFUNKDAFIEDTANTRUM","So So Def/Columbia","USSM19400536","074646792223","Sirius XM Radio, Inc","SDARS","01-JUL-20","31-JUL-20","","1","CURRENT",21.66762375,"",
"","SX2100D824","Da Brat  The Notorious B.I.G.","Da B Side","","","USSM19400536","","TUNEIN INC.","Webcasting","01-JUL-20","31-JUL-20","","","CURRENT",.17307337,"",
"","SX3103JB0C","Angie Martinez  Da Brat  Left Eye  Lil' Kim  Missy Misdemeanor Elliott","Not Tonight (feat. Da Brat, Left Eye, Missy Misdemeanor Elliott and Angie Martinez)","","","USAT29801132","","Sirius XM Radio, Inc","Webcasting","01-JUL-20","31-JUL-20","","","CURRENT",.0231534,"",
"","SX2100D63V","Da Brat","Boom","Limelite, Luv & Niteclubz","Arista","USAR10300635","828765158626","Pandora - SONY","Direct Licensing","01-JUL-20","31-JUL-20","37","","CURRENT",.02673,"",
"","SX2100D8A4","Da Brat","Give It 2 You","Funkdafied","So So Def/Work","USSM10021887","074646616420","Music Choice","PES","01-JUL-20","31-JUL-20","","","CURRENT",2.49270975,"",
"","SX2100D8A9","Da Brat","Funkdafied","","","USSM19402033","","IMVU.COM","Webcasting","01-JUL-20","31-JUL-20","","","CURRENT",.01543275,"",
"","SX2100D8A4","Da Brat","Give It 2 You","Funkdafied","So So Def/Work","USSM10021887","074646616420","Pinnacle Hip Hop","Webcasting","01-JAN-19","31-JAN-19","","","CURRENT",.01688625,"",
"","SX2100D8AA","Da Brat","Fa All Y'All","Funkdafied","So So Def/Work","USSM10024455","074646616420","Pandora - SONY","Direct Licensing","01-JUL-20","31-JUL-20","1346","","CURRENT",.97254,"",
"","SX2100D82A","Da Brat","Funkdafied","","","USSM19400530","","IMVU.COM","Webcasting","01-JUL-20","31-JUL-20","","","CURRENT",.06262875,"",
"","SX31026V4M","MARIAH CAREY/DA BRAT/XSCAPE","ALWAYS BE MY BABY","ALWAYS BE MY BABY","","","","Urban One","Webcasting","01-JUL-20","31-JUL-20","3391","","CURRENT",.83518022,"",
"","SX3100MRG5","DRU HILL/DA BRAT/JD","SLEEPING IN MY BED","","","","","Cumulus Media, Inc.","Webcasting","01-JUN-20","30-JUN-20","368","","CURRENT",.08889503,"",
"","SX2100K8IJ","Da Brat  Destiny's Child  Jermaine Dupri  Lil Bow Wow","Jumpin' Jumpin' (Official Video)","This Is The Remix","Columbia","USSM10200513","696998643123","TUNEIN INC.","Webcasting","01-JUL-20","31-JUL-20","","","CURRENT",.23407763,"",
"","SX2107VZK5","Da Brat","Let's All Get High","Anuthatantrum","So So Def","USSM19603182","9399700017960","PANDORA.COM - Subscription Webcast","Webcasting","01-JUL-20","31-JUL-20","371","","CURRENT",.35768925,"",
"","SX3102I4B0","Da Brat  JD  Lil Jon","We Ready","Unrestricted","So So Def","USSM10000416","074646386026","PANDORA.COM - Subscription Webcast","Webcasting","01-JUL-20","31-JUL-20","219","","CURRENT",.21114225,"",
"","SX2107VZK4","Da Brat","Sittin' On Top Of The World","Anuthatantrum","So So Def","USSM19603181","9399700017960","Pinnacle Hip Hop","Webcasting","01-MAR-20","31-MAR-20","","","CURRENT",.01226925,"",
"","SX3101BP8Y","Cherish  Da Brat","In Love Wit Chu","Limelite, Luv & Niteclubz","Arista","USAR10300127","888880307965","iHeartRadio","Webcasting","01-JUN-20","30-JUN-20","132","","CURRENT",.09537525,"",
"","SX3103JB0C","Angie Martinez  Da Brat  Left Eye  Lil' Kim  Missy Misdemeanor Elliott","Not Tonight (feat. Da Brat, Left Eye, Missy Misdemeanor Elliott and Angie Martinez)","","","USAT29801132","","Music Choice","PES","01-JUL-20","31-JUL-20","","","CURRENT",.52412355,"",
"","SX2104GIM8","Da Brat  Total","No One Else (feat. Da Brat)","Total","Rhino Atlantic","USBB40581128","603497927555","Sirius XM Radio, Inc","Webcasting","01-JUL-20","31-JUL-20","","","CURRENT",.03135712,"",
"","SX31000R2U","DRU HILL/DA BRAT","IN MY BED REMIX","","","","","Urban One","Webcasting","01-JUL-20","31-JUL-20","210","","CURRENT",.07759125,"",
"","SX3101BCFI","LIL' KIM/LEFT EYE/DA BRAT/MISSY ELLIOT/ANGIE MARTINEZ","NOT TONIGHT (REMIX)","NOTHING TO LOSE [ST]","TOMMY BOY MUSIC","","","Sirius XM Radio, Inc","SDARS","01-JUL-20","31-JUL-20","","6","CURRENT",26.00113995,"",
"","SX2107VZK4","Da Brat","Sittin' On Top Of The World","Anuthatantrum","So So Def","USSM19603181","9399700017960","Pinnacle Hip Hop","Webcasting","01-JAN-18","31-JAN-18","","","CURRENT",.01252575,"",
"","SX2107VZK4","Da Brat","Sittin' On Top Of The World","Anuthatantrum","So So Def","USSM19603181","9399700017960","Pinnacle Hip Hop","Webcasting","01-APR-19","30-APR-19","","","CURRENT",.0110295,"",
"","SX2100K850","Da Brat  Destiny's Child  Jermaine Dupri  Lil Bow Wow","Destiny's Child - Jumpin' Jumpin' (Official Video)","","","USSM10010319","","FEED.FM - Nonsubscription Webcast","Webcasting","01-JUL-20","31-JUL-20","","","CURRENT",.21504318,"",
"","SX2107VZK4","Da Brat","Sittin' On Top Of The World","Anuthatantrum","So So Def","USSM19603181","9399700017960","Pinnacle Hip Hop","Webcasting","01-AUG-17","31-AUG-17","","","CURRENT",.01338075,"",
"","SX2100D8A4","Da Brat","Give It 2 You","Funkdafied","So So Def/Work","USSM10021887","074646616420","Pinnacle Hip Hop","Webcasting","01-MAY-20","31-MAY-20","","","CURRENT",.012996,"",
"Tracks Under One Cent","","","","","","","","","","","","753","","",1.57503015,"",
"","SX3102DTYW","DA BRAT/NOTORIOUS B.I.G.","DA B SIDE DA BRAT","THE ULTIMATE R&B COLLECTION","WARNER MUSIC GROUP","","","Sirius XM Radio, Inc","Webcasting","01-JUL-20","31-JUL-20","","","CURRENT",1.26161663,"",
"","SX2100D8A4","Da Brat","Give It 2 You","Funkdafied","So So Def/Work","USSM10021887","074646616420","Pinnacle Hip Hop","Webcasting","01-DEC-17","31-DEC-17","","","CURRENT",.0134235,"",
"","SX2100D8A9","Da Brat","Funkdafied","","","USSM19402033","","WGBL","Webcasting","01-JUL-20","31-JUL-20","","","CURRENT",.05493375,"",
"","SX2107VZK4","Da Brat","Sittin' On Top Of The World","Anuthatantrum","So So Def","USSM19603181","9399700017960","Pinnacle Hip Hop","Webcasting","01-MAY-20","31-MAY-20","","","CURRENT",.01662975,"",
"","SX3101BCFI","LIL' KIM/LEFT EYE/DA BRAT/MISSY ELLIOT/ANGIE MARTINEZ","NOT TONIGHT (REMIX)","NOTHING TO LOSE [ST]","TOMMY BOY MUSIC","","","Entercom Communications Corp.","Webcasting","01-JUL-20","31-JUL-20","361","","CURRENT",.05216355,"",
"","SX2100D8A9","Da Brat","Funkdafied","","","USSM19402033","","Live365 Broadcaster, LLC","Webcasting","01-JUL-20","31-JUL-20","","","CURRENT",.057969,"",
"","SX31019LTM","Cherish  Da Brat","In Love Wit Chu","Limelite, Luv & Niteclubz","Arista","USAR10300127","888880307965","Cumulus Media, Inc.","Webcasting","01-JUN-20","30-JUN-20","98","","CURRENT",.03550387,"",
"","SX2100ELZT","Da Brat","That's What I'm Looking For","","","USSM19924161","","PANDORA.COM - Nonsubscription Webcast","Webcasting","01-JUL-20","31-JUL-20","5942","","CURRENT",4.2962895,"",
"","SX2100EA55","Dru Hill","In My Bed","Dru Hill","Essence","USIR29700123","731452449726","Music Choice","PES","01-JUL-20","31-JUL-20","","","CURRENT",.51143501,"",
"","SX2100D7LB","Da Brat  Mariah Carey  Missy Elliott","Heartbreaker","The Remixes","Columbia","USSM19907865","696998715424","Pandora - SONY","Direct Licensing","01-JUL-20","31-JUL-20","49","","CURRENT",.01178882,"",
"","SX2100ELZT","Da Brat","That's What I'm Looking For","Unrestricted","So So Def","USSM19924161","074646977224","Pinnacle Hip Hop","Webcasting","01-APR-19","30-APR-19","","","CURRENT",.01320975,"",
"","SX310287QJ","Da Brat  Tyrese","What'chu Like","Unrestricted","So So Def","USSM19927449","074646386026","JANGO.COM","Webcasting","01-JUN-20","30-JUN-20","","","CURRENT",.01226925,"",
"","SX2100D6RR","Bow Wow featuring Da Brat","Damn Thing","The Price Of Fame","Sony Urban Music/Columbia","USSM10606969","886970395724","Pandora - SONY","Direct Licensing","01-JUL-20","31-JUL-20","30","","CURRENT",.010845,"",
"","SX2107VZK9","Da Brat","Lyrical Molestation","Anuthatantrum","So So Def","USSM19603187","9399700017960","PANDORA.COM - Nonsubscription Webcast","Webcasting","01-JUL-20","31-JUL-20","23","","CURRENT",.01662975,"",
"","SX2107VZK5","Da Brat","Let's All Get High","Anuthatantrum","So So Def","USSM19603182","9399700017960","PANDORA.COM - Nonsubscription Webcast","Webcasting","01-JUL-20","31-JUL-20","1259","","CURRENT",.9103185,"",
"","SX2100V3R5","Da Brat & Bow Wow  Dem Franchize Boyz feat. Jermaine Dupri","I Think They Like Me","Jermaine Dupri Presents... Young, Fly & Flashy Vol. 1","Virgin Records America","USVI20500231","724387387522","Google Play Music","Webcasting","01-JUL-20","31-JUL-20","344","","CURRENT",.04974389,"",
"","SX2100D8A4","Da Brat","Give It 2 You","Funkdafied","So So Def/Work","USSM10021887","074646616420","Pinnacle Hip Hop","Webcasting","01-AUG-17","31-AUG-17","","","CURRENT",.01141425,"",
"","SX2107VZK4","Da Brat","Sittin' On Top Of The World","Anuthatantrum","So So Def","USSM19603181","9399700017960","Pinnacle Hip Hop","Webcasting","01-OCT-18","31-OCT-18","","","CURRENT",.01697175,"",
"","SX31026N2G","Da Brat","Funkdafied","","","USSM19402033","","Pinnacle Hip Hop","Webcasting","01-OCT-17","31-OCT-17","","","CURRENT",.01038825,"",
"","SX2100V3R5","Bow Wow  Da Brat  Dem Franchize Boyz  Jermaine Dupri  The Kid Slim","I Think They Like Me","On Top Of Our Game","Virgin Records Ltd","USVI20500231","094635342352","NTS Radio","Webcasting","01-FEB-20","29-FEB-20","","","CURRENT",.01026855,"",
"","SX31026N2G","Da Brat","Funkdafied","","","USSM19402033","","Sirius XM Radio, Inc","Cable Radio","01-JUL-20","31-JUL-20","","","CURRENT",.043092,"",
"","SX2100D8A9","Da Brat","Funkdafied","Funkdafied","So So Def/Work","USSM19402033","074646616420","Radio Now, LLC","Webcasting","01-JUL-20","31-JUL-20","","","CURRENT",.022401,"",
"","SX2100ELZT","Da Brat","That's What I'm Looking For","Unrestricted","So So Def","USSM19924161","074646977224","Pinnacle Hip Hop","Webcasting","01-JUL-18","31-JUL-18","","","CURRENT",.014022,"",
"","SX2104D2G0","Missy Elliott / Aaliyah / Da Brat","Stickin' Chickens","Da Real World","Elektra Entertainment Group","USEW19900175","075596243841","Google Play Music","Webcasting","01-JUL-20","31-JUL-20","60","","CURRENT",.0144623,"",
"","SX3101HMLD","DRU HILL/DA BRAT/JD","IN MY BED (REMIX)","SO SO DEF: DEFINITION OF A REMIX","SONY","","","Sirius XM Radio, Inc","Webcasting","01-JUL-20","31-JUL-20","","","CURRENT",2.07162324,"",
"","SX2100D8A4","Da Brat","Give It 2 You","Funkdafied","So So Def/Work","USSM10021887","074646616420","Pinnacle Hip Hop","Webcasting","01-JUL-20","31-JUL-20","","","CURRENT",.01013175,"",
"","SX2104GIM8","Da Brat  Total","No One Else (feat. Da Brat)","","","USBB40581128","","KRMP","Webcasting","01-MAR-19","31-MAR-19","","","CURRENT",.0628425,"",
"","SX2100V18W","Bow Wow  Da Brat  Dem Franchize Boyz  Jermaine Dupri","I Think They Like Me","On Top Of Our Game (Screwed & Chopped)","Virgin Records Ltd","USVI20600159","094636270753","Pandora - Universal","Direct Licensing","01-JUL-20","31-JUL-20","1496","","CURRENT",.27024749,"",
"","SX2104GIM8","Total featuring Da Brat","No One Else (feat. Da Brat)","Total","Atlantic Recording Corp.","USBB40581128","786127300628","Sirius XM Radio, Inc","Webcasting","01-JUL-20","31-JUL-20","","","CURRENT",2.85071963,"",
"","SX2100V3R5","Bow Wow  Da Brat  Dem Franchize Boyz  Jermaine Dupri  The Kid Slim","I Think They Like Me","On Top Of Our Game","Virgin Records Ltd","USVI20500231","094635342352","NTS Radio","Webcasting","01-JAN-20","31-JAN-20","","","CURRENT",.01013175,"",
"","SX210NZ0UE","Jermaine Dupri & Da Brat","Alessandro Michele","","","USUYG1113336","","Pandora - Empire","Direct Licensing","01-JUL-20","31-JUL-20","119","","CURRENT",.04536,"",
"","SX2100ELZT","Da Brat","That's What I'm Looking For","Unrestricted","So So Def","USSM19924161","074646977224","Pinnacle Hip Hop","Webcasting","01-JAN-19","31-JAN-19","","","CURRENT",.01543275,"",
"","SX3101HMLD","DRU HILL/DA BRAT/JD","IN MY BED (REMIX)","SO SO DEF: DEFINITION OF A REMIX","SONY","","","Sirius XM Radio, Inc","Cable Radio","01-JUL-20","31-JUL-20","","","CURRENT",.20113622,"",
"","SX2104D2E3","Missy Elliott & Da Brat","Sock It 2 Me (feat. Da Brat)","Supa Dupa Fly","Elektra Entertainment Group","USEW19706203","075596206228","Sirius XM Radio, Inc","Webcasting","01-JUL-20","31-JUL-20","","","CURRENT",3.17818462,"",
"","SX2100ELZQ","Da Brat  LaTocha Scott  Trey Lorenz","High Come Down","Unrestricted","So So Def","USSM19929831","074646977224","PANDORA.COM - Subscription Webcast","Webcasting","01-JUL-20","31-JUL-20","63","","CURRENT",.06074775,"",
"","SX3100LJ6W","Total featuring Da Brat","No One Else (feat. Da Brat)","Total","Atlantic Recording Corp.","USBB40581128","786127300666","Cumulus Media, Inc.","Webcasting","01-JUN-20","30-JUN-20","98","","CURRENT",.03550388,"",
"","SX31022U4K","DA BRAT","IN LOVE WIT CHEW (CLEAN EDIT)","COMP PROMO","SO SO DEF","","","IMVU.COM","Webcasting","01-JUL-20","31-JUL-20","","","CURRENT",.01158525,"",
"","SX2100ELZS","Da Brat  Tyrese","What'chu Like","Unrestricted","So So Def","USSM19927446","074646977224","DEEZER.COM","Webcasting","01-JUL-20","31-JUL-20","113","","CURRENT",.04080487,"",
"","SX2100EA55","Dru Hill","In My Bed","Hits","Def Soul","USIR29700123","602537796953","NTS Radio","Webcasting","01-JAN-20","31-JAN-20","","","CURRENT",.01133101,"",
"","SX3102XZXJ","Da Brat  Tyrese","What'chu Like","","","USSM19927449","","Sirius XM Radio, Inc","Cable Radio","01-JUL-20","31-JUL-20","","","CURRENT",.258552,"",
"","SX2100D8A9","Da Brat","Funkdafied","","","USSM19402033","","DriveTime","Webcasting","01-JUN-20","30-JUN-20","","","CURRENT",.010602,"",
"","SX3102QPCJ","Da Brat  Tyrese","What'chu Like","Unrestricted","So So Def","USSM19927449","074646386026","IMVU.COM","Webcasting","01-JUL-20","31-JUL-20","","","CURRENT",.02167425,"",
"","SX2107VZK4","Da Brat","Sittin' On Top Of The World","Anuthatantrum","So So Def","USSM19603181","9399700017960","Pinnacle Hip Hop","Webcasting","01-DEC-17","31-DEC-17","","","CURRENT",.01474875,"",
"","SX2100D8A8","Da Brat","May Da Funk Be Wit 'Cha","Funkdafied","So So Def/Work","USSM10024867","074646616420","Pandora - SONY","Direct Licensing","01-JUL-20","31-JUL-20","595","","CURRENT",.42993,"",
"","SX31026V4M","MARIAH CAREY/DA BRAT/XSCAPE","ALWAYS BE MY BABY","ALWAYS BE MY BABY","","","","Cumulus Media, Inc.","Webcasting","01-JUN-20","30-JUN-20","210","","CURRENT",.05071068,"",
"","SX3100LJ6W","Total featuring Da Brat","No One Else (feat. Da Brat)","Total","Atlantic Recording Corp.","USBB40581128","786127300666","CALMRADIO.COM","Webcasting","01-MAY-20","31-MAY-20","","","CURRENT",.02962574,"",
"","SX2100D8A9","Da Brat","Funkdafied","Funkdafied","So So Def/Work","USSM19402033","074646616420","Sirius XM Radio, Inc","SDARS","01-JUL-20","31-JUL-20","","23","CURRENT",498.355218,"",
"","SX2100D8A4","Da Brat","Give It 2 You","Funkdafied","So So Def/Work","USSM10021887","074646616420","Pinnacle Hip Hop","Webcasting","01-AUG-18","31-AUG-18","","","CURRENT",.01252575,"",
"","SX2107VZK4","Da Brat","Sittin' On Top Of The World","Anuthatantrum","So So Def","USSM19603181","9399700017960","Pinnacle Hip Hop","Webcasting","01-NOV-19","30-NOV-19","","","CURRENT",.012483,"",
"","SX3100MOSW","Da Brat  T-Boz","Ghetto Love","Anuthatantrum","So So Def","USSM19603186","9399700017960","PANDORA.COM - Subscription Webcast","Webcasting","01-JUL-20","31-JUL-20","318","","CURRENT",.306603,"",
"","SX31010929","MISSY ELLIOTT & DA BRAT","SOCK IT TO ME","FOREIGN ROYALTIES - NO ALBUM PROVIDED","","","","Urban One","Webcasting","01-JUL-20","31-JUL-20","140","","CURRENT",.0517275,"",
"","SX2100ELZS","Da Brat  Tyrese","What'chu Like","Unrestricted","So So Def","USSM19927446","074646977224","Music Choice","PES","01-JUL-20","31-JUL-20","","","CURRENT",.1278225,"",
"","SX3101W9O9","DA BRAT/NOTORIOUS B.I.G.","BSIDE","","INDEPENDENT","","","iHeartRadio","Webcasting","01-JUN-20","30-JUN-20","542","","CURRENT",.19581637,"",
"","SX2104D2E3","Missy Elliott & Da Brat","Sock It 2 Me (feat. Da Brat)","Supa Dupa Fly","East/West","USEW19706203","075596213721","Pandora - Warner","Direct Licensing","01-JUL-20","31-JUL-20","53949","","CURRENT",19.494495,"",
"","SX2107VZK4","Da Brat","Sittin' On Top Of The World","Anuthatantrum","So So Def","USSM19603181","9399700017960","Pinnacle Hip Hop","Webcasting","01-AUG-18","31-AUG-18","","","CURRENT",.0147915,"",
"","SX2100D8A9","Da Brat","Funkdafied","","","USSM19402033","","TUNEIN INC.","Webcasting","01-JUL-20","31-JUL-20","","","CURRENT",1.8841635,"",
"","SX2100ELZT","Da Brat","That's What I'm Looking For","Unrestricted","So So Def","USSM19924161","074646977224","Pinnacle Hip Hop","Webcasting","01-APR-20","30-APR-20","","","CURRENT",.012996,"",
"","SX2107VZK4","Da Brat","Sittin' On Top Of The World","Anuthatantrum","So So Def","USSM19603181","9399700017960","Pinnacle Hip Hop","Webcasting","01-JUL-19","31-JUL-19","","","CURRENT",.01175625,"",
"","SX2100IF4F","Lathun (Featuring Da Brat)","Freak It","Love You Down / Freak It","So So Def/Columbia","USSM19702947","098707880223","PANDORA.COM - Nonsubscription Webcast","Webcasting","01-JUL-20","31-JUL-20","7905","","CURRENT",2.85781612,"",
"","SX2100D63O","Da Brat Featuring Cherish","In Love Wit Chu","Limelite, Luv & Niteclubz","Arista","USAR10300642","828765158626","DEEZER.COM","Webcasting","01-JUL-20","31-JUL-20","34","","CURRENT",.01226925,"",
"","SX2100D8A2","Da Brat","Fire It Up","Funkdafied","So So Def/Work","USSM10027859","074646616420","Pandora - SONY","Direct Licensing","01-JUL-20","31-JUL-20","613","","CURRENT",.44289,"",
"","SX2100ELZT","Da Brat","That's What I'm Looking For","Unrestricted","So So Def","USSM19924161","074646977224","Pinnacle Hip Hop","Webcasting","01-JUN-18","30-JUN-18","","","CURRENT",.0176985,"",
"","SX2100D8A3","Da Brat","Mind Blowin'","Funkdafied","So So Def/Work","USSM10020893","074646616420","Pandora - SONY","Direct Licensing","01-JUL-20","31-JUL-20","26","","CURRENT",.01881,"",
"","SX2107VZK4","Da Brat","Sittin' On Top Of The World","Anuthatantrum","So So Def","USSM19603181","9399700017960","Pinnacle Hip Hop","Webcasting","01-JUL-18","31-JUL-18","","","CURRENT",.011799,"",
"","SX2100ELZS","Da Brat  Tyrese","What'chu Like","","","USSM19927446","","iHeartRadio","Webcasting","01-JUN-20","30-JUN-20","1112","","CURRENT",.40174313,"",
"","SX2100D8A9","Da Brat","Funkdafied","","","USSM19402033","","WXCM-HD3","Webcasting","01-JUL-20","31-JUL-20","","","CURRENT",.02312775,"",
"","SX2104D2EL","Da Brat  Missy Elliott","Sock It 2 Me (feat. Da Brat)","","","USEW19709503","","Pinnacle Hip Hop","Webcasting","01-JAN-18","31-JAN-18","","","CURRENT",.01107225,"",
"","SX2100ELZX","Da Brat","All My Bitches","Unrestricted","So So Def","USSM19929832","074646977224","PANDORA.COM - Nonsubscription Webcast","Webcasting","01-JUL-20","31-JUL-20","19","","CURRENT",.01372275,"",
"","SX2107VZK4","Da Brat","Sittin' On Top Of The World","Anuthatantrum","So So Def","USSM19603181","9399700017960","Pinnacle Hip Hop","Webcasting","01-NOV-17","30-NOV-17","","","CURRENT",.01141425,"",
"","SX2100YPXN","Brooke Valentine feat. Lil Jon  Da Brat  Remy Ma & Miss B","Girlfight","Girlfight (Remix)","Virgin Records America","USVI20500128","724387263857","Google Play Music","Webcasting","01-JUL-20","31-JUL-20","95","","CURRENT",.01717481,"",
"","SX2107VZK4","Da Brat","Sittin' On Top Of The World","Anuthatantrum","So So Def","USSM19603181","9399700017960","Pinnacle Hip Hop","Webcasting","01-DEC-18","31-DEC-18","","","CURRENT",.01081575,"",
"","SX2100D8A4","Da Brat","Give It 2 You","Funkdafied","So So Def/Work","USSM10021887","074646616420","iHeartRadio","Webcasting","01-JUN-20","30-JUN-20","392","","CURRENT",.2832615,"",
"","SX2100ELZT","Da Brat","That's What I'm Looking For","","","USSM19924161","","PANDORA.COM - Subscription Webcast","Webcasting","01-JUL-20","31-JUL-20","2190","","CURRENT",2.111337,"",
"","SX210N1POT","Da Brat  Jermaine Dupri  Usher","The Party Continues","","","USSM11605073","","iHeartRadio","Webcasting","01-JUN-20","30-JUN-20","46","","CURRENT",.01108872,"",
"","SX3100LJ6W","Total featuring Da Brat","No One Else (feat. Da Brat)","Total","Atlantic Recording Corp.","USBB40581128","786127300666","Townsquare Media Broadcasting","Webcasting","01-JUL-20","31-JUL-20","717","","CURRENT",.26115975,"",
"","SX31026N2G","Da Brat","Funkdafied","","","USSM19402033","","Sirius XM Radio, Inc","Webcasting","01-JUL-20","31-JUL-20","","","CURRENT",.05546813,"",
"","SX2100ELZT","Da Brat","That's What I'm Looking For","Unrestricted","So So Def","USSM19924161","074646977224","Pinnacle Hip Hop","Webcasting","01-OCT-17","31-OCT-17","","","CURRENT",.02210175,"",
"","SX2100ELZT","Da Brat","That's What I'm Looking For","Unrestricted","So So Def","USSM19924161","074646977224","Pinnacle Hip Hop","Webcasting","01-NOV-19","30-NOV-19","","","CURRENT",.01765575,"",
"","SX2100D8A7","Da Brat","Da Shit Ya Can't Fuc Wit","Funkdafied","So So Def/Work","USSM10024868","074646616420","Pandora - SONY","Direct Licensing","01-JUL-20","31-JUL-20","16","","CURRENT",.01152,"",
"","SX2100D63V","Da Brat","Boom","","","USAR10300635","","iHeartRadio","Webcasting","01-JUN-20","30-JUN-20","46","","CURRENT",.0332595,"",
"","SX2100ELZT","Da Brat","That's What I'm Looking For","Unrestricted","So So Def","USSM19924161","074646977224","Pinnacle Hip Hop","Webcasting","01-OCT-19","31-OCT-19","","","CURRENT",.0241965,"",
"","SX2100D8A4","Da Brat","Give It 2 You","Funkdafied","So So Def/Work","USSM10021887","074646616420","Pinnacle Hip Hop","Webcasting","01-APR-20","30-APR-20","","","CURRENT",.01517625,"",
"","SX3102DTYW","DA BRAT/NOTORIOUS B.I.G.","DA B SIDE DA BRAT","THE ULTIMATE R&B COLLECTION","WARNER MUSIC GROUP","","","Sirius XM Radio, Inc","SDARS","01-JUL-20","31-JUL-20","","3","CURRENT",32.50143563,"",
"","SX2100ELZW","Da Brat  Millie Jackson  Twista","Intro","Unrestricted","So So Def","USSM19929824","074646977224","PANDORA.COM - Subscription Webcast","Webcasting","01-JUL-20","31-JUL-20","12","","CURRENT",.01158525,"",
"","SX2100ELZT","Da Brat","That's What I'm Looking For","Unrestricted","So So Def","USSM19924161","074646977224","Pinnacle Hip Hop","Webcasting","01-MAR-19","31-MAR-19","","","CURRENT",.012483,"",
"","SX2100ELZS","Da Brat  Tyrese","What'chu Like","Unrestricted","Columbia","USSM19927446","5099749178021","TUNEIN INC.","Webcasting","01-JUL-20","31-JUL-20","","","CURRENT",.41225962,"",
"","SX2107VZK4","Da Brat","Sittin' On Top Of The World","Anuthatantrum","So So Def","USSM19603181","9399700017960","Pinnacle Hip Hop","Webcasting","01-OCT-19","31-OCT-19","","","CURRENT",.01688625,"",
"","SX3101WR5J","Da Brat  Tyrese","What'chu Like","","","USSM19927446","","PANDORA.COM - Subscription Webcast","Webcasting","01-JUL-20","31-JUL-20","16890","","CURRENT",16.2837315,"",
"","SX31026QHM","DRU HILL/JERMAINE DUPRI/DA BRAT","IN MY BED (RMX)","","","","","Urban One","Webcasting","01-JUL-20","31-JUL-20","309","","CURRENT",.07612447,"",
"","SX3103JB0C","Angie Martinez  Da Brat  Left Eye  Lil' Kim  Missy Misdemeanor Elliott","Not Tonight (feat. Da Brat, Left Eye, Missy Misdemeanor Elliott and Angie Martinez)","","","USAT29801132","","Sirius XM Radio, Inc","Cable Radio","01-JUL-20","31-JUL-20","","","CURRENT",.0172368,"",
"","SX2100D8A4","Da Brat","Give It 2 You","Funkdafied","So So Def/Work","USSM10021887","074646616420","Pinnacle Hip Hop","Webcasting","01-JUN-19","30-JUN-19","","","CURRENT",.017613,"",
"","SX2100D8A4","Da Brat","Give It 2 You","Funkdafied","So So Def/Work","USSM10021887","074646616420","Pinnacle Hip Hop","Webcasting","01-MAR-18","31-MAR-18","","","CURRENT",.01406475,"",
"","SX2100D8A4","Da Brat","Give It 2 You","Funkdafied","So So Def/Work","USSM10021887","074646616420","Pinnacle Hip Hop","Webcasting","01-NOV-17","30-NOV-17","","","CURRENT",.0134235,"",
"","SX2100D8A4","Da Brat","Give It 2 You","Funkdafied","So So Def/Work","USSM10021887","074646616420","Pinnacle Hip Hop","Webcasting","01-APR-19","30-APR-19","","","CURRENT",.01543275,"",
"","SX31018Q5U","Dru Hill","In My Bed","12'' Club Classics - 90s R&B","Island Records Ltd","USIR29700123","600753341421","YouTube Audio","Webcasting","01-JUL-20","31-JUL-20","97","","CURRENT",.02253375,"",
"","SX2100D82A","Da Brat","Funkdafied","","","USSM19400530","","Cox Radio Interactive","Webcasting","01-JUL-20","31-JUL-20","2258","","CURRENT",1.7463375,"",
"","SX3102QPCJ","Da Brat  Tyrese","What'chu Like","Unrestricted","So So Def","USSM19927449","074646386026","Entercom Communications Corp.","Webcasting","01-JUL-20","31-JUL-20","47","","CURRENT",.01697175,"",
"","SX2104D2EL","Missy Elliott & Da Brat","Sock It 2 Me (feat. Da Brat)","Supa Dupa Fly","Elektra Entertainment Group","USEW19709503","075596209540","Music Choice","PES","01-JUL-20","31-JUL-20","","","CURRENT",.287622,"",
"","SX2107VZKD","Da Brat","Just A Little Bit More","Anuthatantrum","So So Def","USSM19603184","9399700017960","PANDORA.COM - Subscription Webcast","Webcasting","01-JUL-20","31-JUL-20","23","","CURRENT",.02218725,"",
"","SX3101HMLD","DRU HILL/DA BRAT/JD","IN MY BED (REMIX)","SO SO DEF: DEFINITION OF A REMIX","SONY","","","Cumulus Media, Inc.","Webcasting","01-JUN-20","30-JUN-20","352","","CURRENT",.08501825,"",
"","SX31000R2U","DRU HILL/DA BRAT","IN MY BED REMIX","","","","","WJMR","Webcasting","01-JUL-20","31-JUL-20","","","CURRENT",.16257825,"",
"","SX2100ELZS","Da Brat  Tyrese","What'chu Like","Unrestricted","So So Def","USSM19927446","074646977224","Sirius XM Radio, Inc","Cable Radio","01-JUL-20","31-JUL-20","","","CURRENT",.043092,"",
"","SX3101HMLD","DRU HILL/DA BRAT/JD","IN MY BED (REMIX)","SO SO DEF: DEFINITION OF A REMIX","SONY","","","Sirius XM Radio, Inc","SDARS","01-JUL-20","31-JUL-20","","9","CURRENT",65.01585758,"",
"","SX2100D8A4","Da Brat","Give It 2 You","Funkdafied","So So Def/Work","USSM10021887","074646616420","Sirius XM Radio, Inc","SDARS","01-JUL-20","31-JUL-20","","4","CURRENT",86.670495,"",
"","SX2100D8A4","Da Brat","Give It 2 You","Funkdafied","So So Def/Work","USSM10021887","074646616420","JANGO.COM","Webcasting","01-JUN-20","30-JUN-20","","","CURRENT",.01440675,"",
"","SX2100D8A2","Da Brat","Fire It Up","","","USSM10027859","","iHeartRadio","Webcasting","01-JUN-20","30-JUN-20","77","","CURRENT",.0556605,"",
"","SX31004VLW","BRANDY/SHAUNTA/DA BRAT","U DON'T KNOW ME (LIKE U USED TO) (REMIX)","NEVER SAY NEVER","ATLANTIC/WARNER","","","Google Play Music","Webcasting","01-JUL-20","31-JUL-20","680","","CURRENT",.16385861,"",
"","SX2107VZK4","Da Brat","Sittin' On Top Of The World","Anuthatantrum","So So Def","USSM19603181","9399700017960","Pinnacle Hip Hop","Webcasting","01-FEB-19","28-FEB-19","","","CURRENT",.012483,"",
"","SX2100V3R5","Bow Wow  Da Brat  Dem Franchize Boyz  Jermaine Dupri  The Kid Slim","I Think They Like Me","","","USVI20500231","","Pandora - Universal","Direct Licensing","01-JUL-20","31-JUL-20","6636","","CURRENT",.959022,"",
"","SX2100ELZT","Da Brat","That's What I'm Looking For","Unrestricted","So So Def","USSM19924161","074646977224","Pinnacle Hip Hop","Webcasting","01-FEB-18","28-FEB-18","","","CURRENT",.0147915,"",
"","SX2104D2G0","Missy Elliott / Aaliyah / Da Brat","Stickin' Chickens","Da Real World","Elektra Entertainment Group","USEW19900175","075596224468","Pandora - Warner","Direct Licensing","01-JUL-20","31-JUL-20","49","","CURRENT",.01178882,"",
"","SX3100LJ6W","Total featuring Da Brat","No One Else (feat. Da Brat)","Total","Atlantic Recording Corp.","USBB40581128","786127300666","Entercom Communications Corp.","Webcasting","01-JUL-20","31-JUL-20","224","","CURRENT",.08090437,"",
"","SX3101KUQS","DA BRAT","GIVE IT TO YOU","SINGLE","SONY SPECIAL PRODUCT","","","Cumulus Media, Inc.","Webcasting","01-JUN-20","30-JUN-20","116","","CURRENT",.0840465,"",
"","SX2100D8A9","Da Brat","Funkdafied","Funkdafied","So So Def/Work","USSM19402033","074646616420","Pinnacle Hip Hop","Webcasting","01-AUG-19","31-AUG-19","","","CURRENT",.01320975,"",
"","SX2100ELZT","Da Brat","That's What I'm Looking For","Unrestricted","So So Def","USSM19924161","074646977224","Pinnacle Hip Hop","Webcasting","01-MAY-19","31-MAY-19","","","CURRENT",.01543275,"",
"","SX3101BCFI","LIL' KIM/LEFT EYE/DA BRAT/MISSY ELLIOT/ANGIE MARTINEZ","NOT TONIGHT (REMIX)","NOTHING TO LOSE [ST]","TOMMY BOY MUSIC","","","Sirius XM Radio, Inc","Webcasting","01-JUL-20","31-JUL-20","","","CURRENT",.555579,"",
"","SX2100EA55","Dru Hill","In My Bed","","","USIR29700123","","iHeartRadio","Webcasting","01-JUN-20","30-JUN-20","31463","","CURRENT",7.5800647,"",
"","SX2100D8A8","Da Brat","May Da Funk Be Wit 'Cha","","","USSM10024867","","iHeartRadio","Webcasting","01-JUN-20","30-JUN-20","103","","CURRENT",.07442775,"",
"","SX2100V3R5","Da Brat & Bow Wow  Dem Franchize Boyz feat. Jermaine Dupri","I Think They Like Me","On Top Of Our Game","Virgin Records America","USVI20500231","094635473025","Sirius XM Radio, Inc","Cable Radio","01-JUL-20","31-JUL-20","","","CURRENT",.0517104,"",
"","SX2100ELZT","Da Brat","That's What I'm Looking For","Unrestricted","So So Def","USSM19924161","074646977224","Pinnacle Hip Hop","Webcasting","01-JUL-17","31-JUL-17","","","CURRENT",.0127395,"",
"","SX2107VZK4","Da Brat","Sittin' On Top Of The World","Anuthatantrum","So So Def","USSM19603181","9399700017960","Pinnacle Hip Hop","Webcasting","01-MAR-19","31-MAR-19","","","CURRENT",.012483,"",
"","SX2100MFD8","Da Brat  Jermaine Dupri  Krayzie Bone","Don't Hate On Me","The Collection Volume Two","Epic","USSM19801129","9399700082555","Pandora - The Orchard","Direct Licensing","01-JUL-20","31-JUL-20","126","","CURRENT",.03035696,"",
"","SX2100D8A9","Da Brat","Funkdafied","","","USSM19402033","","Urban One","Webcasting","01-JUL-20","31-JUL-20","2230","","CURRENT",1.64788425,"",
"","SX2107VZK4","Da Brat","Sittin' On Top Of The World","Anuthatantrum","So So Def","USSM19603181","9399700017960","Pinnacle Hip Hop","Webcasting","01-NOV-18","30-NOV-18","","","CURRENT",.01252575,"",
"","SX2100D7LB","Da Brat  Mariah Carey  Missy Elliott","Heartbreaker","Rainbow","Columbia","USSM19907865","5099749506558","Music Choice","PES","01-JUL-20","31-JUL-20","","","CURRENT",.23433206,"",
"","SX2107VZK8","Da Brat","Live It Up","","","USSM19603188","","Pandora - SONY","Direct Licensing","01-JUL-20","31-JUL-20","240","","CURRENT",.17343,"",
"","SX2100V3R5","Bow Wow  Da Brat  Dem Franchize Boyz  Jermaine Dupri  The Kid Slim","I Think They Like Me","","","USVI20500231","","YouTube Audio","Webcasting","01-JUL-20","31-JUL-20","232","","CURRENT",.03233611,"",
"","SX2100ELZM","Da Brat","Chi Town","Unrestricted","So So Def","USSM19929828","074646977224","PANDORA.COM - Nonsubscription Webcast","Webcasting","01-JUL-20","31-JUL-20","49","","CURRENT",.03543975,"",
"","SX2100ELZT","Da Brat","That's What I'm Looking For","Unrestricted","So So Def","USSM19924161","074646977224","Pinnacle Hip Hop","Webcasting","01-JUL-20","31-JUL-20","","","CURRENT",.01372275,"",
"","SX2100EA55","Dru Hill","In My Bed","","","USIR29700123","","Entercom Communications Corp.","Webcasting","01-JUL-20","31-JUL-20","5045","","CURRENT",1.21514098,"",
"","SX2107VZK4","Da Brat","Sittin' On Top Of The World","Anuthatantrum","So So Def","USSM19603181","9399700017960","Pinnacle Hip Hop","Webcasting","01-AUG-19","31-AUG-19","","","CURRENT",.01466325,"",
"","SX2100D8A4","Da Brat","Give It 2 You","Funkdafied","So So Def/Work","USSM10021887","074646616420","Pinnacle Hip Hop","Webcasting","01-JUN-18","30-JUN-18","","","CURRENT",.01774125,"",
"","SX2100D8A4","Da Brat","Give It 2 You","Funkdafied","So So Def/Work","USSM10021887","074646616420","Pinnacle Hip Hop","Webcasting","01-AUG-19","31-AUG-19","","","CURRENT",.012483,"",
"","SX2100D8A4","Da Brat","Give It 2 You","Funkdafied","So So Def/Work","USSM10021887","074646616420","Sirius XM Radio, Inc","Cable Radio","01-JUL-20","31-JUL-20","","","CURRENT",.344736,"",
"","SX3102XZXJ","Da Brat  Tyrese","What'chu Like","","","USSM19927449","","Sirius XM Radio, Inc","SDARS","01-JUL-20","31-JUL-20","","6","CURRENT",65.00284987,"",
"","SX3101WR5J","Da Brat  Tyrese","What'chu Like","","","USSM19927446","","KDAY","Webcasting","01-JUN-20","30-JUN-20","","","CURRENT",.118503,"",
"","SX2100D7LH","Da Brat","That's What I'm Looking For","","","USSM19924162","","IMVU.COM","Webcasting","01-JUL-20","31-JUL-20","","","CURRENT",.0173565,"",
"","SX2100ELZT","Da Brat","That's What I'm Looking For","Unrestricted","So So Def","USSM19924161","074646977224","Pinnacle Hip Hop","Webcasting","01-FEB-19","28-FEB-19","","","CURRENT",.01466325,"",
"","SX2107VZK4","Da Brat","Sittin' On Top Of The World","Anuthatantrum","So So Def","USSM19603181","9399700017960","Pinnacle Hip Hop","Webcasting","01-JAN-20","31-JAN-20","","","CURRENT",.01226925,"",
"","SX2100ELZT","Da Brat","That's What I'm Looking For","Unrestricted","So So Def","USSM19924161","074646977224","Pinnacle Hip Hop","Webcasting","01-MAY-20","31-MAY-20","","","CURRENT",.01517625,"",
"","SX2104D2E3","Missy Elliott & Da Brat","Sock It 2 Me (feat. Da Brat)","Supa Dupa Fly","Elektra Entertainment Group","USEW19706203","075596206228","Sirius XM Radio, Inc","SDARS","01-JUL-20","31-JUL-20","","1","CURRENT",10.83381188,"",
"","SX3102QPCJ","Da Brat  Tyrese","What'chu Like","Unrestricted","So So Def","USSM19927449","074646386026","Radio Now, LLC","Webcasting","01-JUL-20","31-JUL-20","","","CURRENT",.012654,"",
"","SX2100O8NQ","Da Brat  Jermaine Dupri  Missy Elliott","That's What I'm Looking For","","","USSM10006757","","iHeartRadio","Webcasting","01-JUN-20","30-JUN-20","1518","","CURRENT",.36558994,"",
"","SX2100D8A6","Da Brat","Ain't No Thang","Funkdafied","So So Def/Work","USSM10021885","074646616420","Pandora - SONY","Direct Licensing","01-JUL-20","31-JUL-20","15","","CURRENT",.0108,"",
"","SX2104D2EL","Da Brat  Missy Elliott","Sock It 2 Me (feat. Da Brat)","","","USEW19709503","","Pinnacle Hip Hop","Webcasting","01-JAN-20","31-JAN-20","","","CURRENT",.01081575,"",
"","SX2104GIM8","Da Brat  Total","No One Else (feat. Da Brat)","","","USBB40581128","","DEEZER.COM","Webcasting","01-JUL-20","31-JUL-20","35","","CURRENT",.01263262,"",
"","SX2100D63U","Da Brat","Got It Poppin'","Limelite, Luv & Niteclubz","Arista","USAR10300636","888880307958","Pandora - SONY","Direct Licensing","01-JUL-20","31-JUL-20","49","","CURRENT",.03537,"",
"","SX31026N2G","Da Brat","Funkdafied","","","USSM19402033","","Pinnacle Hip Hop","Webcasting","01-OCT-19","31-OCT-19","","","CURRENT",.0113715,"",
"","SX2100ELZT","Da Brat","That's What I'm Looking For","Unrestricted","So So Def","USSM19924161","074646977224","Pinnacle Hip Hop","Webcasting","01-AUG-19","31-AUG-19","","","CURRENT",.01543275,"",
"","SX310287QJ","Da Brat  Tyrese","What'chu Like","Unrestricted","So So Def","USSM19927449","074646386026","IMVU.COM","Webcasting","01-JUL-20","31-JUL-20","","","CURRENT",.0674595,"",
"","SX2104D2E3","Missy Elliott & Da Brat","Sock It 2 Me (feat. Da Brat)","Supa Dupa Fly","Elektra Entertainment Group","USEW19706203","075596206228","Sirius XM Radio, Inc","Cable Radio","01-JUL-20","31-JUL-20","","","CURRENT",.043092,"",
"","SX2100EA55","Dru Hill","In My Bed","5 Steps","Island Records Ltd","USIR29700123","602527070230","Google Play Music","Webcasting","01-JUL-20","31-JUL-20","8912","","CURRENT",2.14830358,"",
"","SX2100ELZR","Da Brat  Mystikal","Hands In The Air","Unrestricted","So So Def","USSM19929830","074646977224","PANDORA.COM - Nonsubscription Webcast","Webcasting","01-JUL-20","31-JUL-20","42","","CURRENT",.01517625,"",
"","SX3100Q9T9","Da Brat  Destiny's Child","Survivor","Destiny Fulfilled (Value Added for Wal-Mart)","Sony Urban Music/Columbia","USSM10103691","827969291528","IMVU.COM","Webcasting","01-JUL-20","31-JUL-20","","","CURRENT",.01252575,"",
"","SX2100D8A9","Da Brat","Funkdafied","","","USSM19402033","","Google Play Music","Webcasting","01-JUL-20","31-JUL-20","637","","CURRENT",.460503,"",
"","SX2100D8A9","Da Brat","Funkdafied","","","USSM19402033","","Pandora - SONY","Direct Licensing","01-JUL-20","31-JUL-20","8676","","CURRENT",6.26895,"",
"","SX2100ELZS","Da Brat  Tyrese","What'chu Like","Unrestricted","Columbia","USSM19927446","5099749178021","WSRB","Webcasting","01-JUL-20","31-JUL-20","439","","CURRENT",.1586025,"",
"","SX2100ELZT","Da Brat","That's What I'm Looking For","Unrestricted","So So Def","USSM19924161","074646977224","Pinnacle Hip Hop","Webcasting","01-MAY-18","31-MAY-18","","","CURRENT",.0154755,"",
"","SX2100D8A4","Da Brat","Give It 2 You","Funkdafied","So So Def/Work","USSM10021887","074646616420","Pinnacle Hip Hop","Webcasting","01-OCT-19","31-OCT-19","","","CURRENT",.0161595,"",
"","SX3101BKUZ","Da Brat  The Notorious B.I.G.","Da B Side","ANUTHAFUNKDAFIEDTANTRUM","So So Def/Columbia","USSM19400536","074646792223","iHeartRadio","Webcasting","01-JUN-20","30-JUN-20","23","","CURRENT",.01662975,"",
"","SX3102VRYA","DA BRAT/MARIAH CAREY/XSCAPE","ALWAYS BE MY BABY (REMIX)","KEEP IT LOCKED TO MIDNIGHT EXPRESS RADIO","UMVD IMPORT","","","Urban One","Webcasting","01-JUL-20","31-JUL-20","7790","","CURRENT",1.9186276,"",
"","SX2104GIM8","Da Brat  Total","No One Else (feat. Da Brat)","","","USBB40581128","","Urban One","Webcasting","01-JUL-20","31-JUL-20","1542","","CURRENT",.56972925,"",
"","SX3101KUQS","DA BRAT","GIVE IT TO YOU","SINGLE","SONY SPECIAL PRODUCT","","","Urban One","Webcasting","01-JUL-20","31-JUL-20","147","","CURRENT",.10862775,"",
"","SX2100D63M","Da Brat","Gushy Wushy","Limelite, Luv & Niteclubz","Arista","USAR10300640","888880307958","Pandora - SONY","Direct Licensing","01-JUL-20","31-JUL-20","16","","CURRENT",.01152,"",
"","SX2100ELZT","Da Brat","That's What I'm Looking For","Unrestricted","So So Def","USSM19924161","074646977224","Pinnacle Hip Hop","Webcasting","01-AUG-18","31-AUG-18","","","CURRENT",.01543275,"",
"","SX2100EA55","Dru Hill","In My Bed","","","USIR29700123","","Pandora - Universal","Direct Licensing","01-JUL-20","31-JUL-20","28645","","CURRENT",6.90077988,"",
"","SX2100D63O","Cherish  Da Brat","In Love Wit Chu","","","USAR10300642","","iHeartRadio","Webcasting","01-JUN-20","30-JUN-20","872","","CURRENT",.3150675,"",
"","SX3103OOP3","Jagged Edge  Nelly","Where the Party At","Where The Party At","Columbia","USSM10103412","5099767132418","Cumulus Media, Inc.","Webcasting","01-JUN-20","30-JUN-20","3381","","CURRENT",.81667405,"",
"","SX2100D8A4","Da Brat","Give It 2 You","Funkdafied","So So Def/Work","USSM10021887","074646616420","Sirius XM Radio, Inc","Webcasting","01-JUL-20","31-JUL-20","","","CURRENT",8.63750925,"",
"","SX2100D8A3","Da Brat","Mind Blowin'","","","USSM10020893","","iHeartRadio","Webcasting","01-JUN-20","30-JUN-20","42","","CURRENT",.0303525,"",
"","SX2100V3R5","Da Brat & Bow Wow  Dem Franchize Boyz feat. Jermaine Dupri","I Think They Like Me","I Think They Like Me","Virgin Records America","USVI20500231","094635276527","Google Play Music","Webcasting","01-JUL-20","31-JUL-20","565","","CURRENT",.08169525,"",
"","SX31026N2G","Da Brat","Funkdafied","","","USSM19402033","","Sirius XM Radio, Inc","SDARS","01-JUL-20","31-JUL-20","","1","CURRENT",10.83381187,"",
"","SX3100LJ6W","Total featuring Da Brat","No One Else (feat. Da Brat)","Total","Atlantic Recording Corp.","USBB40581128","786127300666","CALMRADIO.COM","Webcasting","01-JUL-20","31-JUL-20","","","CURRENT",.03370836,"",
"","SX2100MFD8","Da Brat  Jermaine Dupri  Krayzie Bone","Don't Hate On Me","Life In 1472 (The Original Soundtrack)","So So Def","USSM19801129","886445972085","Pandora - SONY","Direct Licensing","01-JUL-20","31-JUL-20","820","","CURRENT",.19747025,"",
"","SX2104D2E3","Missy Elliott & Da Brat","Sock It 2 Me (feat. Da Brat)","Supa Dupa Fly","Elektra Entertainment Group","USEW19706203","075596206242","TUNEIN INC.","Webcasting","01-JUL-20","31-JUL-20","","","CURRENT",.20740162,"",
"","SX2104GIM8","Total featuring Da Brat","No One Else (feat. Da Brat)","Total","Atlantic Recording Corp.","USBB40581128","786127300628","Sirius XM Radio, Inc","SDARS","01-JUL-20","31-JUL-20","","4","CURRENT",43.33522613,"",
"","SX2100D8A4","Da Brat","Give It 2 You","Funkdafied","So So Def/Work","USSM10021887","074646616420","Pinnacle Hip Hop","Webcasting","01-JAN-20","31-JAN-20","","","CURRENT",.01662975,"",
"","SX2100D82C","Da Brat","Funkdafied","","","USSM19400534","","iHeartRadio","Webcasting","01-JUN-20","30-JUN-20","829","","CURRENT",.599013,"",
"","SX2104D2EL","Missy Elliott & Da Brat","Sock It 2 Me (feat. Da Brat)","Supa Dupa Fly","Atlantic Records/ATG","USEW19709503","075596209564","Pandora - Warner","Direct Licensing","01-JUL-20","31-JUL-20","470","","CURRENT",.16983,"",
"","SX2100D8A7","Da Brat","Da Shit Ya Can't Fuc Wit","","","USSM10024868","","iHeartRadio","Webcasting","01-JUN-20","30-JUN-20","91","","CURRENT",.0657495,"",
"","SX2100D8A4","Da Brat","Give It 2 You","Funkdafied","So So Def/Work","USSM10021887","074646616420","Pinnacle Hip Hop","Webcasting","01-MAY-19","31-MAY-19","","","CURRENT",.01320975,"",
"","SX3102QPCJ","Da Brat  Tyrese","What'chu Like","Unrestricted","So So Def","USSM19927449","074646386026","iHeartRadio","Webcasting","01-JUN-20","30-JUN-20","1987","","CURRENT",.71790075,"",
"","SX2107VZK4","Da Brat","Sittin' On Top Of The World","Anuthatantrum","So So Def","USSM19603181","9399700017960","Pinnacle Hip Hop","Webcasting","01-JAN-19","31-JAN-19","","","CURRENT",.012483,"",
"","SX2100D8A4","Da Brat","Give It 2 You","Funkdafied","So So Def/Work","USSM10021887","074646616420","Pinnacle Hip Hop","Webcasting","01-NOV-19","30-NOV-19","","","CURRENT",.014706,"",
"","SX2100ELZQ","Da Brat  LaTocha Scott  Trey Lorenz","High Come Down","Unrestricted","So So Def","USSM19929831","074646977224","PANDORA.COM - Nonsubscription Webcast","Webcasting","01-JUL-20","31-JUL-20","240","","CURRENT",.17352225,"",
"","SX2107VZK4","Da Brat","Sittin' On Top Of The World","Anuthatantrum","So So Def","USSM19603181","9399700017960","Pinnacle Hip Hop","Webcasting","01-MAY-18","31-MAY-18","","","CURRENT",.01697175,"",
"","SX2100D8A4","Da Brat","Give It 2 You","Funkdafied","So So Def/Work","USSM10021887","074646616420","Pinnacle Hip Hop","Webcasting","01-MAY-18","31-MAY-18","","","CURRENT",.0132525,"",
"","SX3101WR5J","Da Brat  Tyrese","What'chu Like","","","USSM19927446","","PANDORA.COM - Nonsubscription Webcast","Webcasting","01-JUL-20","31-JUL-20","45766","","CURRENT",33.0908085,"",
"","SX2100ELZT","Da Brat","That's What I'm Looking For","Unrestricted","So So Def","USSM19924161","074646977224","Pinnacle Hip Hop","Webcasting","01-JAN-20","31-JAN-20","","","CURRENT",.01517625,"",
"","SX2100ELZT","Da Brat","That's What I'm Looking For","Unrestricted","So So Def","USSM19924161","074646977224","Pinnacle Hip Hop","Webcasting","01-NOV-18","30-NOV-18","","","CURRENT",.0176985,"",
"","SX2100D8A6","Da Brat","Ain't No Thang","","","USSM10021885","","iHeartRadio","Webcasting","01-JUN-20","30-JUN-20","63","","CURRENT",.04552875,"",
"","SX2100D8A9","Da Brat","Funkdafied","Funkdafied","So So Def/Work","USSM19402033","074646616420","Music Choice","PES","01-JUL-20","31-JUL-20","","","CURRENT",2.36493,"",
"","SX2100ELZT","Da Brat","That's What I'm Looking For","","","USSM19924161","","IMVU.COM","Webcasting","01-JUL-20","31-JUL-20","","","CURRENT",.034713,"",
"","SX2100D82C","Da Brat","Funkdafied","","","USSM19400534","","PANDORA.COM - Nonsubscription Webcast","Webcasting","01-JUL-20","31-JUL-20","53","","CURRENT",.038304,"",
"","SX2107VZK4","Da Brat","Sittin' On Top Of The World","Anuthatantrum","So So Def","USSM19603181","9399700017960","Pinnacle Hip Hop","Webcasting","01-FEB-18","28-FEB-18","","","CURRENT",.01252575,"",
"","SX2100D63S","Da Brat Featuring Keisha Jackson","Get Somebody","Limelite, Luv & Niteclubz","Arista","USAR10300638","828765158626","Pandora - SONY","Direct Licensing","01-JUL-20","31-JUL-20","15","","CURRENT",.0108,"",
"","SX2107VZK4","Da Brat","Sittin' On Top Of The World","Anuthatantrum","So So Def","USSM19603181","9399700017960","Pinnacle Hip Hop","Webcasting","01-FEB-20","29-FEB-20","","","CURRENT",.01226925,"",
"","SX2104D2KG","Missy Elliott & Da Brat","Sock It 2 Me","","","USEW19794665","","Live365 Broadcaster, LLC","Webcasting","01-JUL-20","31-JUL-20","","","CURRENT",.02043449,"",
"","SX2100V3R5","Da Brat & Bow Wow  Dem Franchize Boyz feat. Jermaine Dupri","I Think They Like Me","On Top Of Our Game","Virgin Records America","USVI20500231","094635473025","Sirius XM Radio, Inc","SDARS","01-JUL-20","31-JUL-20","","3","CURRENT",13.00057425,"",
"","SX3103JB0C","Angie Martinez  Da Brat  Left Eye  Lil' Kim  Missy Misdemeanor Elliott","Not Tonight (feat. Da Brat, Left Eye, Missy Misdemeanor Elliott and Angie Martinez)","","","USAT29801132","","Sirius XM Radio, Inc","SDARS","01-JUL-20","31-JUL-20","","1","CURRENT",4.33352475,"",
"","SX31009KZJ","DA BRAT/NOTORIOUS B.I.G.","DA B SIDE","BAD BOYS SOUNDTRACK","","","","Google Play Music","Webcasting","01-JUL-20","31-JUL-20","75","","CURRENT",.0271035,"",
"","SX2100ELZT","Da Brat","That's What I'm Looking For","Unrestricted","So So Def","USSM19924161","074646977224","Pinnacle Hip Hop","Webcasting","01-JUN-20","30-JUN-20","","","CURRENT",.0173565,"",
"","SX3102VFVB","DEMETRIA MCKINNEY/DA BRAT","100","100 (SINGLE)","RTD","","","PANDORA.COM - Subscription Webcast","Webcasting","01-JUL-20","31-JUL-20","266","","CURRENT",.12822862,"",
"","SX2100D82D","Da Brat","Give It 2 You","","","USSM19400533","","Cumulus Media, Inc.","Webcasting","01-JUN-20","30-JUN-20","115","","CURRENT",.08331975,"",
"","SX31026N2G","Da Brat","Funkdafied","","","USSM19402033","","Pinnacle Hip Hop","Webcasting","01-OCT-18","31-OCT-18","","","CURRENT",.01141425,"",
"","SX2100ELZT","Da Brat","That's What I'm Looking For","Unrestricted","So So Def","USSM19924161","074646977224","Pinnacle Hip Hop","Webcasting","01-OCT-18","31-OCT-18","","","CURRENT",.024282,"",
"","SX2107VZKD","Da Brat","Just A Little Bit More","Anuthatantrum","So So Def","USSM19603184","9399700017960","PANDORA.COM - Nonsubscription Webcast","Webcasting","01-JUL-20","31-JUL-20","47","","CURRENT",.03398625,"",
"","SX2100D8A4","Da Brat","Give It 2 You","Funkdafied","So So Def/Work","USSM10021887","074646616420","Pandora - SONY","Direct Licensing","01-JUL-20","31-JUL-20","4011","","CURRENT",2.89818,"",
"","SX2100EA55","Dru Hill","In My Bed","5 Steps","Island Records Ltd","USIR29700123","731457214527","Sirius XM Radio, Inc","Webcasting","01-JUL-20","31-JUL-20","","","CURRENT",.01832916,"",
"","SX2100D8A9","Da Brat","Funkdafied","","","USSM19402033","","Radio Now, LLC","Webcasting","01-JUL-20","31-JUL-20","","","CURRENT",.01568925,"",
"","SX3101BCFI","LIL' KIM/LEFT EYE/DA BRAT/MISSY ELLIOT/ANGIE MARTINEZ","NOT TONIGHT (REMIX)","NOTHING TO LOSE [ST]","TOMMY BOY MUSIC","","","Sirius XM Radio, Inc","Cable Radio","01-JUL-20","31-JUL-20","","","CURRENT",.1034208,"",
"","SX3102XZXJ","Da Brat  Tyrese","What'chu Like","","","USSM19927449","","Sirius XM Radio, Inc","Webcasting","01-JUL-20","31-JUL-20","","","CURRENT",1.548576,"",
"","SX2107VZK4","Da Brat","Sittin' On Top Of The World","Anuthatantrum","So So Def","USSM19603181","9399700017960","Pinnacle Hip Hop","Webcasting","01-JUN-19","30-JUN-19","","","CURRENT",.014706,"",
"","SX2100L8I9","Charli Baltimore  Da Brat  Gangsta Boo  Queen Pen  Rage  Scarlet","Thorough Sisters (Featuring Rage, Gangsta Boo, Queen Pen, Da Brat & Scarlet)","Cold As Ice","Untertainment","USSM19806244","074646896723","Pandora - SONY","Direct Licensing","01-JUL-20","31-JUL-20","89","","CURRENT",.01287,"",
"","SX2104GIM8","Da Brat  Total","No One Else (feat. Da Brat)","","","USBB40581128","","iHeartRadio","Webcasting","01-JUN-20","30-JUN-20","4778","","CURRENT",1.72628776,"",
"","SX2107VZKA","Da Brat  T-Boz","Ghetto Love","","","USSM19603186","","Live365 Broadcaster, LLC","Webcasting","01-JUL-20","31-JUL-20","","","CURRENT",.01117913,"",
"","SX2107VZK4","Da Brat","Sittin' On Top Of The World","Anuthatantrum","So So Def","USSM19603181","9399700017960","Pinnacle Hip Hop","Webcasting","01-APR-20","30-APR-20","","","CURRENT",.01081575,"",
"","SX2100D8A9","Da Brat","Funkdafied","","","USSM19402033","","Cumulus Media, Inc.","Webcasting","01-JUN-20","30-JUN-20","1022","","CURRENT",.74047275,"",
"","SX2100D8A9","Da Brat","Funkdafied","","","USSM19402033","","Townsquare Media Broadcasting","Webcasting","01-JUL-20","31-JUL-20","673","","CURRENT",.490257,"",
"","SX2100D8A4","Da Brat","Give It 2 You","Funkdafied","So So Def/Work","USSM10021887","074646616420","Pinnacle Hip Hop","Webcasting","01-MAR-19","31-MAR-19","","","CURRENT",.0139365,"",
"","SX2100ELZT","Da Brat","That's What I'm Looking For","Unrestricted","So So Def","USSM19924161","074646977224","Pinnacle Hip Hop","Webcasting","01-JAN-18","31-JAN-18","","","CURRENT",.0154755,"",
"","SX2104GIM8","Da Brat  Total","No One Else (feat. Da Brat)","Total","Rhino Atlantic","USBB40581128","603497927555","Music Choice","PES","01-JUL-20","31-JUL-20","","","CURRENT",.15979951,"",
"","SX2100D82D","Da Brat","Give It 2 You","","","USSM19400533","","Townsquare Media Broadcasting","Webcasting","01-JUL-20","31-JUL-20","589","","CURRENT",.42908175,"",
"","SX2107VZK6","Da Brat","My Beliefs","Anuthatantrum","So So Def","USSM19603180","9399700017960","PANDORA.COM - Nonsubscription Webcast","Webcasting","01-JUL-20","31-JUL-20","114","","CURRENT",.082422,"",
"","SX2100D8A9","Da Brat","Funkdafied","Funkdafied","So So Def/Work","USSM19402033","074646616420","Pinnacle Hip Hop","Webcasting","01-AUG-17","31-AUG-17","","","CURRENT",.0120555,"",
"","SX3100LJ6W","Total featuring Da Brat","No One Else (feat. Da Brat)","Total","Atlantic Recording Corp.","USBB40581128","786127300666","Live365 Broadcaster, LLC","Webcasting","01-JUL-20","31-JUL-20","","","CURRENT",.02415375,"",
"","SX3101BKUZ","Da Brat  The Notorious B.I.G.","Da B Side","ANUTHAFUNKDAFIEDTANTRUM","So So Def/Columbia","USSM19400536","074646792223","NTS Radio","Webcasting","01-JAN-20","31-JAN-20","","","CURRENT",.03398625,"",
"","SX2104D2E3","Missy Elliott & Da Brat","Sock It 2 Me (feat. Da Brat)","Supa Dupa Fly","Atlantic Records/ATG","USEW19706203","075596206266","Google Play Music","Webcasting","01-JUL-20","31-JUL-20","9684","","CURRENT",3.50090438,"",
"","SX312K2JHH","DRU HILL / JD / DA BRAT","IN MY BED","","","","","Urban One","Webcasting","01-JUL-20","31-JUL-20","5504","","CURRENT",1.35600189,"",
"","SX2100ELZT","Da Brat","That's What I'm Looking For","Unrestricted","So So Def","USSM19924161","074646977224","Pinnacle Hip Hop","Webcasting","01-MAR-18","31-MAR-18","","","CURRENT",.0125685,"",
"","SX3102BZ10","Da Brat  Tyrese","What'chu Like","Unrestricted","So So Def","USSM19927449","074646386026","iHeartRadio","Webcasting","01-JUN-20","30-JUN-20","73","","CURRENT",.0527535,"",
"","SX2100D8A9","Da Brat","Funkdafied","Funkdafied","So So Def/Work","USSM19402033","074646616420","Pinnacle Hip Hop","Webcasting","01-AUG-18","31-AUG-18","","","CURRENT",.01329525,"",
"","SX2100D8A9","Da Brat","Funkdafied","Funkdafied","So So Def/Work","USSM19402033","074646616420","Sirius XM Radio, Inc","Cable Radio","01-JUL-20","31-JUL-20","","","CURRENT",1.80990675,"",
"","SX2107VZK4","Da Brat","Sittin' On Top Of The World","Anuthatantrum","So So Def","USSM19603181","9399700017960","Pinnacle Hip Hop","Webcasting","01-JUL-20","31-JUL-20","","","CURRENT",.0115425,"",
"","SX2104D2EL","Da Brat  Missy Elliott","Sock It 2 Me (feat. Da Brat)","","","USEW19709503","","Pinnacle Hip Hop","Webcasting","01-JAN-19","31-JAN-19","","","CURRENT",.01105088,"",
"","SX2100EA55","Dru Hill","In My Bed","","","USIR29700123","","Urban One","Webcasting","01-JUL-20","31-JUL-20","5193","","CURRENT",1.27939282,"",
"","SX2100D8A4","Da Brat","Give It 2 You","Funkdafied","So So Def/Work","USSM10021887","074646616420","Pinnacle Hip Hop","Webcasting","01-JUN-20","30-JUN-20","","","CURRENT",.0173565,"",
"","SX2100D8A4","Da Brat","Give It 2 You","Funkdafied","So So Def/Work","USSM10021887","074646616420","Pinnacle Hip Hop","Webcasting","01-MAR-20","31-MAR-20","","","CURRENT",.01372275,"",
"","SX2100D825","Da Brat","Sittin' On Top Of The World","","","USSM19603744","","iHeartRadio","Webcasting","01-JUN-20","30-JUN-20","81","","CURRENT",.05852475,"",
"","SX2100EA55","Dru Hill","In My Bed","90s R&B","Universal Music Enterprises","USIR29700123","602557785661","Google Play Music","Webcasting","01-JUL-20","31-JUL-20","120","","CURRENT",.02893328,"",
"","SX2107VZK4","Da Brat","Sittin' On Top Of The World","Anuthatantrum","So So Def","USSM19603181","9399700017960","Pinnacle Hip Hop","Webcasting","01-MAR-18","31-MAR-18","","","CURRENT",.0125685,"",
"","SX2100D8A4","Da Brat","Give It 2 You","Funkdafied","So So Def/Work","USSM10021887","074646616420","Pinnacle Hip Hop","Webcasting","01-OCT-17","31-OCT-17","","","CURRENT",.01474875,"",
"","SX2100K8ID","Da Brat  Destiny's Child","Survivor","This Is The Remix","Columbia","USSM10201540","696998643123","Sirius XM Radio, Inc","Webcasting","01-JUL-20","31-JUL-20","","","CURRENT",.02169563,"",
"","SX3102VFVB","DEMETRIA MCKINNEY/DA BRAT","100","100 (SINGLE)","RTD","","","PANDORA.COM - Nonsubscription Webcast","Webcasting","01-JUL-20","31-JUL-20","1465","","CURRENT",.52962975,"",
"","SX2104GIM8","Da Brat  Total","No One Else (feat. Da Brat)","","","USBB40581128","","Pandora - Warner","Direct Licensing","01-JUL-20","31-JUL-20","32148","","CURRENT",11.61670499,"",
"","SX2107VZK4","Da Brat","Sittin' On Top Of The World","Anuthatantrum","So So Def","USSM19603181","9399700017960","Pinnacle Hip Hop","Webcasting","01-JUL-17","31-JUL-17","","","CURRENT",.01073025,"",
"","SX2100ELZS","Da Brat  Tyrese","What'chu Like","Unrestricted","So So Def","USSM19927446","074646977224","Sirius XM Radio, Inc","Webcasting","01-JUL-20","31-JUL-20","","","CURRENT",2.36170237,"",
"","SX2100D82D","Da Brat","Give It 2 You","","","USSM19400533","","NTS Radio","Webcasting","01-MAY-20","31-MAY-20","","","CURRENT",.05356575,"",
"","SX2100D8A9","Da Brat","Funkdafied","","","USSM19402033","","WKSF","Webcasting","01-DEC-19","31-DEC-19","","","CURRENT",.01688625,"",
"","SX2100D8A4","Da Brat","Give It 2 You","Funkdafied","So So Def/Work","USSM10021887","074646616420","Pinnacle Hip Hop","Webcasting","01-NOV-18","30-NOV-18","","","CURRENT",.01474875,"",
"","SX3102XZXJ","Da Brat  Tyrese","What'chu Like","","","USSM19927449","","Cumulus Media, Inc.","Webcasting","01-JUN-20","30-JUN-20","79","","CURRENT",.02862112,"",
"","SX210NRWTZ","Jermaine Dupri & Da Brat (feat. The Dream)","F U Pay Me","","","USUYG1110907","","Pandora - Empire","Direct Licensing","01-JUL-20","31-JUL-20","363","","CURRENT",.09224078,"",
"","SX2100D8A4","Da Brat","Give It 2 You","Funkdafied","So So Def/Work","USSM10021887","074646616420","Pinnacle Hip Hop","Webcasting","01-JUL-18","31-JUL-18","","","CURRENT",.01030275,"",
"","SX2100IF4F","Lathun (Featuring Da Brat)","Freak It","","","USSM19702947","","Live365 Broadcaster, LLC","Webcasting","01-JUL-20","31-JUL-20","","","CURRENT",.012654,"",
"","SX2100ELZT","Da Brat","That's What I'm Looking For","Unrestricted","So So Def","USSM19924161","074646977224","Pinnacle Hip Hop","Webcasting","01-MAR-20","31-MAR-20","","","CURRENT",.01226925,"",
"","SX2100ELZT","Da Brat","That's What I'm Looking For","Unrestricted","So So Def","USSM19924161","074646977224","Pinnacle Hip Hop","Webcasting","01-NOV-17","30-NOV-17","","","CURRENT",.016074,"",
"","SX31007RS1","DA BRAT","UNRESTRICTED (PARENTAL ADVISORY)","WHAT'CHU LIKE","","","","PANDORA.COM - Nonsubscription Webcast","Webcasting","01-JUL-20","31-JUL-20","745","","CURRENT",.53860725,"",
"","SX3102FF47","Da Brat  Tyrese","What'chu Like","","","USSM19927449","","Cox Radio Interactive","Webcasting","01-JUL-20","31-JUL-20","2187","","CURRENT",.84570187,"",
"","SX31026N2G","Da Brat","Funkdafied","","","USSM19402033","","Entercom Communications Corp.","Webcasting","01-JUL-20","31-JUL-20","318","","CURRENT",.11486925,"",
"","SX2100D824","Da Brat  The Notorious B.I.G.","Da B Side","","","USSM19400536","","KJLH","Webcasting","01-NOV-19","30-NOV-19","","","CURRENT",.09862425,"",
"","SX2100D7CD","Da Brat  Jermaine Dupri  Lil Bow Wow","You Know Me","Beware Of Dog","So So Def","USSM10014527","5099750055199","Pandora - SONY","Direct Licensing","01-JUL-20","31-JUL-20","77","","CURRENT",.0185437,"",
"","SX2100ELZT","Da Brat","That's What I'm Looking For","Unrestricted","So So Def","USSM19924161","074646977224","Pinnacle Hip Hop","Webcasting","01-JUN-19","30-JUN-19","","","CURRENT",.01765575,"",
"","SX2100ELZT","Da Brat","That's What I'm Looking For","Unrestricted","So So Def","USSM19924161","074646977224","Pinnacle Hip Hop","Webcasting","01-JUL-19","31-JUL-19","","","CURRENT",.01397925,"",
