"TYPE","ARTIST_NAME","TRACK_NAME","ALBUM_NAME","LABEL_NAME","LICENSEE_NAME","LICENSE_SERVICE_NAME","START_DATE","END_DATE","NUM_PERFORMANCES","NUM_SPINS","DISTRIBUTION_TYPE","YOUR_AMOUNT"
"","DA BRAT","AIN'T NO THANG","FUNKDAFIED","CHAOS/SO SO DEF","iTunes Radio - Sony","Direct Licensing",01-NOV-14,30-NOV-14,1312,,"CURRENT",.538903044184626
"","DA BRAT","ALL MY BITCHES","UNRESTRICTED (EXPLICIT)","SONY","SPOTIFY.COM","Webcasting",01-NOV-12,31-MAY-13,,,"PRIOR",.156186383802359025
"","DA BRAT","ALL MY BITCHES","UNRESTRICTED (EXPLICIT)","SONY","ADMIN TRUE UP","Webcasting",01-JAN-12,31-DEC-13,,,"PRIOR",.01533711015303566
"","DA BRAT","ALL MY BITCHES","UNRESTRICTED (EXPLICIT)","SONY","IMVU.COM","Webcasting",01-APR-12,31-JUL-14,,,"PRIOR",1.226521568693271415
"","DA BRAT","ALL MY BITCHES","UNRESTRICTED (EXPLICIT)","SONY","IHEART.COM","Webcasting",01-MAR-14,30-SEP-14,,,"PRIOR",.18338008008363642
"","DA BRAT","ALL MY BITCHES","UNRESTRICTED (EXPLICIT)","SONY","iHeart Media","Webcasting",01-OCT-14,31-OCT-14,,,"PRIOR",.0921505829516085
"","DA BRAT","ALL MY BITCHES","UNRESTRICTED (EXPLICIT)","SONY","PANDORA.COM - Nonsubscription Webcast","Webcasting",01-NOV-14,30-NOV-14,135,,"CURRENT",.0709802072555204
"","DA BRAT","ALL MY BITCHES","UNRESTRICTED (EXPLICIT)","SONY","PANDORA.COM - Subscription Webcast","Webcasting",01-NOV-14,30-NOV-14,24,,"CURRENT",.0223136122235385
"","DA BRAT","ALL MY BITCHES","UNRESTRICTED (EXPLICIT)","SONY","iHeart Media","Webcasting",01-NOV-14,30-NOV-14,112,,"CURRENT",.104250853797148
"","DA BRAT","BACK UP","UNRESTRICTED","SO SO DEF","PANDORA.COM - Nonsubscription Webcast","Webcasting",01-NOV-14,30-NOV-14,64,,"CURRENT",.0336498760322467
"","DA BRAT","BACK UP","UNRESTRICTED","SO SO DEF","PANDORA.COM - Subscription Webcast","Webcasting",01-NOV-14,30-NOV-14,30,,"CURRENT",.0278920152794231
"","DA BRAT","BOOM","LIMELITE, LUV & NITECLUBZ","ARISTA RECORDS, INC.","PANDORA.COM - Nonsubscription Webcast","Webcasting",01-NOV-14,30-NOV-14,44,,"CURRENT",.0231342897721694
"","DA BRAT","BREEVE ON EM","UNRESTRICTED","SONY MUSIC","PANDORA.COM - Nonsubscription Webcast","Webcasting",01-NOV-14,30-NOV-14,57,,"CURRENT",.02996942084121974
"","DA BRAT","C'HI TOWN","UNRESTRICTED","SONY MUSIC","SONGZA - Nonsubscription Webcast","Webcasting",01-NOV-14,30-NOV-14,147,,"CURRENT",.136829938385423
"","DA BRAT","COME AND GET SOME","FUNKDAFIED","CHAOS/SO SO DEF","iTunes Radio - Sony","Direct Licensing",01-NOV-14,30-NOV-14,706,,"CURRENT",.289988985666421
"","DA BRAT","DA B SIDE","ANUTHAFUNKDAFIEDTANTRUM","SONY MUSIC","PANDORA.COM - Nonsubscription Webcast","Webcasting",01-NOV-14,30-NOV-14,3704,,"CURRENT",1.94748657536628
"","DA BRAT","DA B SIDE","ANUTHAFUNKDAFIEDTANTRUM","SONY MUSIC","PANDORA.COM - Subscription Webcast","Webcasting",01-NOV-14,30-NOV-14,445,,"CURRENT",.413731559978107
"","DA BRAT","DA B SIDE","ANUTHAFUNKDAFIEDTANTRUM","SONY MUSIC","SIRIUS XM RADIO, INC","Satellite Radio",01-NOV-14,30-NOV-14,,2,"CURRENT",17.7122375257196
"","DA BRAT","DA B SIDE","ANUTHAFUNKDAFIEDTANTRUM","SONY MUSIC","SONGZA - Nonsubscription Webcast","Webcasting",01-NOV-14,30-NOV-14,1839,,"CURRENT",1.71177045367886
"","DA BRAT","DA B SIDE","ANUTHAFUNKDAFIEDTANTRUM","SONY MUSIC","iTunes Radio - Sony","Direct Licensing",01-NOV-14,30-NOV-14,44816,,"CURRENT",18.40813935074558
"","DA BRAT","DA SHIT YA CAN'T FUC WIT","FUNKDAFIED (EXPLICIT)","SONY MUSIC","BATANGA.COM","Webcasting",01-OCT-14,31-OCT-14,21,,"CURRENT",.0195458928102435
"","DA BRAT","DA SHIT YA CAN'T FUC WIT","FUNKDAFIED (EXPLICIT)","SONY MUSIC","PANDORA.COM - Nonsubscription Webcast","Webcasting",01-NOV-14,30-NOV-14,36,,"CURRENT",.0189280552681388
"","DA BRAT","DA SHIT YA CAN'T FUC WIT","FUNKDAFIED (EXPLICIT)","SONY MUSIC","iTunes Radio - Sony","Direct Licensing",01-NOV-14,30-NOV-14,2254,,"CURRENT",.925828857920844
"","DA BRAT","F**K YOU","UNRESTRICTED","SO SO DEF","PANDORA.COM - Nonsubscription Webcast","Webcasting",01-NOV-14,30-NOV-14,58,,"CURRENT",.03049520015422378
"","DA BRAT","F**K YOU","UNRESTRICTED","SO SO DEF","PANDORA.COM - Subscription Webcast","Webcasting",01-NOV-14,30-NOV-14,17,,"CURRENT",.015805475325006308
"","DA BRAT","FA ALL Y'ALL","FUNKDAFIED","SO SO DEF","JANGO.COM - Nonsubscription Webcast","Webcasting",01-OCT-14,31-OCT-14,99,,"CURRENT",.0172294663266166
"","DA BRAT","FA ALL Y'ALL","FUNKDAFIED","SO SO DEF","CUMULUS MEDIA, INC.","Webcasting",01-NOV-14,30-NOV-14,83,,"CURRENT",.0761664563953192
"","DA BRAT","FA ALL Y'ALL","FUNKDAFIED","SO SO DEF","PANDORA.COM - Nonsubscription Webcast","Webcasting",01-NOV-14,30-NOV-14,4880,,"CURRENT",2.56580304745881
"","DA BRAT","FA ALL Y'ALL","FUNKDAFIED","SO SO DEF","PANDORA.COM - Subscription Webcast","Webcasting",01-NOV-14,30-NOV-14,560,,"CURRENT",.520650951882562
"","DA BRAT","FA ALL Y'ALL","FUNKDAFIED","SO SO DEF","SONGZA - Nonsubscription Webcast","Webcasting",01-NOV-14,30-NOV-14,101,,"CURRENT",.0940124066457664
"","DA BRAT","FA ALL Y'ALL","FUNKDAFIED","SO SO DEF","iHeart Media","Webcasting",01-NOV-14,30-NOV-14,142,,"CURRENT",.13217518963567
"","DA BRAT","FA ALL Y'ALL","FUNKDAFIED","SO SO DEF","iTunes Radio - Sony","Direct Licensing",01-NOV-14,30-NOV-14,2242,,"CURRENT",.920899866663058
"","DA BRAT","FA ALL Y'ALL - REMIX","FUNKDAFIED RATED PG","CHAOS/SO SO DEF","PANDORA.COM - Nonsubscription Webcast","Webcasting",01-NOV-14,30-NOV-14,354,,"CURRENT",.186125876803365
"","DA BRAT","FA ALL Y'ALL - REMIX","FUNKDAFIED RATED PG","CHAOS/SO SO DEF","PANDORA.COM - Subscription Webcast","Webcasting",01-NOV-14,30-NOV-14,36,,"CURRENT",.0334704183353077
"","DA BRAT","FIRE IT UP","FUNKDAFIED (EXPLICIT)","SONY","JANGO.COM - Nonsubscription Webcast","Webcasting",01-OCT-14,31-OCT-14,87,,"CURRENT",.0151410461658147
"","DA BRAT","FIRE IT UP","FUNKDAFIED (EXPLICIT)","SONY","NOADRADIO.COM","Webcasting",01-OCT-14,31-OCT-14,3,,"CURRENT",.0248328925609651
"","DA BRAT","FIRE IT UP","FUNKDAFIED (EXPLICIT)","SONY","PANDORA.COM - Nonsubscription Webcast","Webcasting",01-NOV-14,30-NOV-14,1904,,"CURRENT",1.00108381195934
"","DA BRAT","FIRE IT UP","FUNKDAFIED (EXPLICIT)","SONY","PANDORA.COM - Subscription Webcast","Webcasting",01-NOV-14,30-NOV-14,221,,"CURRENT",.205471179225082
"","DA BRAT","FIRE IT UP","FUNKDAFIED (EXPLICIT)","SONY","iTunes Radio - Sony","Direct Licensing",01-NOV-14,30-NOV-14,592,,"CURRENT",.243163568717454
"","DA BRAT","FUCK YOU","UNRESTRICTED","SONY","iHeart Media","Webcasting",01-NOV-14,30-NOV-14,190,,"CURRENT",.176854126977305
"","DA BRAT","FUNKDAFIED","FUNKDAFIED","SO SO DEF","ZADIORADIO.COM","Webcasting",01-OCT-11,31-MAR-13,194,,"CURRENT",.019755428228177645
"","DA BRAT","FUNKDAFIED","FUNKDAFIED","SO SO DEF","SKY.FM - Subscription Webcast","Webcasting",01-JUL-13,31-MAY-14,,,"CURRENT",.2313547225789211
"","DA BRAT","FUNKDAFIED","FUNKDAFIED","SO SO DEF","BATANGA.COM","Webcasting",01-OCT-14,31-OCT-14,20,,"CURRENT",.01861513600975567
"","DA BRAT","FUNKDAFIED","FUNKDAFIED","SO SO DEF","JAMMIN983.COM - WJMR","Webcasting",01-OCT-14,31-OCT-14,,,"CURRENT",.0846975164942638
"","DA BRAT","FUNKDAFIED","FUNKDAFIED","SO SO DEF","LMASANDIEGO.COM (LOCAL MEDIA SAN DIEGO)","Webcasting",01-OCT-14,31-OCT-14,567,,"CURRENT",.530851758435848
"","DA BRAT","FUNKDAFIED","FUNKDAFIED","COLUMBIA","CUMULUS MEDIA, INC.","Webcasting",01-NOV-14,30-NOV-14,45,,"CURRENT",.0412950667203537
"","DA BRAT","FUNKDAFIED","FUNKDAFIED","COLUMBIA","iHeart Media","Webcasting",01-NOV-14,30-NOV-14,2500,,"CURRENT",2.32702798654349
"","DA BRAT","FUNKDAFIED","FUNKDAFIED","SO SO DEF","CARTER BROADCAST GROUP, INC.","Webcasting",01-NOV-14,30-NOV-14,,,"CURRENT",.102758946266788
"","DA BRAT","FUNKDAFIED","FUNKDAFIED","SO SO DEF","CBS Webcasting","Webcasting",01-OCT-14,30-NOV-14,25,,"CURRENT",.0237798523223155
"","DA BRAT","FUNKDAFIED","FUNKDAFIED","SO SO DEF","CUMULUS MEDIA, INC.","Webcasting",01-NOV-14,30-NOV-14,2196,,"CURRENT",2.01519925595327
"","DA BRAT","FUNKDAFIED","FUNKDAFIED","SO SO DEF","MADTOWNJAMZ.COM - WJQM","Webcasting",01-OCT-14,30-NOV-14,,,"CURRENT",.0494897831500902
"","DA BRAT","FUNKDAFIED","FUNKDAFIED","SO SO DEF","MUSIC CHOICE","Preexisting Services",01-NOV-14,30-NOV-14,,,"CURRENT",4.90798491589007
"","DA BRAT","FUNKDAFIED","FUNKDAFIED","SO SO DEF","PANDORA.COM - Nonsubscription Webcast","Webcasting",01-NOV-14,30-NOV-14,12919,,"CURRENT",6.7925429446968
"","DA BRAT","FUNKDAFIED","FUNKDAFIED","SO SO DEF","PANDORA.COM - Subscription Webcast","Webcasting",01-NOV-14,30-NOV-14,1572,,"CURRENT",1.46154160064176
"","DA BRAT","FUNKDAFIED","FUNKDAFIED","SO SO DEF","RADIO ONE, INC.","Webcasting",01-NOV-14,30-NOV-14,131,,"CURRENT",.120816410767126
"","DA BRAT","FUNKDAFIED","FUNKDAFIED","SO SO DEF","SIRIUS XM ON DEMAND SERVICE","Webcasting",01-NOV-14,30-NOV-14,,,"CURRENT",.130956061229788
"","DA BRAT","FUNKDAFIED","FUNKDAFIED","SO SO DEF","SIRIUS XM RADIO, INC","Cable Radio",01-NOV-14,30-NOV-14,,,"CURRENT",1.69122539283256
"","DA BRAT","FUNKDAFIED","FUNKDAFIED","SO SO DEF","SIRIUS XM RADIO, INC","Satellite Radio",01-NOV-14,30-NOV-14,,14,"CURRENT",123.985662680037
"","DA BRAT","FUNKDAFIED","FUNKDAFIED","SO SO DEF","SIRIUS XM RADIO, INC - Subscription Webcast","Webcasting",01-NOV-14,30-NOV-14,,,"CURRENT",2.96273980589037
"","DA BRAT","FUNKDAFIED","FUNKDAFIED","SO SO DEF","SONGZA - Nonsubscription Webcast","Webcasting",01-NOV-14,30-NOV-14,2686,,"CURRENT",2.50017152723296
"","DA BRAT","FUNKDAFIED","FUNKDAFIED","SO SO DEF","STREAMLICENSING.COM - Nonsubscription Webcast","Webcasting",01-OCT-14,30-NOV-14,1974,,"CURRENT",.075391031092169097
"","DA BRAT","FUNKDAFIED","FUNKDAFIED","SO SO DEF","iHeart Media","Webcasting",01-NOV-14,30-NOV-14,2414.92,,"CURRENT",2.24783457010544
"","DA BRAT","FUNKDAFIED","FUNKDAFIED","SO SO DEF","iTunes Radio - Sony","Direct Licensing",01-NOV-14,30-NOV-14,41666,,"CURRENT",17.1142791455767
"","DA BRAT","FUNKDAFIED (CLEAN VERSION)","ANUTHAFUNKDAFIEDTANTRUM","SO SO","SONGZA - Nonsubscription Webcast","Webcasting",01-NOV-14,30-NOV-14,372,,"CURRENT",.346263517546783
"","DA BRAT","GHETTO LOVE","ANUTHATANTRUM","SONY MUSIC","SKY.FM - Subscription Webcast","Webcasting",01-DEC-13,31-MAY-14,,,"CURRENT",.04689655679153103
"","DA BRAT","GHETTO LOVE","ANUTHATANTRUM","SONY MUSIC","RHAPSODY.COM","Webcasting",01-SEP-14,30-SEP-14,30,,"CURRENT",.0275237898571744
"","DA BRAT","GHETTO LOVE","ANUTHATANTRUM","SONY MUSIC","PANDORA.COM - Nonsubscription Webcast","Webcasting",01-NOV-14,30-NOV-14,3695,,"CURRENT",1.94275456154924
"","DA BRAT","GHETTO LOVE","ANUTHATANTRUM","SONY MUSIC","PANDORA.COM - Subscription Webcast","Webcasting",01-NOV-14,30-NOV-14,410,,"CURRENT",.381190875485447
"","DA BRAT","GHETTO LOVE","ANUTHATANTRUM","SONY MUSIC","SONGZA - Nonsubscription Webcast","Webcasting",01-NOV-14,30-NOV-14,120,,"CURRENT",.111697908886059
"","DA BRAT","GIVE IT 2 YOU","FUNKDAFIED","SO SO DEF","SKY.FM - Subscription Webcast","Webcasting",01-JUL-13,31-MAY-14,,,"CURRENT",.11607616360098364
"","DA BRAT","GIVE IT 2 YOU","FUNKDAFIED","SO SO DEF","ZADIORADIO.COM","Webcasting",01-JAN-12,30-SEP-14,341,,"CURRENT",.037252885003206969
"","DA BRAT","GIVE IT 2 YOU","FUNKDAFIED","SO SO DEF","BATANGA.COM","Webcasting",01-OCT-14,31-OCT-14,18,,"CURRENT",.01675362240878
"","DA BRAT","GIVE IT 2 YOU","FUNKDAFIED","SO SO DEF","RADIO ONE, INC.","Webcasting",01-OCT-14,31-OCT-14,40,,"CURRENT",.0373055604638925
"","DA BRAT","GIVE IT 2 YOU","FUNKDAFIED","SO SO DEF","CUMULUS MEDIA, INC.","Webcasting",01-NOV-14,30-NOV-14,633,,"CURRENT",.580883938532977
"","DA BRAT","GIVE IT 2 YOU","FUNKDAFIED","SO SO DEF","MUSIC CHOICE","Preexisting Services",01-NOV-14,30-NOV-14,,,"CURRENT",6.08590129570368
"","DA BRAT","GIVE IT 2 YOU","FUNKDAFIED","SO SO DEF","PANDORA.COM - Nonsubscription Webcast","Webcasting",01-NOV-14,30-NOV-14,6001,,"CURRENT",3.15520165733613
"","DA BRAT","GIVE IT 2 YOU","FUNKDAFIED","SO SO DEF","PANDORA.COM - Subscription Webcast","Webcasting",01-NOV-14,30-NOV-14,679,,"CURRENT",.631289279157605
"","DA BRAT","GIVE IT 2 YOU","FUNKDAFIED","SO SO DEF","SIRIUS XM RADIO, INC","Cable Radio",01-NOV-14,30-NOV-14,,,"CURRENT",.120801813773755
"","DA BRAT","GIVE IT 2 YOU","FUNKDAFIED","SO SO DEF","SIRIUS XM RADIO, INC","Satellite Radio",01-NOV-14,30-NOV-14,,1,"CURRENT",8.85611876285978
"","DA BRAT","GIVE IT 2 YOU","FUNKDAFIED","SO SO DEF","SIRIUS XM RADIO, INC - Subscription Webcast","Webcasting",01-NOV-14,30-NOV-14,,,"CURRENT",.910428652663572
"","DA BRAT","GIVE IT 2 YOU","FUNKDAFIED","SO SO DEF","SONGZA - Nonsubscription Webcast","Webcasting",01-NOV-14,30-NOV-14,1061,,"CURRENT",.98759567773424
"","DA BRAT","GIVE IT 2 YOU","FUNKDAFIED","SO SO DEF","STREAMLICENSING.COM - Nonsubscription Webcast","Webcasting",01-OCT-14,30-NOV-14,356,,"CURRENT",.01357454219019772
"","DA BRAT","GIVE IT 2 YOU","FUNKDAFIED","SO SO DEF","iHeart Media","Webcasting",01-NOV-14,30-NOV-14,1193.93,,"CURRENT",1.111323409589545
"","DA BRAT","GIVE IT 2 YOU","FUNKDAFIED","SO SO DEF","iTunes Radio - Sony","Direct Licensing",01-NOV-14,30-NOV-14,4544,,"CURRENT",1.866444689615048
"","DA BRAT","GOT IT POPPIN'","LIMELITE, LUV & NITECLUBZ","SO SO DEF","PANDORA.COM - Nonsubscription Webcast","Webcasting",01-NOV-14,30-NOV-14,35,,"CURRENT",.01840227595513478
"","DA BRAT","GUSHY WUSHY","LIMELITE, LUV & NITECLUBS (EXPLICIT)","ARISTA","PANDORA.COM - Nonsubscription Webcast","Webcasting",01-NOV-14,30-NOV-14,60,,"CURRENT",.0315467587802314
"","DA BRAT","HIGH COME DOWN","UNRESTRICTED (EXPLICIT)","SONY","PANDORA.COM - Nonsubscription Webcast","Webcasting",01-NOV-14,30-NOV-14,448,,"CURRENT",.235549132225727
"","DA BRAT","HIGH COME DOWN","UNRESTRICTED (EXPLICIT)","SONY","PANDORA.COM - Subscription Webcast","Webcasting",01-NOV-14,30-NOV-14,47,,"CURRENT",.0436974906044294
"","DA BRAT","IN LOVE WIT CHU","LIMELITE, LUV AND NITECLUBZ","ARISTA RECORDS, INC.","iHeart Media","Webcasting",01-NOV-14,30-NOV-14,511.07,,"CURRENT",.475709677233112
"","DA BRAT","INTRO","UNRESTRICTED (EXPLICIT)","SONY MUSIC","PANDORA.COM - Nonsubscription Webcast","Webcasting",01-NOV-14,30-NOV-14,30,,"CURRENT",.0157733793901155
"","DA BRAT","INTRO","UNRESTRICTED (EXPLICIT)","SONY MUSIC","SONGZA - Nonsubscription Webcast","Webcasting",01-NOV-14,30-NOV-14,90,,"CURRENT",.0837734316645444
"","DA BRAT","JUST A LITTLE BIT MORE","ANUTHAFUNKDAFIEDTANTRUM","SONY MUSIC","PANDORA.COM - Nonsubscription Webcast","Webcasting",01-NOV-14,30-NOV-14,702,,"CURRENT",.369097077728706
"","DA BRAT","JUST A LITTLE BIT MORE","ANUTHAFUNKDAFIEDTANTRUM","SONY MUSIC","PANDORA.COM - Subscription Webcast","Webcasting",01-NOV-14,30-NOV-14,92,,"CURRENT",.0855355135235638
"","DA BRAT","LET'S ALL GET HIGH","ANUTHAFUNKDAFIEDTANTRUM","SONY MUSIC","PANDORA.COM - Nonsubscription Webcast","Webcasting",01-NOV-14,30-NOV-14,3264,,"CURRENT",1.71614367764458
"","DA BRAT","LET'S ALL GET HIGH","ANUTHAFUNKDAFIEDTANTRUM","SONY MUSIC","PANDORA.COM - Subscription Webcast","Webcasting",01-NOV-14,30-NOV-14,417,,"CURRENT",.387699012383979
"","DA BRAT","LIVE IT UP","ANUTHATANTRUM","SO SO DEF","PANDORA.COM - Nonsubscription Webcast","Webcasting",01-NOV-14,30-NOV-14,1292,,"CURRENT",.67930687240098
"","DA BRAT","LIVE IT UP","ANUTHATANTRUM","SO SO DEF","PANDORA.COM - Subscription Webcast","Webcasting",01-NOV-14,30-NOV-14,132,,"CURRENT",.122724867229461
"","DA BRAT","LONG TIME AWAY","YELLOW PILLS 004: PREFILL","NUMERO","PANDORA.COM - Nonsubscription Webcast","Webcasting",01-NOV-14,30-NOV-14,170,,"CURRENT",.0893824832106552
"","DA BRAT","LONG TIME AWAY","YELLOW PILLS 004: PREFILL","NUMERO","PANDORA.COM - Subscription Webcast","Webcasting",01-NOV-14,30-NOV-14,31,,"CURRENT",.0288217491220702
"","DA BRAT","MAKE IT HAPPEN","ANUTHATANTRUM","SONY MUSIC","PANDORA.COM - Nonsubscription Webcast","Webcasting",01-NOV-14,30-NOV-14,214,,"CURRENT",.112516772982825
"","DA BRAT","MAKE IT HAPPEN","ANUTHATANTRUM","SONY MUSIC","PANDORA.COM - Subscription Webcast","Webcasting",01-NOV-14,30-NOV-14,29,,"CURRENT",.0269622814367756
"","DA BRAT","MAY DA FUNK BE WIT'CHA","FUNKDAFIED","CHAOS/SO SO DEF","BATANGA.COM","Webcasting",01-OCT-14,31-OCT-14,11,,"CURRENT",.0102383248053656
"","DA BRAT","MAY DA FUNK BE WIT'CHA","FUNKDAFIED","CHAOS/SO SO DEF","PANDORA.COM - Nonsubscription Webcast","Webcasting",01-NOV-14,30-NOV-14,42,,"CURRENT",.0220827311461618
"","DA BRAT","MAY DA FUNK BE WIT'CHA","FUNKDAFIED","CHAOS/SO SO DEF","iTunes Radio - Sony","Direct Licensing",01-NOV-14,30-NOV-14,1402,,"CURRENT",.575870478618024
"","DA BRAT","MIND BLOWIN'","ANUTHAFUNKDAFIEDTANTRUM","SONY MUSIC","iTunes Radio - Sony","Direct Licensing",01-NOV-14,30-NOV-14,46,,"CURRENT",.0188944664881797
"","DA BRAT","NOT TONIGHT [REMIX]","NOTHING TO LOSE","TOMMY BOY","CBS Webcasting","Webcasting",01-OCT-14,30-NOV-14,17,,"CURRENT",.01609507678061481
"","DA BRAT","PINK LEMONADE","UNRESTRICTED","SO SO DEF","PANDORA.COM - Nonsubscription Webcast","Webcasting",01-NOV-14,30-NOV-14,142,,"CURRENT",.0746606624465473
"","DA BRAT","PINK LEMONADE","UNRESTRICTED","SO SO DEF","PANDORA.COM - Subscription Webcast","Webcasting",01-NOV-14,30-NOV-14,11,,"CURRENT",.0102270722691217
"","DA BRAT","RUNNIN' OUT OF TIME","UNRESTRICTED","SO SO DEF","PANDORA.COM - Nonsubscription Webcast","Webcasting",01-NOV-14,30-NOV-14,50,,"CURRENT",.0262889656501928
"","DA BRAT","SITTIN' ON TOP OF THE WORLD","ANUTHAFUNKDAFIEDTANTRUM","SONY MUSIC","RHAPSODY.COM","Webcasting",01-SEP-14,30-SEP-14,23,,"CURRENT",.0211015722238337
"","DA BRAT","SITTIN' ON TOP OF THE WORLD","ANUTHATANTRUM","SONY MUSIC","PANDORA.COM - Nonsubscription Webcast","Webcasting",01-NOV-14,30-NOV-14,1659,,"CURRENT",.872267880273395
"","DA BRAT","SITTIN' ON TOP OF THE WORLD","ANUTHATANTRUM","SONY MUSIC","PANDORA.COM - Subscription Webcast","Webcasting",01-NOV-14,30-NOV-14,175,,"CURRENT",.162703422463301
"","DA BRAT","SITTIN' ON TOP OF THE WORLD","ANUTHATANTRUM","SONY MUSIC","iHeart Media","Webcasting",01-NOV-14,30-NOV-14,90,,"CURRENT",.0837730075155656
"","DA BRAT","THAT'S WHAT I'M LOOKING FOR","UNRESTRICTED","SO SO DEF","JANGO.COM - Nonsubscription Webcast","Webcasting",01-OCT-14,31-OCT-14,110,,"CURRENT",.0191438514740185
"","DA BRAT","THAT'S WHAT I'M LOOKING FOR","UNRESTRICTED","SO SO DEF","NOADRADIO.COM","Webcasting",01-OCT-14,31-OCT-14,2,,"CURRENT",.0165552617073102
"","DA BRAT","THAT'S WHAT I'M LOOKING FOR","UNRESTRICTED","SO SO DEF","CARTER BROADCAST GROUP, INC.","Webcasting",01-NOV-14,30-NOV-14,,,"CURRENT",.0158809280594126
"","DA BRAT","THAT'S WHAT I'M LOOKING FOR","UNRESTRICTED","SO SO DEF","CUMULUS MEDIA, INC.","Webcasting",01-NOV-14,30-NOV-14,44,,"CURRENT",.0403773985710128
"","DA BRAT","THAT'S WHAT I'M LOOKING FOR","UNRESTRICTED","SO SO DEF","PANDORA.COM - Nonsubscription Webcast","Webcasting",01-NOV-14,30-NOV-14,5939,,"CURRENT",3.122603339929896
"","DA BRAT","THAT'S WHAT I'M LOOKING FOR","UNRESTRICTED","SO SO DEF","PANDORA.COM - Subscription Webcast","Webcasting",01-NOV-14,30-NOV-14,694,,"CURRENT",.6452352867973172
"","DA BRAT","THAT'S WHAT I'M LOOKING FOR","UNRESTRICTED","SO SO DEF","SONGZA - Nonsubscription Webcast","Webcasting",01-NOV-14,30-NOV-14,128,,"CURRENT",.11914443614513
"","DA BRAT","THAT'S WHAT I'M LOOKING FOR","UNRESTRICTED","SO SO DEF","iHeart Media","Webcasting",01-NOV-14,30-NOV-14,1605.8,,"CURRENT",1.494696616316612
"","DA BRAT","THAT'S WHAT I'M LOOKING FOR","UNRESTRICTED","SO SO DEF","iTunes Radio - Sony","Direct Licensing",01-NOV-14,30-NOV-14,44496,,"CURRENT",18.27669958387128
"","DA BRAT","WE READY","UNRESTRICTED","SO SO DEF","PANDORA.COM - Nonsubscription Webcast","Webcasting",01-NOV-14,30-NOV-14,1863,,"CURRENT",.9795268601261816
"","DA BRAT","WE READY","UNRESTRICTED","SO SO DEF","PANDORA.COM - Subscription Webcast","Webcasting",01-NOV-14,30-NOV-14,193,,"CURRENT",.1794386316309544
"","DA BRAT","WHAT'CHU LIKE","BRILLIANT 2K SAMPLER","COLUMBIA","SKY.FM - Subscription Webcast","Webcasting",01-OCT-13,31-MAY-14,,,"CURRENT",.05884345697554891
"","DA BRAT","WHAT'CHU LIKE","BRILLIANT 2K SAMPLER","COLUMBIA","PANDORA.COM - Nonsubscription Webcast","Webcasting",01-NOV-14,30-NOV-14,39664,,"CURRENT",20.8545106709849
"","DA BRAT","WHAT'CHU LIKE","BRILLIANT 2K SAMPLER","COLUMBIA","PANDORA.COM - Subscription Webcast","Webcasting",01-NOV-14,30-NOV-14,4589,,"CURRENT",4.26654860390906
"","DA BRAT","WHAT'CHU LIKE","BRILLIANT 2K SAMPLER","COLUMBIA","SONGZA - Nonsubscription Webcast","Webcasting",01-NOV-14,30-NOV-14,6778,,"CURRENT",6.30907022024757
"","DA BRAT","WHAT'CHU LIKE","BRILLIANT 2K SAMPLER","COLUMBIA","STREAMLICENSING.COM - Nonsubscription Webcast","Webcasting",01-OCT-14,30-NOV-14,315,,"CURRENT",.01199424091314472
"","DA BRAT","WHAT'CHU LIKE","BRILLIANT 2K SAMPLER","COLUMBIA","iTunes Radio - Sony","Direct Licensing",01-NOV-14,30-NOV-14,46642,,"CURRENT",19.15816752047206
"","DA BRAT","WHAT'CHU LIKE","UNRESTRICTED","SONY MUSIC","CBS Webcasting","Webcasting",01-OCT-14,30-NOV-14,51,,"CURRENT",.048205769639142
"","DA BRAT","WHAT'CHU LIKE","UNRESTRICTED","SONY MUSIC","PANDORA.COM - Nonsubscription Webcast","Webcasting",01-NOV-14,30-NOV-14,1277,,"CURRENT",.671420182705922
"","DA BRAT","WHAT'CHU LIKE","UNRESTRICTED","SONY MUSIC","PANDORA.COM - Subscription Webcast","Webcasting",01-NOV-14,30-NOV-14,338,,"CURRENT",.314250038814831
"","DA BRAT","WHATCHA","","UNKNOWN LABEL","CBS Webcasting","Webcasting",01-NOV-14,30-NOV-14,1212,,"CURRENT",1.13615413616188
"","DA BRAT","WORLD PREMIERE","LIMELITE, LUV & NITECLUBZ","SO SO DEF","PANDORA.COM - Nonsubscription Webcast","Webcasting",01-NOV-14,30-NOV-14,428,,"CURRENT",.22503354596565
"","DA BRAT","WORLD PREMIERE","LIMELITE, LUV & NITECLUBZ","SO SO DEF","PANDORA.COM - Subscription Webcast","Webcasting",01-NOV-14,30-NOV-14,61,,"CURRENT",.0567137644014933
"","JAGGED EDGE/DA BRAT","THE WAY THAT YOU TALK","A JAGGED ERA","SO SO DEF","SKY.FM - Subscription Webcast","Webcasting",01-JUL-13,31-MAY-14,,,"CURRENT",.07466786440503253
"","LIL' KIM/LEFT EYE/DA BRAT/MISSY ELLIOT/ANGIE MARTINEZ","LADIES NIGHT","","","CBS Webcasting","Webcasting",01-OCT-14,30-NOV-14,2285,,"CURRENT",.435584600846173
"","LIL' KIM/LEFT EYE/DA BRAT/MISSY ELLIOT/ANGIE MARTINEZ","NOT TONIGHT (REMIX)","NOT TONIGHT [#1]","TOMMY BOY MUSIC","SLACKER.COM - WMG","Direct Licensing",01-NOV-13,28-FEB-14,129,,"CURRENT",.01133901064884078
"","LIL' KIM/LEFT EYE/DA BRAT/MISSY ELLIOT/ANGIE MARTINEZ","NOT TONIGHT (REMIX)","NOT TONIGHT [#1]","TOMMY BOY MUSIC","SIRIUS XM RADIO, INC","Cable Radio",01-NOV-14,30-NOV-14,,,"CURRENT",.024160362754751
"","LIL' KIM/LEFT EYE/DA BRAT/MISSY ELLIOT/ANGIE MARTINEZ","NOT TONIGHT (REMIX)","NOT TONIGHT [#1]","TOMMY BOY MUSIC","SIRIUS XM RADIO, INC","Satellite Radio",01-NOV-14,30-NOV-14,,1,"CURRENT",1.77122375257196
"","LIL' KIM/LEFT EYE/DA BRAT/MISSY ELLIOT/ANGIE MARTINEZ","NOT TONIGHT (REMIX)","NOT TONIGHT [#1]","TOMMY BOY MUSIC","SIRIUS XM RADIO, INC - Subscription Webcast","Webcasting",01-NOV-14,30-NOV-14,,,"CURRENT",.0261544545240272
"","LIL' KIM/LEFT EYE/DA BRAT/MISSY ELLIOT/ANGIE MARTINEZ","NOT TONIGHT (REMIX)","NOT TONIGHT [#1]","TOMMY BOY MUSIC","iTunes Radio - Warner","Direct Licensing",01-NOV-14,30-NOV-14,10164,,"CURRENT",.793112047676598
"","LIL' KIM/LEFT EYE/DA BRAT/MISSY ELLIOT/ANGIE MARTINEZ","NOT TONIGHT (REMIX)","NOTHING TO LOSE [ST]","TOMMY BOY MUSIC","SIRIUS XM ON DEMAND SERVICE","Webcasting",01-NOV-14,30-NOV-14,,,"CURRENT",.0178911801961823
"","LIL' KIM/LEFT EYE/DA BRAT/MISSY ELLIOT/ANGIE MARTINEZ","NOT TONIGHT (REMIX)","NOTHING TO LOSE [ST]","TOMMY BOY MUSIC","SIRIUS XM RADIO, INC","Cable Radio",01-NOV-14,30-NOV-14,,,"CURRENT",.434886529585516
"","LIL' KIM/LEFT EYE/DA BRAT/MISSY ELLIOT/ANGIE MARTINEZ","NOT TONIGHT (REMIX)","NOTHING TO LOSE [ST]","TOMMY BOY MUSIC","SIRIUS XM RADIO, INC","Satellite Radio",01-NOV-14,30-NOV-14,,18,"CURRENT",31.8820275462952
"","LIL' KIM/LEFT EYE/DA BRAT/MISSY ELLIOT/ANGIE MARTINEZ","NOT TONIGHT (REMIX)","NOTHING TO LOSE [ST]","TOMMY BOY MUSIC","SIRIUS XM RADIO, INC - Subscription Webcast","Webcasting",01-NOV-14,30-NOV-14,,,"CURRENT",.610297638913948
"COLLABORATIONS","CHERISH/DA BRAT","IN LOVE WIT CHU","IN LOVE WIT CHU","ARISTA CONTEMPORARY","iHeart Media","Webcasting",01-NOV-14,30-NOV-14,1968,,"CURRENT",.915918215503516
"COLLABORATIONS","CHERISH/DA BRAT","MISS P","UNKNOWN","MISSING LABEL XM 2003","SLACKER.COM - WMG","Direct Licensing",01-MAR-14,30-NOV-14,166,,"CURRENT",.0404327740006422
"COLLABORATIONS","DA BRAT/CHERISH","IN LOVE WIT CHU","LIMELITE, LUV AND NITECLUBZ","ARISTA RECORDS, INC.","CUMULUS MEDIA, INC.","Webcasting",01-NOV-14,30-NOV-14,107,,"CURRENT",.0490952459897539
"COLLABORATIONS","DA BRAT/CHERISH","IN LOVE WIT CHU","LIMELITE, LUV AND NITECLUBZ","ARISTA RECORDS, INC.","MADTOWNJAMZ.COM - WJQM","Webcasting",01-NOV-14,30-NOV-14,,,"CURRENT",.0162993723131614
"COLLABORATIONS","DA BRAT/CHERISH","IN LOVE WIT CHU","LIMELITE, LUV AND NITECLUBZ","ARISTA RECORDS, INC.","PANDORA.COM - Nonsubscription Webcast","Webcasting",01-NOV-14,30-NOV-14,5211,,"CURRENT",1.369918000031543
"COLLABORATIONS","DA BRAT/CHERISH","IN LOVE WIT CHU","LIMELITE, LUV AND NITECLUBZ","ARISTA RECORDS, INC.","PANDORA.COM - Subscription Webcast","Webcasting",01-NOV-14,30-NOV-14,595,,"CURRENT",.2765958181876105
"COLLABORATIONS","DA BRAT/CHERISH","IN LOVE WIT CHU","LIMELITE, LUV AND NITECLUBZ","ARISTA RECORDS, INC.","SONGZA - Nonsubscription Webcast","Webcasting",01-NOV-14,30-NOV-14,109,,"CURRENT",.0507294669524184
"COLLABORATIONS","DA BRAT/JERMAINE DUPRI","FUNKDAFIED","FUNKDAFIED","INDEPENDENT","CBS Webcasting","Webcasting",01-NOV-14,30-NOV-14,141,,"CURRENT",.0660881737618917
"COLLABORATIONS","DA BRAT/JERMAINE DUPRI","FUNKDAFIED","FUNKDAFIED","INDEPENDENT","RADIO ONE, INC.","Webcasting",01-OCT-14,30-NOV-14,4223,,"CURRENT",1.948519793183389
"COLLABORATIONS","DA BRAT/NOTORIOUS B.I.G.","BSIDE","","INDEPENDENT","iHeart Media","Webcasting",01-NOV-14,30-NOV-14,506.9,,"CURRENT",.235914097275779
"COLLABORATIONS","DA BRAT/NOTORIOUS B.I.G.","DA B SIDE - SQUEAKY CLEAN","USSM19400536","SO SO DEF/COLUMBIA","iHeart Media","Webcasting",01-NOV-14,30-NOV-14,117,,"CURRENT",.0544524548851175
"COLLABORATIONS","DA BRAT/NOTORIOUS B.I.G.","DA B SIDE DA BRAT","THE ULTIMATE R&B COLLECTION","WARNER MUSIC GROUP","SIRIUS XM RADIO, INC - Subscription Webcast","Webcasting",01-NOV-14,30-NOV-14,,,"CURRENT",.359052280283161
"COLLABORATIONS","DA BRAT/TYRESE","WHAT CHU LIKE","UNRESTRICTED","SO SO DEF","CUMULUS MEDIA, INC.","Webcasting",01-NOV-14,30-NOV-14,295,,"CURRENT",.13535605202782658
"COLLABORATIONS","DA BRAT/TYRESE","WHAT CHU LIKE","UNRESTRICTED","SO SO DEF","MUSIC CHOICE","Preexisting Services",01-NOV-14,30-NOV-14,,,"CURRENT",.0981596983178012
"COLLABORATIONS","DA BRAT/TYRESE","WHAT CHU LIKE","UNRESTRICTED","SO SO DEF","RADIO ONE, INC.","Webcasting",01-NOV-14,30-NOV-14,42,,"CURRENT",.01936751622984453
"COLLABORATIONS","DA BRAT/TYRESE","WHAT CHU LIKE","UNRESTRICTED","SO SO DEF","iHeart Media","Webcasting",01-NOV-14,30-NOV-14,6744.67,,"CURRENT",3.139007170000048
"COLLABORATIONS","DA BRAT/TYRESE","WHAT'CHU LIKE","SINGLE","SO SO DEF","SIRIUS XM ON DEMAND SERVICE","Webcasting",01-NOV-14,30-NOV-14,,,"CURRENT",.0115278222913545
"COLLABORATIONS","DA BRAT/TYRESE","WHAT'CHU LIKE","SINGLE","SO SO DEF","SIRIUS XM RADIO, INC","Cable Radio",01-NOV-14,30-NOV-14,,,"CURRENT",.0604009068868774
"COLLABORATIONS","DA BRAT/TYRESE","WHAT'CHU LIKE","SINGLE","SO SO DEF","SIRIUS XM RADIO, INC","Satellite Radio",01-NOV-14,30-NOV-14,,1,"CURRENT",4.42805938142989
"COLLABORATIONS","DA BRAT/TYRESE","WHAT'CHU LIKE","SINGLE","SO SO DEF","SIRIUS XM RADIO, INC - Subscription Webcast","Webcasting",01-NOV-14,30-NOV-14,,,"CURRENT",.065386136310068
"COLLABORATIONS","DEM FRANCHIZE BOYZ/BOW WOW/JD/DA BRAT","I THINK THEY LIKE ME (REMIX)","ON TOP OF OUR GAME","SO SO DEF","SIRIUS XM ON DEMAND SERVICE","Webcasting",01-NOV-14,30-NOV-14,,,"CURRENT",.0110667093997004
"COLLABORATIONS","DRU HILL/DA BRAT","IN MY BED (SO SO DEF MIX)","DEFINITION OF A REMIX","SO SO DEF","MUSIC CHOICE","Preexisting Services",01-NOV-14,30-NOV-14,,,"CURRENT",1.37423577644922
"COLLABORATIONS","DRU HILL/DA BRAT","IN MY BED REMIX","","","CUMULUS MEDIA, INC.","Webcasting",01-NOV-14,30-NOV-14,35,,"CURRENT",.0160591926134709
"COLLABORATIONS","DRU HILL/DA BRAT","IN MY BED REMIX","","","ENTERCOM COMMUNICATIONS CORP - Nonsubscription Webcast","Webcasting",01-NOV-14,30-NOV-14,299,,"CURRENT",.145949903086751
"COLLABORATIONS","DRU HILL/DA BRAT","IN MY BED REMIX","","","RADIO ONE, INC.","Webcasting",01-OCT-14,30-NOV-14,2689,,"CURRENT",1.248942134445484
"COLLABORATIONS","DRU HILL/DA BRAT/JD","IN MY BED","SO SO DEF: DEFINITION OF A REMIX","SONY MUSIC","CARTER BROADCAST GROUP, INC.","Webcasting",01-NOV-14,30-NOV-14,,,"CURRENT",.0600984080189165
"COLLABORATIONS","DRU HILL/DA BRAT/JD","IN MY BED (REMIX)","SO SO DEF: DEFINITION OF A REMIX","SONY","SIRIUS XM ON DEMAND SERVICE","Webcasting",01-NOV-14,30-NOV-14,,,"CURRENT",.0664002497581768
"COLLABORATIONS","DRU HILL/DA BRAT/JD","IN MY BED (REMIX)","SO SO DEF: DEFINITION OF A REMIX","SONY","SIRIUS XM RADIO, INC","Cable Radio",01-NOV-14,30-NOV-14,,,"CURRENT",.201336336155955
"COLLABORATIONS","DRU HILL/DA BRAT/JD","IN MY BED (REMIX)","SO SO DEF: DEFINITION OF A REMIX","SONY","SIRIUS XM RADIO, INC","Satellite Radio",01-NOV-14,30-NOV-14,,5,"CURRENT",14.7601964620798
"COLLABORATIONS","DRU HILL/DA BRAT/JD","IN MY BED (REMIX)","SO SO DEF: DEFINITION OF A REMIX","SONY","SIRIUS XM RADIO, INC - Subscription Webcast","Webcasting",01-NOV-14,30-NOV-14,,,"CURRENT",.873923044801085
"COLLABORATIONS","DRU HILL/DA BRAT/JD","SLEEPING IN MY BED","","","CUMULUS MEDIA, INC.","Webcasting",01-NOV-14,30-NOV-14,199,,"CURRENT",.0608719811524339
"COLLABORATIONS","DRU HILL/DA BRAT/JERMAINE DUPRI","IN MY BED","SO SO DEF PRESENTS: DEFINITION OF A REMIX (EXPLICIT)","SO SO DEF","CUMULUS MEDIA, INC.","Webcasting",01-NOV-14,30-NOV-14,1307,,"CURRENT",.399797023932224
"COLLABORATIONS","DRU HILL/DA BRAT/JERMAINE DUPRI","IN MY BED - SO SO DEF MIX","12'' CLUB CLASSICS - 90S R&B","DEF S","MUSIC CHOICE","Preexisting Services",01-NOV-14,30-NOV-14,,,"CURRENT",1.63599333596838
"COLLABORATIONS","LIL KIM /ANGIE MARTINEZ/LEFT-EYE/DA BRAT/MISSY ELLIOTT","NOT TONIGHT","HARD CORE, 1996","","iHeart-WMG (simulcast)","Direct Licensing",01-OCT-13,30-SEP-14,8056.17,,"CURRENT",3.2077162519217518
"COLLABORATIONS","LIL' KIM/MISSY ELLIOTT/DA BRAT/ANGIE MARTINEZ","NOT TONIGHT (REMIX)","NOTHING TO LOSE SOUNDTRACK","TOMMY BOY","MUSIC CHOICE","Preexisting Services",01-NOV-14,30-NOV-14,,,"CURRENT",1.71779472056152
"COLLABORATIONS","MARIAH CAREY/DA BRAT/MISSY ELLIOTT","HEARTBREAKER","RAINBOW","SONY MUSIC ENTERTAINMENT","SIRIUS XM ON DEMAND SERVICE","Webcasting",01-NOV-14,30-NOV-14,,,"CURRENT",.0212112354384785
"COLLABORATIONS","MARIAH CAREY/DA BRAT/MISSY ELLIOTT","HEARTBREAKER","RAINBOW","SONY MUSIC ENTERTAINMENT","SIRIUS XM RADIO, INC","Cable Radio",01-NOV-14,30-NOV-14,,,"CURRENT",.362406166132147
"COLLABORATIONS","MARIAH CAREY/DA BRAT/MISSY ELLIOTT","HEARTBREAKER","RAINBOW","SONY MUSIC ENTERTAINMENT","SIRIUS XM RADIO, INC","Satellite Radio",01-NOV-14,30-NOV-14,,9,"CURRENT",26.5684094252919
"COLLABORATIONS","MARIAH CAREY/DA BRAT/MISSY ELLIOTT","HEARTBREAKER","RAINBOW","SONY MUSIC ENTERTAINMENT","SIRIUS XM RADIO, INC - Subscription Webcast","Webcasting",01-NOV-14,30-NOV-14,,,"CURRENT",.681547384782165
"COLLABORATIONS","MARIAH CAREY/DA BRAT/XSCAPE","ALWAYS BE MY BABY (MR. DUPRI MIX)","THE REMIXES","COLUMBIA","MUSIC CHOICE","Preexisting Services",01-NOV-14,30-NOV-14,,,"CURRENT",.654391444805454
"COLLABORATIONS","MARIAH CAREY/MISSY ELLIOTT/DA BRAT","HEARTBREAKER (REMIX)","RAINBOW","COLUMBIA","RHAPSODY.COM","Webcasting",01-SEP-14,30-SEP-14,111,,"CURRENT",.0339460753825299
"COLLABORATIONS","MARIAH CAREY/MISSY ELLIOTT/DA BRAT","HEARTBREAKER (REMIX)","RAINBOW","COLUMBIA","SONGZA - Nonsubscription Webcast","Webcasting",01-NOV-14,30-NOV-14,6356,,"CURRENT",1.97209257995447438
"COLLABORATIONS","MISSY 'MISDEMEANOR' ELLIOTT/DA BRAT","SOCK IT 2 ME","SUPA DUPA FLY","EASTWEST","SLACKER.COM - WMG","Direct Licensing",01-NOV-13,28-FEB-14,11947,,"CURRENT",2.661848180530005
"COLLABORATIONS","MISSY 'MISDEMEANOR' ELLIOTT/DA BRAT","SOCK IT 2 ME","SUPA DUPA FLY","EASTWEST","MUSIC CHOICE","Preexisting Services",01-NOV-14,30-NOV-14,,,"CURRENT",.196319396635603
"COLLABORATIONS","MISSY ELLIOTT & DA BRAT","SOCK IT 2 ME","SUPA DUPA FLY","EAST/WEST RECORDS","ENTERCOM COMMUNICATIONS CORP - Nonsubscription Webcast","Webcasting",01-NOV-14,30-NOV-14,59,,"CURRENT",.0287994792044092
"COLLABORATIONS","MISSY ELLIOTT & DA BRAT","SOCK IT 2 ME","SUPA DUPA FLY","EAST/WEST RECORDS","RADIO ONE, INC.","Webcasting",01-OCT-14,30-NOV-14,28836,,"CURRENT",13.34269907483286
"COLLABORATIONS","MISSY ELLIOTT & DA BRAT","SOCK IT 2 ME","SUPA DUPA FLY","EAST/WEST RECORDS","SIRIUS XM ON DEMAND SERVICE","Webcasting",01-NOV-14,30-NOV-14,,,"CURRENT",.0949892556807618
"COLLABORATIONS","MISSY ELLIOTT & DA BRAT","SOCK IT 2 ME (CLEAN)","SUPA DUPA FLY","EASTWEST","SIRIUS XM RADIO, INC","Cable Radio",01-NOV-14,30-NOV-14,,,"CURRENT",.362405441321264
"COLLABORATIONS","MISSY ELLIOTT & DA BRAT","SOCK IT 2 ME (CLEAN)","SUPA DUPA FLY","EASTWEST","SIRIUS XM RADIO, INC","Satellite Radio",01-NOV-14,30-NOV-14,,6,"CURRENT",26.5683562885793
"COLLABORATIONS","MISSY ELLIOTT & DA BRAT","SOCK IT 2 ME (CLEAN)","SUPA DUPA FLY","EASTWEST","SIRIUS XM RADIO, INC - Subscription Webcast","Webcasting",01-NOV-14,30-NOV-14,,,"CURRENT",.675384941871038
"COLLABORATIONS","MISSY ELLIOTT/DA BRAT","SOCK IT 2 ME (RADIO VERSION)/(CC CLEANER)/(LYR!/CONT!)","","","iHeart-WMG (simulcast)","Direct Licensing",01-OCT-13,31-OCT-14,96270.36,,"CURRENT",70.35608159339811585
"COLLABORATIONS","TOTAL/DA BRAT","NO ONE ELSE","TOTAL","BAD BOY RECORDS","RHAPSODY.COM","Webcasting",01-SEP-14,30-SEP-14,144,,"CURRENT",.0660570956572183
"COLLABORATIONS","TOTAL/DA BRAT","NO ONE ELSE","TOTAL","BAD BOY RECORDS","JANGO.COM - Nonsubscription Webcast","Webcasting",01-OCT-14,31-OCT-14,298,,"CURRENT",.025931216996625
"COLLABORATIONS","TOTAL/DA BRAT","NO ONE ELSE","TOTAL","BAD BOY RECORDS","NOADRADIO.COM","Webcasting",01-OCT-14,31-OCT-14,4,,"CURRENT",.01655526170731
"COLLABORATIONS","TOTAL/DA BRAT","NO ONE ELSE","TOTAL","BAD BOY RECORDS","iHeart-WMG (simulcast)","Direct Licensing",01-DEC-13,31-OCT-14,246704.93,,"CURRENT",154.03971874790736
"COLLABORATIONS","TOTAL/DA BRAT","NO ONE ELSE","TOTAL","BAD BOY RECORDS","CARTER BROADCAST GROUP, INC.","Webcasting",01-NOV-14,30-NOV-14,,,"CURRENT",.0938843099982927
"COLLABORATIONS","TOTAL/DA BRAT","NO ONE ELSE","TOTAL","BAD BOY RECORDS","CBS Webcasting","Webcasting",01-OCT-14,30-NOV-14,235,,"CURRENT",.1119877958824532
"COLLABORATIONS","TOTAL/DA BRAT","NO ONE ELSE","TOTAL","BAD BOY RECORDS","MUSIC CHOICE","Preexisting Services",01-NOV-14,30-NOV-14,,,"CURRENT",.687117888224609
"COLLABORATIONS","TOTAL/DA BRAT","NO ONE ELSE","TOTAL","BAD BOY RECORDS","RADIO ONE, INC.","Webcasting",01-OCT-14,30-NOV-14,750,,"CURRENT",.3467616214951059
"COLLABORATIONS","TOTAL/DA BRAT","NO ONE ELSE","TOTAL","BAD BOY RECORDS","SIRIUS XM ON DEMAND SERVICE","Webcasting",01-NOV-14,30-NOV-14,,,"CURRENT",.0585613372400812
"COLLABORATIONS","TOTAL/DA BRAT","NO ONE ELSE","TOTAL","BAD BOY RECORDS","SIRIUS XM RADIO, INC - Subscription Webcast","Webcasting",01-NOV-14,30-NOV-14,,,"CURRENT",.413823428642137
"COLLABORATIONS","TOTAL/DA BRAT","NO ONE ELSE","TOTAL","BAD BOY RECORDS","SLACKER.COM - WMG","Direct Licensing",01-NOV-13,30-NOV-14,11105,,"CURRENT",2.711928889102745
"TRACKS UNDER ONE CENT","","","","","","",,,2843,,"",.2829794209842661145
"US Tax withheld","","","","","","",,,,,"",0
