"TYPE","ARTIST_NAME","TRACK_NAME","ALBUM_NAME","LABEL_NAME","ISRC","LICENSEE_NAME","LICENSE_SERVICE_NAME","START_DATE","END_DATE","NUM_PERFORMANCES","NUM_SPINS","DISTRIBUTION_TYPE","YOUR_AMOUNT"
"","22 ♦ Da Brat","Breeve On Em","Unrestricted","So So Def","USSM19929827","PANDORA.COM - Nonsubscription Webcast","Webcasting",01-APR-15,30-APR-15,21,,"CURRENT",.01192122474693046
"","DA BRAT","BACK UP","UNRESTRICTED","SO SO DEF","","PANDORA.COM - Nonsubscription Webcast","Webcasting",01-APR-15,30-APR-15,59,,"CURRENT",.03349296476518653
"","DA BRAT","BACK UP","UNRESTRICTED","SO SO DEF","","PANDORA.COM - Subscription Webcast","Webcasting",01-APR-15,30-APR-15,11,,"CURRENT",.01115107225469064
"","DA BRAT","BOOM","LIMELITE, LUV & NITECLUBZ","ARISTA RECORDS, INC.","","PANDORA.COM - Nonsubscription Webcast","Webcasting",01-APR-15,30-APR-15,252,,"CURRENT",.14305469696316831
"","DA BRAT","BOOM","LIMELITE, LUV & NITECLUBZ","ARISTA RECORDS, INC.","","PANDORA.COM - Subscription Webcast","Webcasting",01-APR-15,30-APR-15,39,,"CURRENT",.03953561981208497
"","DA BRAT","GIVE IT TO YOU","SINGLE","SONY SPECIAL PRODUCT","","LIVE365.COM - Subscription & Nonsubscription Webcast","Webcasting",01-FEB-15,30-APR-15,11,,"CURRENT",.01129879227736732
"","DA BRAT","GIVE IT TO YOU","SINGLE","SONY SPECIAL PRODUCT","","TOWNSQUARE MEDIA BROADCASTING","Webcasting",01-APR-15,30-APR-15,119,,"CURRENT",.121186884147133
"","DA BRAT","GIVE IT TO YOU REMIX","FUNKDAFIED","SONY","","SIRIUS XM RADIO, INC","Cable Radio",01-MAR-15,31-MAR-15,,,"PRIOR",.119617675548195
"","DA BRAT","GIVE IT TO YOU REMIX","FUNKDAFIED","SONY","","SIRIUS XM RADIO, INC","Satellite Radio",01-MAR-15,31-MAR-15,,,"PRIOR",10.054688724605
"","DA BRAT","GIVE IT TO YOU REMIX","FUNKDAFIED","SONY","","SIRIUS XM RADIO, INC - Subscription Webcast","Webcasting",01-MAR-15,31-MAR-15,,,"PRIOR",.245969307933981
"","DA BRAT","IN LOVE WIT CHEW (CLEAN EDIT)","COMP PROMO","SO SO DEF","","8TRACKS.COM - Nonsubscription Webcast","Webcasting",01-JAN-15,30-APR-15,18,,"CURRENT",.01028267651565614
"","DA BRAT","IN LOVE WIT CHU","LIMELITE, LUV AND NITECLUBZ","ARISTA RECORDS, INC.","","iHeart Media","Webcasting",01-APR-15,30-APR-15,321.94,,"CURRENT",.326342955088548
"","DA BRAT","IN LOVE WIT CHU (FEAT. CHERISH)","LIMELITE, LUV & NITECLUBZ","SONY/SO SO DEF","","CUMULUS MEDIA, INC.","Webcasting",01-JAN-12,31-AUG-12,,,"PRIOR",.4079733668031469
"","DA BRAT","LONG TIME AWAY","YELLOW PILLS 004: PREFILL","NUMERO","","PANDORA.COM - Nonsubscription Webcast","Webcasting",01-JAN-15,30-APR-15,249,,"CURRENT",.1413430199597636
"","DA BRAT","LONG TIME AWAY","YELLOW PILLS 004: PREFILL","NUMERO","","PANDORA.COM - Subscription Webcast","Webcasting",01-JAN-15,30-APR-15,69,,"CURRENT",.0699442982655783
"","DA BRAT","PINK LEMONADE","UNRESTRICTED","SO SO DEF","","PANDORA.COM - Nonsubscription Webcast","Webcasting",01-APR-15,30-APR-15,88,,"CURRENT",.04995560846332838
"","DA BRAT","PINK LEMONADE","UNRESTRICTED","SO SO DEF","","PANDORA.COM - Subscription Webcast","Webcasting",01-APR-15,30-APR-15,20,,"CURRENT",.0202746768267104
"","DA BRAT","RUNNIN' OUT OF TIME","UNRESTRICTED","SO SO DEF","","PANDORA.COM - Nonsubscription Webcast","Webcasting",01-APR-15,30-APR-15,66,,"CURRENT",.0374667063474965
"","DA BRAT","RUNNIN' OUT OF TIME","UNRESTRICTED","SO SO DEF","","PANDORA.COM - Subscription Webcast","Webcasting",01-APR-15,30-APR-15,22,,"CURRENT",.0223021445093813
"","DA BRAT","SITTIN' ON TOP OF THE WORLD","ANUTHAFUNKDAFIEDTANTRUM","SONY MUSIC","","RHAPSODY.COM","Webcasting",01-APR-15,30-APR-15,20,,"CURRENT",.0182256937067806
"","DA BRAT","SITTIN' ON TOP OF THE WORLD","ANUTHATANTRUM","SONY MUSIC","","8TRACKS.COM - Nonsubscription Webcast","Webcasting",01-JAN-15,30-APR-15,35,,"CURRENT",.01992900476962598
"","DA BRAT","SITTIN' ON TOP OF THE WORLD","ANUTHATANTRUM","SONY MUSIC","","PANDORA.COM - Nonsubscription Webcast","Webcasting",01-APR-15,30-APR-15,2361,,"CURRENT",1.340286267976355
"","DA BRAT","SITTIN' ON TOP OF THE WORLD","ANUTHATANTRUM","SONY MUSIC","","PANDORA.COM - Subscription Webcast","Webcasting",01-APR-15,30-APR-15,269,,"CURRENT",.2726944033192529
"","DA BRAT","SITTIN' ON TOP OF THE WORLD","ANUTHATANTRUM","SONY MUSIC","","iHeart Media","Webcasting",01-APR-15,30-APR-15,172,,"CURRENT",.174352327375382
"","DA BRAT","WE READY","UNRESTRICTED","SO SO DEF","","PANDORA.COM - Nonsubscription Webcast","Webcasting",01-APR-15,30-APR-15,3161,,"CURRENT",1.7944281630975226
"","DA BRAT","WE READY","UNRESTRICTED","SO SO DEF","","PANDORA.COM - Subscription Webcast","Webcasting",01-APR-15,30-APR-15,411,,"CURRENT",.4166446087888948
"","DA BRAT","WHAT 'CHU LIKE","UNRESTRICTED","SONY MUSIC","","UNIVISION.COM","Webcasting",01-MAR-15,31-MAR-15,,,"PRIOR",1.65756718764068
"","DA BRAT","WHAT 'CHU LIKE","UNRESTRICTED","SONY MUSIC","","PANDORA.COM - Nonsubscription Webcast","Webcasting",01-APR-15,30-APR-15,1950,,"CURRENT",1.10697086935785
"","DA BRAT","WHAT 'CHU LIKE","UNRESTRICTED","SONY MUSIC","","PANDORA.COM - Subscription Webcast","Webcasting",01-APR-15,30-APR-15,564,,"CURRENT",.571745886513228
"","DA BRAT","WHAT 'CHU LIKE","UNRESTRICTED","SONY MUSIC","","UNIVISION.COM","Webcasting",01-APR-15,30-APR-15,2717,,"CURRENT",2.76615999192703
"","DA BRAT","WHAT'CHU LIKE","UNRESTRICTED [EXPLICIT]","SONY","","PANDORA.COM - Nonsubscription Webcast","Webcasting",01-APR-15,30-APR-15,49428,,"CURRENT",28.0591569900615
"","DA BRAT","WHAT'CHU LIKE","UNRESTRICTED [EXPLICIT]","SONY","","PANDORA.COM - Subscription Webcast","Webcasting",01-APR-15,30-APR-15,5756,,"CURRENT",5.8350519907272
"","DA BRAT","WHAT'S ON YA MIND","UNRESTRICTED","SO SO DEF","","PANDORA.COM - Nonsubscription Webcast","Webcasting",01-APR-15,30-APR-15,33,,"CURRENT",.01873335317374806
"","DA BRAT","WORLD PREMIERE","LIMELITE, LUV & NITECLUBZ","SO SO DEF","","PANDORA.COM - Nonsubscription Webcast","Webcasting",01-APR-15,30-APR-15,251,,"CURRENT",.1424870195942673
"","DA BRAT","WORLD PREMIERE","LIMELITE, LUV & NITECLUBZ","SO SO DEF","","PANDORA.COM - Subscription Webcast","Webcasting",01-APR-15,30-APR-15,41,,"CURRENT",.0415630874947558
"","Da Brat","Ain't No Thang","Funkdafied","So So Def/Work","USSM10021885","IMVU.COM","Webcasting",01-APR-12,31-MAY-14,,,"PRIOR",.32332394621077772
"","Da Brat","Ain't No Thang","Funkdafied","So So Def/Work","USSM10021885","IHEART.COM","Webcasting",01-JAN-14,30-SEP-14,,,"PRIOR",.4942928399884149
"","Da Brat","Ain't No Thang","Funkdafied","So So Def/Work","USSM10021885","iHeart Media","Webcasting",01-OCT-14,30-NOV-14,,,"PRIOR",.01861624331448354
"","Da Brat","Ain't No Thang","Funkdafied","So So Def/Work","USSM10021885","BATANGA.COM","Webcasting",01-JAN-15,28-FEB-15,11,,"CURRENT",.01025778259083646
"","Da Brat","Ain't No Thang","Funkdafied","So So Def/Work","USSM10021885","SLACKER.COM - EMI","Direct Licensing",01-APR-15,30-APR-15,177,,"CURRENT",.0550660809853476
"","Da Brat","All My Bitches","Unrestricted","So So Def","USSM19929832","PANDORA.COM - Nonsubscription Webcast","Webcasting",01-APR-15,30-APR-15,109,,"CURRENT",.0618768332102593
"","Da Brat","All My Bitches","Unrestricted","So So Def","USSM19929832","PANDORA.COM - Subscription Webcast","Webcasting",01-APR-15,30-APR-15,30,,"CURRENT",.0304120152400652
"","Da Brat","All My Bitches","Unrestricted","So So Def","USSM19929832","iHeart Media","Webcasting",01-APR-15,30-APR-15,251,,"CURRENT",.254432756809423
"","Da Brat","Anuthatantrum","Anuthatantrum","So So Def","USSM19603179","SLACKER.COM - EMI","Direct Licensing",01-APR-15,30-APR-15,425,,"CURRENT",.13222081592527
"","Da Brat","Boom","Boom","Arista","USAR10300816","ADMIN TRUE UP","Webcasting",01-JAN-12,31-DEC-13,,,"PRIOR",.0124792063456965
"","Da Brat","Boom","Limelite, Luv & Niteclubz","Arista","USAR10300635","SPOTIFY.COM","Webcasting",01-JAN-13,31-DEC-13,,,"PRIOR",.18635774639525364
"","Da Brat","Boom","Limelite, Luv & Niteclubz","Arista","USAR10300635","IMVU.COM","Webcasting",01-SEP-12,31-JUL-14,,,"PRIOR",.147887924791128773
"","Da Brat","Boom","Boom","Arista","USAR10300816","IMVU.COM","Webcasting",01-APR-12,31-AUG-14,,,"PRIOR",1.418516738072994913
"","Da Brat","Boom","Limelite, Luv & Niteclubz","Arista","USAR10300635","IHEART.COM","Webcasting",01-FEB-14,30-SEP-14,,,"PRIOR",.22992065241107613
"","Da Brat","Boom","Limelite, Luv & Niteclubz","Arista","USAR10300635","iHeart Media","Webcasting",01-NOV-14,30-NOV-14,,,"PRIOR",.0307167694223742
"","Da Brat","Chi Town","Unrestricted","So So Def","USSM19929828","SPOTIFY.COM","Webcasting",01-NOV-12,31-MAY-13,,,"PRIOR",.1102395801548323275
"","Da Brat","Chi Town","Unrestricted","So So Def","USSM19929828","IMVU.COM","Webcasting",01-APR-12,28-FEB-14,,,"PRIOR",.288137048606389143
"","Da Brat","Chi Town","Unrestricted","So So Def","USSM10000423","IHEART.COM","Webcasting",01-DEC-13,31-AUG-14,,,"PRIOR",.0539472369618957
"","Da Brat","Chi Town","Unrestricted","So So Def","USSM10000423","IMVU.COM","Webcasting",01-JAN-11,31-AUG-14,,,"PRIOR",.8321348749809570205
"","Da Brat","Chi Town","Unrestricted","So So Def","USSM19929828","SONGZA - Nonsubscription Webcast","Webcasting",01-APR-15,30-APR-15,105,,"CURRENT",.0979235636248043
"","Da Brat","Come And Get Some","Funkdafied","So So Def/Work","USSM10021886","IMVU.COM","Webcasting",01-MAY-12,31-AUG-14,,,"PRIOR",.3755149479480734
"","Da Brat","Come And Get Some","Funkdafied","So So Def/Work","USSM10021886","IHEART.COM","Webcasting",01-JAN-14,30-SEP-14,,,"PRIOR",.13032217395745992
"","Da Brat","Come And Get Some","Funkdafied","So So Def/Work","USSM10021886","iTunes Radio - Universal","Direct Licensing",01-APR-15,30-APR-15,32,,"CURRENT",.0112320510529032
"","Da Brat","Da Shit Ya Can't Fuc Wit","Funkdafied","So So Def/Work","USSM10024868","BATANGA.COM","Webcasting",01-JAN-15,30-APR-15,19,,"CURRENT",.01771797856548869
"","Da Brat","Da Shit Ya Can't Fuc Wit","Funkdafied","So So Def/Work","USSM10024868","PANDORA.COM - Nonsubscription Webcast","Webcasting",01-APR-15,30-APR-15,73,,"CURRENT",.0414404479298065
"","Da Brat","Da Shit Ya Can't Fuc Wit","Funkdafied","So So Def/Work","USSM10024868","PANDORA.COM - Subscription Webcast","Webcasting",01-APR-15,30-APR-15,20,,"CURRENT",.0202746768267104
"","Da Brat","Da Shit Ya Can't Fuc Wit","Funkdafied","So So Def/Work","USSM10024868","SLACKER.COM - EMI","Direct Licensing",01-APR-15,30-APR-15,110,,"CURRENT",.0342218582394822
"","Da Brat","Da Shit Ya Can't Fuc Wit","Funkdafied","So So Def/Work","USSM10024868","iTunes Radio - Universal","Direct Licensing",01-APR-15,30-APR-15,126,,"CURRENT",.044226201020805
"","Da Brat","F**k You","Unrestricted","So So Def","USSM10000417","IMVU.COM","Webcasting",01-JAN-11,31-AUG-14,,,"PRIOR",1.11968034447720315
"","Da Brat","Fa All Y'All","Funkdafied","So So Def/Work","USSM10024455","JANGO.COM - Nonsubscription Webcast","Webcasting",01-FEB-15,28-FEB-15,54,,"CURRENT",.0127727263233568
"","Da Brat","Fa All Y'All","ANUTHAFUNKDAFIEDTANTRUM","So So Def/Columbia","USSM19400535","PANDORA.COM - Nonsubscription Webcast","Webcasting",01-APR-15,30-APR-15,434,,"CURRENT",.246371978103235
"","Da Brat","Fa All Y'All","ANUTHAFUNKDAFIEDTANTRUM","So So Def/Columbia","USSM19400535","PANDORA.COM - Subscription Webcast","Webcasting",01-APR-15,30-APR-15,53,,"CURRENT",.0537278935907819
"","Da Brat","Fa All Y'All","Funkdafied","So So Def/Work","USSM10024455","8TRACKS.COM - Nonsubscription Webcast","Webcasting",01-JAN-15,30-APR-15,23,,"CURRENT",.01313563904336111
"","Da Brat","Fa All Y'All","Funkdafied","So So Def/Work","USSM10024455","BATANGA.COM","Webcasting",01-JAN-15,30-APR-15,17,,"CURRENT",.01585292836468661
"","Da Brat","Fa All Y'All","Funkdafied","So So Def/Work","USSM10024455","CUMULUS MEDIA, INC.","Webcasting",01-APR-15,30-APR-15,33,,"CURRENT",.0307010664114296
"","Da Brat","Fa All Y'All","Funkdafied","So So Def/Work","USSM10024455","LIVE365.COM - Subscription & Nonsubscription Webcast","Webcasting",01-FEB-15,30-APR-15,18,,"CURRENT",.01850787467476007
"","Da Brat","Fa All Y'All","Funkdafied","So So Def/Work","USSM10024455","PANDORA.COM - Nonsubscription Webcast","Webcasting",01-APR-15,30-APR-15,5543,,"CURRENT",3.1466356558208049
"","Da Brat","Fa All Y'All","Funkdafied","So So Def/Work","USSM10024455","PANDORA.COM - Subscription Webcast","Webcasting",01-APR-15,30-APR-15,687,,"CURRENT",.6964351489974952
"","Da Brat","Fa All Y'All","Funkdafied","So So Def/Work","USSM10024455","SONGZA - Nonsubscription Webcast","Webcasting",01-APR-15,30-APR-15,170,,"CURRENT",.15854291253539767
"","Da Brat","Fa All Y'All","Funkdafied","So So Def/Work","USSM10024455","iHeart Media","Webcasting",01-APR-15,30-APR-15,189,,"CURRENT",.19158482484853
"","Da Brat","Fa All Y'All","Funkdafied","So So Def/Work","USSM10024455","iTunes Radio - Universal","Direct Licensing",01-APR-15,30-APR-15,30,,"CURRENT",.0105300478620963
"","Da Brat","Fire It Up","Funkdafied","So So Def/Work","USSM10027859","IMVU.COM","Webcasting",01-MAY-12,31-AUG-14,,,"PRIOR",.288986325535916453
"","Da Brat","Fire It Up","Funkdafied","So So Def/Work","USSM10027859","IHEART.COM","Webcasting",01-JAN-14,30-SEP-14,,,"PRIOR",.5780685114339088
"","Da Brat","Fire It Up","Funkdafied","So So Def/Work","USSM10027859","iHeart Media","Webcasting",01-OCT-14,30-NOV-14,,,"PRIOR",.0353709030840025
"","Da Brat","Fire It Up","Funkdafied","So So Def/Work","USSM10027859","BATANGA.COM","Webcasting",01-JAN-15,30-APR-15,12,,"CURRENT",.011190301896538268
"","Da Brat","Fire It Up","Funkdafied","So So Def/Work","USSM10027859","PANDORA.COM - Nonsubscription Webcast","Webcasting",01-APR-15,30-APR-15,2319,,"CURRENT",1.31644381848249
"","Da Brat","Fire It Up","Funkdafied","So So Def/Work","USSM10027859","PANDORA.COM - Subscription Webcast","Webcasting",01-APR-15,30-APR-15,294,,"CURRENT",.29803774935264
"","Da Brat","Fire It Up","Funkdafied","So So Def/Work","USSM10027859","SLACKER.COM - EMI","Direct Licensing",01-APR-15,30-APR-15,222,,"CURRENT",.069065932083318
"","Da Brat","Fire It Up","Funkdafied","So So Def/Work","USSM10027859","iHeart Media","Webcasting",01-APR-15,30-APR-15,12,,"CURRENT",.0121641158633988
"","Da Brat","Fuck You","Unrestricted","So So Def","USSM19929833","iHeart Media","Webcasting",01-APR-15,30-APR-15,356,,"CURRENT",.360868770614162
"","Da Brat","Funkdafied","ANUTHAFUNKDAFIEDTANTRUM","SO SO DEF/COLUMBIA","","LIVE365.COM - Subscription & Nonsubscription Webcast","Webcasting",01-JAN-12,30-JUN-12,,,"PRIOR",.55917353150512175
"","Da Brat","Funkdafied","Funkdafied","So So Def/Work","USSM19402033","SPOTIFY.COM","Webcasting",01-JUL-12,31-OCT-12,,,"PRIOR",.5104945569527223
"","Da Brat","Funkdafied","Funkdafied","So So Def/Work","USSM19402033","SIRIUS XM RADIO, INC - Subscription Webcast","Webcasting",01-JUN-13,31-AUG-13,,,"PRIOR",.731032814908765
"","Da Brat","Funkdafied","Funkdafied","So So Def/Work","USSM19402033","ADMIN TRUE UP","Webcasting",01-JAN-12,31-DEC-13,,,"PRIOR",.01657501190374201
"","Da Brat","Funkdafied","Funkdafied","So So Def/Work","USSM19402033","SIRIUS XM ON DEMAND SERVICE","Webcasting",01-JAN-14,30-NOV-14,,,"PRIOR",.31837898681724007
"","Da Brat","Funkdafied","Funkdafied","So So Def/Work","USSM19402033","Beasley Broadcasting - Nonsubscription Webcast","Webcasting",01-JAN-15,31-JAN-15,657,,"CURRENT",.665956536282788
"","Da Brat","Funkdafied","ANUTHAFUNKDAFIEDTANTRUM","SO SO DEF/COLUMBIA","","SLACKER.COM - EMI","Direct Licensing",01-NOV-14,31-MAR-15,,,"PRIOR",1.70889044414013
"","Da Brat","Funkdafied","Funkdafied","So So Def/Work","USSM19402033","iTunes Radio - Universal","Direct Licensing",01-FEB-15,31-MAR-15,,,"PRIOR",2.3584615717115419
"","Da Brat","Funkdafied","ANUTHAFUNKDAFIEDTANTRUM","SO SO DEF/COLUMBIA","","SLACKER.COM - EMI","Direct Licensing",01-APR-15,30-APR-15,1418,,"CURRENT",.441150863487138
"","Da Brat","Funkdafied","ANUTHAFUNKDAFIEDTANTRUM","So So Def/Columbia","USSM19400530","SONGZA - Nonsubscription Webcast","Webcasting",01-APR-15,30-APR-15,14,,"CURRENT",.0130564751499738
"","Da Brat","Funkdafied","Funkdafied","So So Def/Work","USSM19402033","8TRACKS.COM - Nonsubscription Webcast","Webcasting",01-JAN-15,30-APR-15,483,,"CURRENT",.2758389984738727
"","Da Brat","Funkdafied","Funkdafied","So So Def/Work","USSM19402033","BATANGA.COM","Webcasting",01-JAN-15,30-APR-15,116,,"CURRENT",.108172909418972868
"","Da Brat","Funkdafied","Funkdafied","So So Def/Work","USSM19402033","CARTER BROADCAST GROUP, INC.","Webcasting",01-APR-15,30-APR-15,,,"CURRENT",.13817046458752
"","Da Brat","Funkdafied","Funkdafied","So So Def/Work","USSM19402033","COX RADIO INTERACTIVE","Webcasting",01-MAR-15,30-APR-15,1598,,"CURRENT",1.733777593548381
"","Da Brat","Funkdafied","Funkdafied","So So Def/Work","USSM19402033","CUMULUS MEDIA, INC.","Webcasting",01-MAR-15,30-APR-15,11103,,"CURRENT",10.7099036466507568
"","Da Brat","Funkdafied","Funkdafied","So So Def/Work","USSM19402033","ENTERCOM COMMUNICATIONS CORP - Nonsubscription Webcast","Webcasting",01-APR-15,30-APR-15,187,,"CURRENT",.189908277257731
"","Da Brat","Funkdafied","Funkdafied","So So Def/Work","USSM19402033","JAMMIN983.COM - WJMR","Webcasting",01-APR-15,30-APR-15,,,"CURRENT",.606135733604187
"","Da Brat","Funkdafied","Funkdafied","So So Def/Work","USSM19402033","LIVE365.COM - Subscription & Nonsubscription Webcast","Webcasting",01-FEB-15,30-APR-15,420,,"CURRENT",.43188885449949914
"","Da Brat","Funkdafied","Funkdafied","So So Def/Work","USSM19402033","MIXCLOUD.COM - Nonsubscription Webcast","Webcasting",01-APR-15,30-APR-15,,,"CURRENT",.05222174064335616
"","Da Brat","Funkdafied","Funkdafied","So So Def/Work","USSM19402033","MUSIC CHOICE","Preexisting Services",01-APR-15,30-APR-15,,,"CURRENT",6.67219188400133
"","Da Brat","Funkdafied","Funkdafied","So So Def/Work","USSM19402033","PANDORA.COM - Nonsubscription Webcast","Webcasting",01-APR-15,30-APR-15,15677,,"CURRENT",8.899478112268223
"","Da Brat","Funkdafied","Funkdafied","So So Def/Work","USSM19402033","PANDORA.COM - Subscription Webcast","Webcasting",01-APR-15,30-APR-15,1973,,"CURRENT",2.0000968689549652
"","Da Brat","Funkdafied","Funkdafied","So So Def/Work","USSM19402033","SIRIUS XM ON DEMAND SERVICE","Webcasting",01-APR-15,30-APR-15,,,"CURRENT",.27369225644036
"","Da Brat","Funkdafied","Funkdafied","So So Def/Work","USSM19402033","SIRIUS XM RADIO, INC","Satellite Radio",01-APR-15,30-APR-15,,17,"CURRENT",173.817871657855
"","Da Brat","Funkdafied","Funkdafied","So So Def/Work","USSM19402033","SIRIUS XM RADIO, INC - Subscription Webcast","Webcasting",01-APR-15,30-APR-15,,,"CURRENT",4.60340835882265
"","Da Brat","Funkdafied","Funkdafied","So So Def/Work","USSM19402033","SKY.FM - Subscription Webcast","Webcasting",01-APR-15,30-APR-15,,,"CURRENT",.0233221475162809
"","Da Brat","Funkdafied","Funkdafied","So So Def/Work","USSM19402033","SLACKER.COM - EMI","Direct Licensing",01-APR-15,30-APR-15,2268,,"CURRENT",.705592495337679
"","Da Brat","Funkdafied","Funkdafied","So So Def/Work","USSM19402033","SONGZA - Nonsubscription Webcast","Webcasting",01-APR-15,30-APR-15,3360,,"CURRENT",3.13355403599374
"","Da Brat","Funkdafied","Funkdafied","So So Def/Work","USSM19402033","TOWNSQUARE MEDIA BROADCASTING","Webcasting",01-APR-15,30-APR-15,128,,"CURRENT",.1303522787464948
"","Da Brat","Funkdafied","Funkdafied","So So Def/Work","USSM19402033","UNIVISION.COM","Webcasting",01-APR-15,30-APR-15,2012,,"CURRENT",2.04840408677114
"","Da Brat","Funkdafied","Funkdafied","So So Def/Work","USSM19402033","iHeart Media","Webcasting",01-APR-15,30-APR-15,19041.17,,"CURRENT",19.30158317122268
"","Da Brat","Funkdafied","Funkdafied","So So Def/Work","USSM19402033","iTunes Radio - Universal","Direct Licensing",01-APR-15,30-APR-15,3624,,"CURRENT",1.2720297817412399
"","Da Brat","Give It 2 You","Funkdafied","So So Def/Work","USSM10021887","8TRACKS.COM - Nonsubscription Webcast","Webcasting",01-JAN-15,30-APR-15,45,,"CURRENT",.02565495414166429
"","Da Brat","Give It 2 You","Funkdafied","So So Def/Work","USSM10021887","BATANGA.COM","Webcasting",01-JAN-15,30-APR-15,117,,"CURRENT",.1091054569379309
"","Da Brat","Give It 2 You","Funkdafied","So So Def/Work","USSM10021887","CUMULUS MEDIA, INC.","Webcasting",01-MAR-15,30-APR-15,238,,"CURRENT",.2304017154720558
"","Da Brat","Give It 2 You","Funkdafied","So So Def/Work","USSM10021887","LIVE365.COM - Subscription & Nonsubscription Webcast","Webcasting",01-FEB-15,30-APR-15,104,,"CURRENT",.10702806722698063
"","Da Brat","Give It 2 You","Funkdafied","So So Def/Work","USSM10021887","MUSIC CHOICE","Preexisting Services",01-APR-15,30-APR-15,,,"CURRENT",7.90778297363121
"","Da Brat","Give It 2 You","Funkdafied","So So Def/Work","USSM10021887","PANDORA.COM - Nonsubscription Webcast","Webcasting",01-APR-15,30-APR-15,36956,,"CURRENT",20.979084845122472
"","Da Brat","Give It 2 You","Funkdafied","So So Def/Work","USSM10021887","PANDORA.COM - Subscription Webcast","Webcasting",01-APR-15,30-APR-15,4836,,"CURRENT",4.902416856698532
"","Da Brat","Give It 2 You","Funkdafied","So So Def/Work","USSM10021887","SIRIUS XM ON DEMAND SERVICE","Webcasting",01-APR-15,30-APR-15,,,"CURRENT",.2656719705373449
"","Da Brat","Give It 2 You","Funkdafied","So So Def/Work","USSM10021887","SIRIUS XM RADIO, INC","Satellite Radio",01-APR-15,30-APR-15,,1,"CURRENT",10.2245806857562
"","Da Brat","Give It 2 You","Funkdafied","So So Def/Work","USSM10021887","SIRIUS XM RADIO, INC - Subscription Webcast","Webcasting",01-APR-15,30-APR-15,,,"CURRENT",2.994984241538694
"","Da Brat","Give It 2 You","Funkdafied","So So Def/Work","USSM10021887","SONGZA - Nonsubscription Webcast","Webcasting",01-APR-15,30-APR-15,1163,,"CURRENT",1.0846200428156923
"","Da Brat","Give It 2 You","Funkdafied","So So Def/Work","USSM10021887","iHeart Media","Webcasting",01-APR-15,30-APR-15,908.97,,"CURRENT",.921401366362793
"","Da Brat","Give It 2 You","Funkdafied","So So Def/Work","USSM10021887","iTunes Radio - Universal","Direct Licensing",01-APR-15,30-APR-15,84,,"CURRENT",.02948413401387
"","Da Brat","Got It Poppin'","Limelite, Luv & Niteclubz","Arista","USAR10300647","PANDORA.COM - Nonsubscription Webcast","Webcasting",01-APR-15,30-APR-15,121,,"CURRENT",.06868896163707686
"","Da Brat","Got It Poppin'","Limelite, Luv & Niteclubz","Arista","USAR10300647","PANDORA.COM - Subscription Webcast","Webcasting",01-APR-15,30-APR-15,12,,"CURRENT",.01216480609602608
"","Da Brat","Got It Poppin'","Limelite, Luv & Niteclubz","Arista","USAR10300647","iHeart Media","Webcasting",01-APR-15,30-APR-15,13,,"CURRENT",.0131777921853484
"","Da Brat","Gushy Wushy","Limelite, Luv & Niteclubz","Arista","USAR10300651","8TRACKS.COM - Nonsubscription Webcast","Webcasting",01-JAN-15,30-APR-15,43,,"CURRENT",.02453141896507755
"","Da Brat","Gushy Wushy","Limelite, Luv & Niteclubz","Arista","USAR10300651","PANDORA.COM - Nonsubscription Webcast","Webcasting",01-APR-15,30-APR-15,60,,"CURRENT",.03406064213408789
"","Da Brat","Immortal Beloved (Outro)","mtv's hip hopera: CARMEN","Music World Music/Columbia","USLIC0601386","iTunes Radio - Universal","Direct Licensing",01-APR-15,30-APR-15,12998,,"CURRENT",4.56231873705094
"","Da Brat","Just A Little Bit More","Anuthatantrum","So So Def","USSM19603184","PANDORA.COM - Nonsubscription Webcast","Webcasting",01-APR-15,30-APR-15,849,,"CURRENT",.4819580861973418
"","Da Brat","Just A Little Bit More","Anuthatantrum","So So Def","USSM19603184","PANDORA.COM - Subscription Webcast","Webcasting",01-APR-15,30-APR-15,92,,"CURRENT",.09326351340286687
"","Da Brat","Leave Me Alone","Unrestricted","So So Def","USSM10000115","iTunes Radio - Universal","Direct Licensing",01-APR-15,30-APR-15,6086,,"CURRENT",2.13619570962395
"","Da Brat","Let's All Get High","Anuthatantrum","So So Def","USSM19603182","8TRACKS.COM - Nonsubscription Webcast","Webcasting",01-JAN-15,30-APR-15,99,,"CURRENT",.05641422038961866
"","Da Brat","Let's All Get High","Anuthatantrum","So So Def","USSM19603182","PANDORA.COM - Nonsubscription Webcast","Webcasting",01-APR-15,30-APR-15,4597,,"CURRENT",2.6096128648400239
"","Da Brat","Let's All Get High","Anuthatantrum","So So Def","USSM19603182","PANDORA.COM - Subscription Webcast","Webcasting",01-APR-15,30-APR-15,560,,"CURRENT",.5676909511478858
"","Da Brat","Let's All Get High","Anuthatantrum","So So Def","USSM19603182","SLACKER.COM - EMI","Direct Licensing",01-APR-15,30-APR-15,81,,"CURRENT",.025199731976346
"","Da Brat","Live It Up","Anuthatantrum","So So Def","USSM19603188","PANDORA.COM - Nonsubscription Webcast","Webcasting",01-APR-15,30-APR-15,1871,,"CURRENT",1.06212435721464
"","Da Brat","Live It Up","Anuthatantrum","So So Def","USSM19603188","PANDORA.COM - Subscription Webcast","Webcasting",01-APR-15,30-APR-15,192,,"CURRENT",.194636897536418
"","Da Brat","Lyrical Molestation","Anuthatantrum","So So Def","USSM19603187","PANDORA.COM - Nonsubscription Webcast","Webcasting",01-APR-15,30-APR-15,30,,"CURRENT",.0170303210670438
"","Da Brat","Lyrical Molestation","Anuthatantrum","So So Def","USSM19603187","PANDORA.COM - Subscription Webcast","Webcasting",01-APR-15,30-APR-15,32,,"CURRENT",.0324394829227365
"","Da Brat","Lyrical Molestation","Anuthatantrum","So So Def","USSM19603187","SLACKER.COM - EMI","Direct Licensing",01-APR-15,30-APR-15,60,,"CURRENT",.018666468130626
"","Da Brat","Make It Happen","Anuthatantrum","So So Def","USSM19603189","PANDORA.COM - Nonsubscription Webcast","Webcasting",01-APR-15,30-APR-15,377,,"CURRENT",.214014368075851
"","Da Brat","Make It Happen","Anuthatantrum","So So Def","USSM19603189","PANDORA.COM - Subscription Webcast","Webcasting",01-APR-15,30-APR-15,44,,"CURRENT",.0446042890187626
"","Da Brat","May Da Funk Be Wit 'Cha","Funkdafied","So So Def/Work","USSM10024867","IMVU.COM","Webcasting",01-APR-12,31-AUG-14,,,"PRIOR",.5780109597441389025
"","Da Brat","May Da Funk Be Wit 'Cha","Funkdafied","So So Def/Work","USSM10024867","IHEART.COM","Webcasting",01-JAN-14,30-SEP-14,,,"PRIOR",.5343195381201617
"","Da Brat","May Da Funk Be Wit 'Cha","Funkdafied","So So Def/Work","USSM10024867","iHeart Media","Webcasting",01-OCT-14,30-NOV-14,,,"PRIOR",.0242011299043231
"","Da Brat","May Da Funk Be Wit 'Cha","Funkdafied","So So Def/Work","USSM10024867","BATANGA.COM","Webcasting",01-FEB-15,31-MAR-15,18,,"CURRENT",.01678546628860254
"","Da Brat","May Da Funk Be Wit 'Cha","Funkdafied","So So Def/Work","USSM10024867","PANDORA.COM - Nonsubscription Webcast","Webcasting",01-APR-15,30-APR-15,54,,"CURRENT",.0306545779206789
"","Da Brat","May Da Funk Be Wit 'Cha","Funkdafied","So So Def/Work","USSM10024867","PANDORA.COM - Subscription Webcast","Webcasting",01-APR-15,30-APR-15,12,,"CURRENT",.0121648060960261
"","Da Brat","May Da Funk Be Wit 'Cha","Funkdafied","So So Def/Work","USSM10024867","iHeart Media","Webcasting",01-APR-15,30-APR-15,16,,"CURRENT",.0162188211511985
"","Da Brat","May Da Funk Be Wit 'Cha","Funkdafied","So So Def/Work","USSM10024867","iTunes Radio - Universal","Direct Licensing",01-APR-15,30-APR-15,34,,"CURRENT",.0119340542437092
"","Da Brat","Mind Blowin'","Funkdafied","So So Def/Work","USSM10020893","BATANGA.COM","Webcasting",01-JAN-15,28-FEB-15,11,,"CURRENT",.010257784329867118
"","Da Brat","Mind Blowin'","Funkdafied","So So Def/Work","USSM10020893","SLACKER.COM - EMI","Direct Licensing",01-APR-15,30-APR-15,189,,"CURRENT",.0587993746114737
"","Da Brat","My Beliefs","Anuthatantrum","So So Def","USSM19603180","SLACKER.COM - EMI","Direct Licensing",01-APR-15,30-APR-15,51,,"CURRENT",.0158664979110321
"","Da Brat","That's What I'm Looking For","Unrestricted","So So Def","USSM19924161","CUMULUS MEDIA, INC.","Webcasting",01-DEC-14,31-JAN-15,,,"PRIOR",.0372706551828488
"","Da Brat","That's What I'm Looking For","Unrestricted","So So Def","USSM19924161","JANGO.COM - Nonsubscription Webcast","Webcasting",01-FEB-15,28-FEB-15,68,,"CURRENT",.0160841738886716
"","Da Brat","That's What I'm Looking For","Unrestricted","So So Def","USSM19924161","8TRACKS.COM - Nonsubscription Webcast","Webcasting",01-JAN-15,30-APR-15,234,,"CURRENT",.1333772566186533
"","Da Brat","That's What I'm Looking For","Unrestricted","So So Def","USSM19924161","CUMULUS MEDIA, INC.","Webcasting",01-MAR-15,30-APR-15,126,,"CURRENT",.12178023428477937
"","Da Brat","That's What I'm Looking For","Unrestricted","So So Def","USSM19924161","PANDORA.COM - Nonsubscription Webcast","Webcasting",01-APR-15,30-APR-15,6217,,"CURRENT",3.52925020246039
"","Da Brat","That's What I'm Looking For","Unrestricted","So So Def","USSM19924161","PANDORA.COM - Subscription Webcast","Webcasting",01-APR-15,30-APR-15,754,,"CURRENT",.764355316366975
"","Da Brat","That's What I'm Looking For","Unrestricted","So So Def","USSM19924161","SIRIUS XM RADIO, INC","Satellite Radio",01-APR-15,30-APR-15,,1,"CURRENT",10.2245806857562
"","Da Brat","That's What I'm Looking For","Unrestricted","So So Def","USSM19924161","SIRIUS XM RADIO, INC - Subscription Webcast","Webcasting",01-APR-15,30-APR-15,,,"CURRENT",.13848463209958
"","Da Brat","That's What I'm Looking For","Unrestricted","So So Def","USSM19924161","SLACKER.COM - EMI","Direct Licensing",01-APR-15,30-APR-15,414,,"CURRENT",.128798630101322
"","Da Brat","That's What I'm Looking For","Unrestricted","So So Def","USSM19924161","SONGZA - Nonsubscription Webcast","Webcasting",01-APR-15,30-APR-15,158,,"CURRENT",.147351648121134
"","Da Brat","That's What I'm Looking For","Unrestricted","So So Def","USSM19924161","iHeart Media","Webcasting",01-APR-15,30-APR-15,1344.23,,"CURRENT",1.362614122254703
"","Da Brat","That's What I'm Looking For","Unrestricted","So So Def","USSM19924161","iTunes Radio - Universal","Direct Licensing",01-APR-15,30-APR-15,118,,"CURRENT",.0414181882575792
"","Da Brat","The Introduction","mtv's hip hopera: CARMEN","Music World Music/Columbia","USLIC0601377","iTunes Radio - Universal","Direct Licensing",01-APR-15,30-APR-15,8768,,"CURRENT",3.07758198849536
"","Da Brat ♦ LaTocha Scott ♦ Trey Lorenz","High Come Down","Unrestricted","So So Def","USSM19929831","PANDORA.COM - Nonsubscription Webcast","Webcasting",01-APR-15,30-APR-15,728,,"CURRENT",.413269124560265
"","Da Brat ♦ LaTocha Scott ♦ Trey Lorenz","High Come Down","Unrestricted","So So Def","USSM19929831","PANDORA.COM - Subscription Webcast","Webcasting",01-APR-15,30-APR-15,82,,"CURRENT",.0831261749895116
"","Da Brat ♦ Millie Jackson ♦ Twista","Intro","Unrestricted","So So Def","USSM19929824","SONGZA - Nonsubscription Webcast","Webcasting",01-APR-15,30-APR-15,103,,"CURRENT",.0960583528890937
"","Da Brat ♦ T-Boz","Ghetto Love","Anuthatantrum","So So Def","USSM19603186","MADGENIUSRADIO.COM","Webcasting",01-JAN-15,31-JAN-15,,,"CURRENT",.0121642739368971
"","Da Brat ♦ T-Boz","Ghetto Love","Anuthatantrum","So So Def","USSM19603186","PANDORA.COM - Nonsubscription Webcast","Webcasting",01-APR-15,30-APR-15,2791,,"CURRENT",1.5843875366039807
"","Da Brat ♦ T-Boz","Ghetto Love","Anuthatantrum","So So Def","USSM19603186","PANDORA.COM - Subscription Webcast","Webcasting",01-APR-15,30-APR-15,341,,"CURRENT",.3456832398954093
"","Da Brat ♦ T-Boz","Ghetto Love","Anuthatantrum","So So Def","USSM19603186","SIRIUS XM ON DEMAND SERVICE","Webcasting",01-APR-15,30-APR-15,,,"CURRENT",.018045643281782
"","Da Brat ♦ T-Boz","Ghetto Love","Anuthatantrum","So So Def","USSM19603186","SIRIUS XM RADIO, INC","Satellite Radio",01-APR-15,30-APR-15,,6,"CURRENT",61.3474841145371
"","Da Brat ♦ T-Boz","Ghetto Love","Anuthatantrum","So So Def","USSM19603186","SIRIUS XM RADIO, INC - Subscription Webcast","Webcasting",01-APR-15,30-APR-15,,,"CURRENT",1.753094839757258
"","Da Brat ♦ T-Boz","Ghetto Love","Anuthatantrum","So So Def","USSM19603186","SKY.FM - Subscription Webcast","Webcasting",01-APR-15,30-APR-15,,,"CURRENT",.0158590603110708
"","Da Brat ♦ T-Boz","Ghetto Love","Anuthatantrum","So So Def","USSM19603186","SLACKER.COM - EMI","Direct Licensing",01-APR-15,30-APR-15,129,,"CURRENT",.0401329064808468
"","Da Brat ♦ T-Boz","Ghetto Love","Anuthatantrum","So So Def","USSM19603186","SONGZA - Nonsubscription Webcast","Webcasting",01-APR-15,30-APR-15,83,,"CURRENT",.0774062455319883
"","Da Brat ♦ T-Boz","Ghetto Love","Anuthatantrum","So So Def","USSM19603186","iTunes Radio - Universal","Direct Licensing",01-APR-15,30-APR-15,44,,"CURRENT",.015444070197741
"","Da Brat ♦ The Notorious B.I.G.","Da B Side","ANUTHAFUNKDAFIEDTANTRUM","So So Def/Columbia","USSM19400536","8TRACKS.COM - Nonsubscription Webcast","Webcasting",01-JAN-15,30-APR-15,32,,"CURRENT",.018269416478562806
"","Da Brat ♦ The Notorious B.I.G.","Da B Side","ANUTHAFUNKDAFIEDTANTRUM","So So Def/Columbia","USSM19400536","PANDORA.COM - Nonsubscription Webcast","Webcasting",01-APR-15,30-APR-15,4394,,"CURRENT",2.49437435895302
"","Da Brat ♦ The Notorious B.I.G.","Da B Side","ANUTHAFUNKDAFIEDTANTRUM","So So Def/Columbia","USSM19400536","PANDORA.COM - Subscription Webcast","Webcasting",01-APR-15,30-APR-15,540,,"CURRENT",.547416274321176
"","Da Brat ♦ The Notorious B.I.G.","Da B Side","ANUTHAFUNKDAFIEDTANTRUM","So So Def/Columbia","USSM19400536","SIRIUS XM RADIO, INC","Satellite Radio",01-APR-15,30-APR-15,,1,"CURRENT",10.2245806857562
"","Da Brat ♦ The Notorious B.I.G.","Da B Side","ANUTHAFUNKDAFIEDTANTRUM","So So Def/Columbia","USSM19400536","SONGZA - Nonsubscription Webcast","Webcasting",01-APR-15,30-APR-15,2464,,"CURRENT",2.29793962639541
"","Da Brat ♦ The Notorious B.I.G.","Da B Side","ANUTHAFUNKDAFIEDTANTRUM","So So Def/Columbia","USSM19400536","iTunes Radio - Universal","Direct Licensing",01-APR-15,30-APR-15,4804,,"CURRENT",1.686211664317028
"","Da Brat ♦ Tyrese","What'chu Like","Unrestricted","So So Def","USSM19927446","LIVE365.COM - Subscription & Nonsubscription Webcast","Webcasting",01-FEB-15,30-APR-15,38,,"CURRENT",.03907726038788249
"","Da Brat ♦ Tyrese","What'chu Like","Unrestricted","So So Def","USSM19927446","SLACKER.COM - EMI","Direct Licensing",01-APR-15,30-APR-15,863,,"CURRENT",.268486033278844
"","Da Brat ♦ Tyrese","What'chu Like","Unrestricted","So So Def","USSM19927446","SONGZA - Nonsubscription Webcast","Webcasting",01-APR-15,30-APR-15,6036,,"CURRENT",5.629206000374475333
"","Da Brat ♦ Tyrese","What'chu Like","Unrestricted","So So Def","USSM19927446","STARPULSE.COM","Webcasting",01-MAR-15,30-APR-15,,,"CURRENT",.02051651158115882
"","Da Brat ♦ Tyrese","What'chu Like","Unrestricted","So So Def","USSM19927446","iTunes Radio - Universal","Direct Licensing",01-APR-15,30-APR-15,120,,"CURRENT",.0421201914483861
"","LIL' KIM/LEFT EYE/DA BRAT/MISSY ELLIOT/ANGIE MARTINEZ","NOT TONIGHT (REMIX)","NOT TONIGHT [#1]","TOMMY BOY MUSIC","","SIRIUS XM RADIO, INC","Satellite Radio",01-APR-15,30-APR-15,,1,"CURRENT",2.04491613715124
"","LIL' KIM/LEFT EYE/DA BRAT/MISSY ELLIOT/ANGIE MARTINEZ","NOT TONIGHT (REMIX)","NOT TONIGHT [#1]","TOMMY BOY MUSIC","","SIRIUS XM RADIO, INC - Subscription Webcast","Webcasting",01-APR-15,30-APR-15,,,"CURRENT",.027696926419916
"","LIL' KIM/LEFT EYE/DA BRAT/MISSY ELLIOT/ANGIE MARTINEZ","NOT TONIGHT (REMIX)","NOT TONIGHT [#1]","TOMMY BOY MUSIC","","iTunes Radio - Universal","Direct Licensing",01-APR-15,30-APR-15,9592,,"CURRENT",.714636036539842
"","LIL' KIM/LEFT EYE/DA BRAT/MISSY ELLIOT/ANGIE MARTINEZ","NOT TONIGHT (REMIX)","NOTHING TO LOSE [ST]","TOMMY BOY MUSIC","","SIRIUS XM ON DEMAND SERVICE","Webcasting",01-APR-15,30-APR-15,,,"CURRENT",.0405024438102216
"","LIL' KIM/LEFT EYE/DA BRAT/MISSY ELLIOT/ANGIE MARTINEZ","NOT TONIGHT (REMIX)","NOTHING TO LOSE [ST]","TOMMY BOY MUSIC","","SIRIUS XM RADIO, INC","Satellite Radio",01-APR-15,30-APR-15,,19,"CURRENT",38.8534066058734
"","LIL' KIM/LEFT EYE/DA BRAT/MISSY ELLIOT/ANGIE MARTINEZ","NOT TONIGHT (REMIX)","NOTHING TO LOSE [ST]","TOMMY BOY MUSIC","","SIRIUS XM RADIO, INC - Subscription Webcast","Webcasting",01-APR-15,30-APR-15,,,"CURRENT",.944710110735278
"","LIL' KIM/LEFT EYE/DA BRAT/MISSY ELLIOT/ANGIE MARTINEZ","NOT TONIGHT (REMIX)","NOTHING TO LOSE [ST]","TOMMY BOY MUSIC","","TOWNSQUARE MEDIA BROADCASTING","Webcasting",01-APR-15,30-APR-15,59,,"CURRENT",.0120168506969425
"COLLABORATIONS","Cherish ♦ Da Brat","In Love Wit Chu","Limelite, Luv & Niteclubz","Arista","USAR10300127","CUMULUS MEDIA, INC.","Webcasting",01-MAR-15,31-MAR-15,99,,"CURRENT",.0493695414603262
"COLLABORATIONS","Cherish ♦ Da Brat","In Love Wit Chu","Limelite, Luv & Niteclubz","Arista","USAR10300127","PANDORA.COM - Nonsubscription Webcast","Webcasting",01-APR-15,30-APR-15,5680,,"CURRENT",1.6122037276801526
"COLLABORATIONS","Cherish ♦ Da Brat","In Love Wit Chu","Limelite, Luv & Niteclubz","Arista","USAR10300127","PANDORA.COM - Subscription Webcast","Webcasting",01-APR-15,30-APR-15,661,,"CURRENT",.3350390345613862
"COLLABORATIONS","Cherish ♦ Da Brat","In Love Wit Chu","Limelite, Luv & Niteclubz","Arista","USAR10300127","SONGZA - Nonsubscription Webcast","Webcasting",01-APR-15,30-APR-15,76,,"CURRENT",.0354390039785007
"COLLABORATIONS","Cherish ♦ Da Brat","In Love Wit Chu","Limelite, Luv & Niteclubz","Arista","USAR10300127","iHeart Media","Webcasting",01-APR-15,30-APR-15,2153,,"CURRENT",1.09122256057906
"COLLABORATIONS","DA BRAT/DESTINY'S CHILD","SURVIVOR","DESTINY FULFILLED (VALUE ADDED FOR WAL-MART)","SONY URBAN MUSIC/COLUMBIA","","LIVE365.COM - Subscription & Nonsubscription Webcast","Webcasting",01-MAR-15,30-APR-15,92,,"CURRENT",.0473672832172895
"COLLABORATIONS","DA BRAT/JERMAINE DUPRI","FUNKDAFIED","","","","CUMULUS MEDIA, INC.","Webcasting",01-MAR-15,31-MAR-15,28,,"CURRENT",.0139631026352437
"COLLABORATIONS","DA BRAT/MARIAH CAREY/XSCAPE","ALWAYS BE MY BABY (REMIX)","KEEP IT LOCKED TO MIDNIGHT EXPRESS RADIO","UMVD","","CUMULUS MEDIA, INC.","Webcasting",01-MAR-15,30-APR-15,404,,"CURRENT",.1299327726509396
"COLLABORATIONS","DA BRAT/MARIAH CAREY/XSCAPE","ALWAYS BE MY BABY (REMIX)","KEEP IT LOCKED TO MIDNIGHT EXPRESS RADIO","UMVD","","ENTERCOM COMMUNICATIONS CORP - Nonsubscription Webcast","Webcasting",01-APR-15,30-APR-15,293,,"CURRENT",.0991858048534148
"COLLABORATIONS","DA BRAT/MARIAH CAREY/XSCAPE","ALWAYS BE MY BABY (REMIX)","KEEP IT LOCKED TO MIDNIGHT EXPRESS RADIO","UMVD","","TOWNSQUARE MEDIA BROADCASTING","Webcasting",01-APR-15,30-APR-15,328,,"CURRENT",.111342794114441
"COLLABORATIONS","DA BRAT/NOTORIOUS B.I.G.","BSIDE","","INDEPENDENT","","iHeart Media","Webcasting",01-APR-15,30-APR-15,89.2,,"CURRENT",.0452099639589651
"COLLABORATIONS","DA BRAT/NOTORIOUS B.I.G.","DA B SIDE","BAD BOYS SOUNDTRACK","","","LIVE365.COM - Subscription & Nonsubscription Webcast","Webcasting",01-JAN-11,30-APR-13,,,"PRIOR",.206792200806700843
"COLLABORATIONS","DA BRAT/NOTORIOUS B.I.G.","DA B SIDE DA BRAT","THE ULTIMATE R&B COLLECTION","WARNER MUSIC GROUP","","SIRIUS XM RADIO, INC","Satellite Radio",01-APR-15,30-APR-15,,1,"CURRENT",5.11229034287809
"COLLABORATIONS","DA BRAT/NOTORIOUS B.I.G.","DA B SIDE DA BRAT","THE ULTIMATE R&B COLLECTION","WARNER MUSIC GROUP","","SIRIUS XM RADIO, INC - Subscription Webcast","Webcasting",01-APR-15,30-APR-15,,,"CURRENT",.3389950350595309
"COLLABORATIONS","DA BRAT/NOTORIOUS B.I.G.","DIRTY B SIDE","ANUTHAFUNKDAFIEDTANTRUM","SONY","","8TRACKS.COM - Nonsubscription Webcast","Webcasting",01-JAN-15,30-APR-15,100,,"CURRENT",.028594338516709158
"COLLABORATIONS","DA BRAT/TYRESE","WHAT 'CHU LIKE","UNRESTRICTED","SO SO DEF","","MUSIC CHOICE","Preexisting Services",01-APR-15,30-APR-15,,,"CURRENT",.617795544814938
"COLLABORATIONS","DA BRAT/TYRESE","WHAT'CHU LIKE","SINGLE","SO SO DEF","","8TRACKS.COM - Nonsubscription Webcast","Webcasting",01-JAN-15,30-APR-15,262,,"CURRENT",.07475638181813048
"COLLABORATIONS","DA BRAT/TYRESE","WHAT'CHU LIKE","SINGLE","SO SO DEF","","SIRIUS XM ON DEMAND SERVICE","Webcasting",01-APR-15,30-APR-15,,,"CURRENT",.0195494468885972
"COLLABORATIONS","DA BRAT/TYRESE","WHAT'CHU LIKE","SINGLE","SO SO DEF","","SIRIUS XM RADIO, INC","Satellite Radio",01-APR-15,30-APR-15,,5,"CURRENT",25.5614517143904
"COLLABORATIONS","DA BRAT/TYRESE","WHAT'CHU LIKE","SINGLE","SO SO DEF","","SIRIUS XM RADIO, INC - Subscription Webcast","Webcasting",01-APR-15,30-APR-15,,,"CURRENT",1.46087264049973
"COLLABORATIONS","DEM FRANCHIZE BOYZ/JERMAINE DUPRI/DA BRAT/BOW WOW","I THINK THEY LIKE ME (REMIX)","I THINK THEY LIKE ME","NOW 20","","SPOTIFY.COM","Webcasting",01-NOV-12,31-DEC-12,,,"PRIOR",.136240338158640816
"COLLABORATIONS","DRU HILL/DA BRAT","IN MY BED (SO SO DEF MIX)","DEFINITION OF A REMIX","SO SO DEF","","MUSIC CHOICE","Preexisting Services",01-APR-15,30-APR-15,,,"CURRENT",1.48270930755585
"COLLABORATIONS","DRU HILL/DA BRAT","IN MY BED REMIX","","","","CUMULUS MEDIA, INC.","Webcasting",01-MAR-15,30-APR-15,55,,"CURRENT",.0262880278550483
"COLLABORATIONS","DRU HILL/DA BRAT","IN MY BED REMIX","","","","ENTERCOM COMMUNICATIONS CORP - Nonsubscription Webcast","Webcasting",01-APR-15,30-APR-15,620,,"CURRENT",.314821208288217
"COLLABORATIONS","DRU HILL/DA BRAT/JD","IN MY BED","SO SO DEF: DEFINITION OF A REMIX","SONY MUSIC","","CARTER BROADCAST GROUP, INC.","Webcasting",01-APR-15,30-APR-15,,,"CURRENT",.0731490621726038
"COLLABORATIONS","DRU HILL/DA BRAT/JD","IN MY BED (REMIX)","SO SO DEF: DEFINITION OF A REMIX","SONY","","SIRIUS XM ON DEMAND SERVICE","Webcasting",01-APR-15,30-APR-15,,,"CURRENT",.0454482822389184
"COLLABORATIONS","DRU HILL/DA BRAT/JD","IN MY BED (REMIX)","SO SO DEF: DEFINITION OF A REMIX","SONY","","SIRIUS XM RADIO, INC","Satellite Radio",01-APR-15,30-APR-15,,4,"CURRENT",13.6327728843975
"COLLABORATIONS","DRU HILL/DA BRAT/JD","IN MY BED (REMIX)","SO SO DEF: DEFINITION OF A REMIX","SONY","","SIRIUS XM RADIO, INC - Subscription Webcast","Webcasting",01-APR-15,30-APR-15,,,"CURRENT",.840187964632409
"COLLABORATIONS","DRU HILL/DA BRAT/JERMAINE DUPRI","SLEEPING IN MY BED (REMIX)","DRU HILL","DEF SOUL","","LIVE365.COM - Subscription & Nonsubscription Webcast","Webcasting",01-FEB-15,30-APR-15,38,,"CURRENT",.013018104381803886
"COLLABORATIONS","DRU HILL/DA BRAT/JERMAINE DUPRI","SLEEPING IN MY BED (REMIX)","DRU HILL","DEF SOUL","","TOWNSQUARE MEDIA BROADCASTING","Webcasting",01-APR-15,30-APR-15,53,,"CURRENT",.0179913121481601
"COLLABORATIONS","Da Brat  The Notorious B.I.G.","Da B Side","","","USSM19400536","iHeart Media","Webcasting",01-APR-15,30-APR-15,200,,"CURRENT",.101367632194989
"COLLABORATIONS","Da Brat & Bow Wow ♦ Dem Franchize Boyz feat. Jermaine Dupri","I Think They Like Me","On Top Of Our Game","Virgin Records America","USVI20500231","SLACKER.COM - EMI","Direct Licensing",01-JUL-12,31-JAN-13,,,"PRIOR",.447038994578185805
"COLLABORATIONS","Da Brat & Bow Wow ♦ Dem Franchize Boyz feat. Jermaine Dupri","I Think They Like Me","On Top Of Our Game","Virgin Records America","USVI20500231","8TRACKS.COM - Nonsubscription Webcast","Webcasting",01-JUN-12,31-DEC-13,,,"PRIOR",.0121347123198184049
"COLLABORATIONS","Da Brat & Bow Wow ♦ Dem Franchize Boyz feat. Jermaine Dupri","I Think They Like Me","I Think They Like Me","Virgin Records America","USVI20500231","8TRACKS.COM - Nonsubscription Webcast","Webcasting",01-JAN-15,30-APR-15,131,,"CURRENT",.01866868356775937
"COLLABORATIONS","Da Brat & Bow Wow ♦ Dem Franchize Boyz feat. Jermaine Dupri","I Think They Like Me","On Top Of Our Game","Virgin Records America","USVI20500231","SIRIUS XM ON DEMAND SERVICE","Webcasting",01-APR-15,30-APR-15,,,"CURRENT",.0438609385321089
"COLLABORATIONS","Da Brat & Bow Wow ♦ Dem Franchize Boyz feat. Jermaine Dupri","I Think They Like Me","On Top Of Our Game","Virgin Records America","USVI20500231","SIRIUS XM RADIO, INC - Subscription Webcast","Webcasting",01-APR-15,30-APR-15,,,"CURRENT",.353847120411286
"COLLABORATIONS","Da Brat ♦ Destiny's Child ♦ Jermaine Dupri ♦ Lil Bow Wow","Jumpin', Jumpin' (So So Def Remix)//Credits","This Is The Remix","Columbia","USSM10200513","SPOTIFY.COM","Webcasting",01-OCT-13,31-DEC-13,,,"PRIOR",.1822918245719754
"COLLABORATIONS","Da Brat ♦ Destiny's Child ♦ Vita","Big Momma's Theme","Big Momma's House - Music From The Motion Picture","So So Def/Sony Music Soundtrax","USSM10009108","SLACKER.COM - EMI","Direct Licensing",01-APR-15,30-APR-15,490,,"CURRENT",.0508142235413197
"COLLABORATIONS","Da Brat ♦ Jermaine Dupri ♦ Lil Bow Wow","You Know Me","Beware Of Dog","So So Def","USSM10014527","IMVU.COM","Webcasting",01-AUG-12,31-AUG-14,,,"PRIOR",.026057167455519939
"COLLABORATIONS","Da Brat ♦ Jermaine Dupri ♦ Lil Bow Wow","You Know Me","Beware Of Dog","So So Def","USSM10014527","IHEART.COM","Webcasting",01-JAN-14,30-SEP-14,,,"PRIOR",.242650348137903251
"COLLABORATIONS","Da Brat ♦ Jermaine Dupri ♦ Lil Bow Wow","You Know Me","Beware Of Dog","So So Def","USSM10014527","iTunes Match-Sony","Direct Licensing",01-OCT-13,30-SEP-14,,,"PRIOR",.19369426472257559
"COLLABORATIONS","Da Brat ♦ Jermaine Dupri ♦ Lil Bow Wow","You Know Me","Beware Of Dog","So So Def","USSM10014527","iTunes Radio - Sony","Direct Licensing",01-SEP-13,31-DEC-14,,,"PRIOR",1.493149817840798722
"COLLABORATIONS","Da Brat ♦ Jermaine Dupri ♦ Lil Bow Wow","You Know Me","Beware Of Dog","So So Def","USSM10014527","iTunes Radio - Universal","Direct Licensing",01-JAN-15,31-MAR-15,,,"PRIOR",.713137722451565
"COLLABORATIONS","Da Brat ♦ Jermaine Dupri ♦ Lil Bow Wow","You Know Me","Beware Of Dog","So So Def","USSM10014527","PANDORA.COM - Nonsubscription Webcast","Webcasting",01-APR-15,30-APR-15,295,,"CURRENT",.055821719585193
"COLLABORATIONS","Da Brat ♦ Keisha Jackson","Get Somebody","Limelite, Luv & Niteclubz","Arista","USAR10300649","iHeart Media","Webcasting",01-APR-15,30-APR-15,246,,"CURRENT",.124682187599837
"COLLABORATIONS","Da Brat ♦ Mariah Carey ♦ Missy Elliott","Heartbreaker (Remix)","Unrestricted","So So Def","USSM19907865","SPOTIFY.COM","Webcasting",01-NOV-12,31-MAR-13,,,"PRIOR",.435911820170672575
"COLLABORATIONS","Da Brat ♦ Mariah Carey ♦ Missy Elliott","Heartbreaker (Remix)","Unrestricted","So So Def","USSM19907865","ACCURADIO.COM - Nonsubscription Webcast","Webcasting",01-JAN-09,31-AUG-14,,,"PRIOR",.194863455063417242
"COLLABORATIONS","Da Brat ♦ Mariah Carey ♦ Missy Elliott","Heartbreaker (Remix)","Rainbow","Columbia","USSM19907865","BATANGA.COM","Webcasting",01-JAN-15,30-APR-15,222,,"CURRENT",.0690069892450536
"COLLABORATIONS","Da Brat ♦ Mariah Carey ♦ Missy Elliott","Heartbreaker (Remix)","Rainbow","Columbia","USSM19907865","LIVE365.COM - Subscription & Nonsubscription Webcast","Webcasting",01-FEB-15,30-APR-15,412,,"CURRENT",.1412466278135835
"COLLABORATIONS","Da Brat ♦ Mariah Carey ♦ Missy Elliott","Heartbreaker (Remix)","Rainbow","Columbia","USSM19907865","RHAPSODY.COM","Webcasting",01-APR-15,30-APR-15,43,,"CURRENT",.0130617732800204
"COLLABORATIONS","Da Brat ♦ Mariah Carey ♦ Missy Elliott","Heartbreaker (Remix)","Rainbow","Columbia","USSM19907865","SONGZA - Nonsubscription Webcast","Webcasting",01-APR-15,30-APR-15,540,,"CURRENT",.16786930195188276
"COLLABORATIONS","Da Brat ♦ Mystikal","Hands In The Air","Unrestricted","So So Def","USSM19929830","SPOTIFY.COM","Webcasting",01-JUN-12,31-DEC-13,,,"PRIOR",.1219737391380979498
"COLLABORATIONS","Da Brat ♦ Mystikal","Hands In The Air","Unrestricted","So So Def","USSM19929830","IMVU.COM","Webcasting",01-MAY-11,31-MAY-14,,,"PRIOR",.572846225060984545
"COLLABORATIONS","Da Brat ♦ Mystikal","Hands In The Air","Unrestricted","So So Def","USSM19929830","IHEART.COM","Webcasting",01-AUG-13,31-JUL-14,,,"PRIOR",.052963740506907768
"COLLABORATIONS","Da Brat ♦ Tyrese","What'chu Like","Unrestricted","So So Def","USSM19927446","SPOTIFY.COM","Webcasting",01-JUL-12,30-SEP-12,,,"PRIOR",.688454704071515
"COLLABORATIONS","Da Brat ♦ Tyrese","What'chu Like","Unrestricted","So So Def","USSM19927446","LIVE365.COM - Subscription & Nonsubscription Webcast","Webcasting",01-DEC-14,31-DEC-14,,,"PRIOR",.0145878406424697
"COLLABORATIONS","Da Brat ♦ Tyrese","What'chu Like","Unrestricted","So So Def","USSM19927449","ENTERCOM COMMUNICATIONS CORP - Nonsubscription Webcast","Webcasting",01-FEB-15,31-MAR-15,,,"PRIOR",.983242037701245
"COLLABORATIONS","Da Brat ♦ Tyrese","What'chu Like","Unrestricted","So So Def","USSM19927446","ENTERCOM COMMUNICATIONS CORP - Nonsubscription Webcast","Webcasting",01-APR-15,30-APR-15,3080,,"CURRENT",1.56395051859308
"COLLABORATIONS","Da Brat ♦ Tyrese","What'chu Like","Unrestricted","So So Def","USSM19927446","LIVE365.COM - Subscription & Nonsubscription Webcast","Webcasting",01-FEB-15,30-APR-15,588,,"CURRENT",.3023107012460385
"COLLABORATIONS","Da Brat ♦ Tyrese","What'chu Like","Unrestricted","So So Def","USSM19927446","iHeart Media","Webcasting",01-APR-15,30-APR-15,4779,,"CURRENT",2.42217957129927
"COLLABORATIONS","Da Brat ♦ Tyrese","What'chu Like","Unrestricted","So So Def","USSM19927449","CUMULUS MEDIA, INC.","Webcasting",01-MAR-15,30-APR-15,1238,,"CURRENT",.60459956046092732
"COLLABORATIONS","Da Brat ♦ Tyrese","What'chu Like","Unrestricted","So So Def","USSM19927449","ENTERCOM COMMUNICATIONS CORP - Nonsubscription Webcast","Webcasting",01-APR-15,30-APR-15,1414,,"CURRENT",.717995465354096
"COLLABORATIONS","Da Brat ♦ Tyrese","What'chu Like","Unrestricted","So So Def","USSM19927449","STAR929.FM - KOSP-FM","Webcasting",01-APR-15,30-APR-15,,,"CURRENT",.0101358112815484
"COLLABORATIONS","Da Brat ♦ Tyrese","What'chu Like","Unrestricted","So So Def","USSM19927449","iHeart Media","Webcasting",01-APR-15,30-APR-15,6682.31,,"CURRENT",3.3868497114645
"COLLABORATIONS","Dru Hill","In My Bed","12'' Club Classics - 90s R&B","Island Records Ltd","USIR29700123","MUSIC CHOICE","Preexisting Services",01-APR-15,30-APR-15,,,"CURRENT",2.22406173726981
"COLLABORATIONS","JAGGED EDGE/JERMAINE DUPRI/DA BRAT/R.O.C./LIL BOW WOW/TIGAH","WHERE THE PARTY AT","THE HITS","SONY URBAN MUSIC/COLUMBIA","","SLACKER.COM - EMI","Direct Licensing",01-NOV-14,31-MAR-15,,,"PRIOR",.52786534937744
"COLLABORATIONS","Kid Slim & Pastor Troy ♦ T. Waters ♦ Young Capone feat. Da Brat","I'm Hot","I'm Hot","Virgin Records America","USVI20500473","IMVU.COM","Webcasting",01-AUG-11,30-SEP-13,,,"PRIOR",.051832144182221808
"COLLABORATIONS","Kid Slim & Pastor Troy ♦ T. Waters ♦ Young Capone feat. Da Brat","I'm Hot","I'm Hot","Virgin Records America","USVI20500473","IHEART.COM","Webcasting",01-DEC-11,31-JUL-14,,,"PRIOR",.65544735930928584
"COLLABORATIONS","LIL' KIM/MISSY ELLIOTT/DA BRAT/ANGIE MARTINEZ","NOT TONIGHT (REMIX)","NOTHING TO LOSE SOUNDTRACK","TOMMY BOY","","MUSIC CHOICE","Preexisting Services",01-APR-15,30-APR-15,,,"CURRENT",1.66804797100033
"COLLABORATIONS","Lil' Kim","Not Tonight","Hard Core","Atlantic Recording Corp.","USAT29600065","iHeart Media - WMG (simulcast)","Direct Licensing",01-MAR-15,30-APR-15,17473.83,,"CURRENT",3.75385933186938
"COLLABORATIONS","MARIAH CAREY/DA BRAT/LUDACRIS","LOVERBOY (REMIX)","0107  URBAN RADIO JULY 2001","VIRGI","","LIVE365.COM - Subscription & Nonsubscription Webcast","Webcasting",01-FEB-15,30-APR-15,409,,"CURRENT",.1402331795352779
"COLLABORATIONS","MARIAH CAREY/DA BRAT/MISSY ELLIOTT","HEARTBREAKER","RAINBOW","SONY MUSIC ENTERTAINMENT","","SIRIUS XM ON DEMAND SERVICE","Webcasting",01-APR-15,30-APR-15,,,"CURRENT",.0260659813166545
"COLLABORATIONS","MARIAH CAREY/DA BRAT/MISSY ELLIOTT","HEARTBREAKER","RAINBOW","SONY MUSIC ENTERTAINMENT","","SIRIUS XM RADIO, INC","Satellite Radio",01-APR-15,30-APR-15,,8,"CURRENT",27.2656030264468
"COLLABORATIONS","MARIAH CAREY/DA BRAT/MISSY ELLIOTT","HEARTBREAKER","RAINBOW","SONY MUSIC ENTERTAINMENT","","SIRIUS XM RADIO, INC - Subscription Webcast","Webcasting",01-APR-15,30-APR-15,,,"CURRENT",.677927221712472
"COLLABORATIONS","MARIAH CAREY/DA BRAT/XSCAPE","ALWAYS BE MY BABY","ALWAYS BE MY BABY","SONY","","CUMULUS MEDIA, INC.","Webcasting",01-MAR-15,30-APR-15,195,,"CURRENT",.0623256467597057
"COLLABORATIONS","MARIAH CAREY/DA BRAT/XSCAPE","ALWAYS BE MY BABY (MR. DUPRI MIX)","ALWAYS BE MY BABY MAXI SINGLE","COLUMBIA","","8TRACKS.COM - Nonsubscription Webcast","Webcasting",01-JAN-15,30-APR-15,273,,"CURRENT",.052038942948055627
"COLLABORATIONS","MISSY ELLIOTT/DA BRAT","SOCK IT 2 ME (RADIO VERSION)/(CC CLEANER)/(LYR!/CONT!)","","","","iHeart Media - WMG (simulcast)","Direct Licensing",01-MAR-15,30-APR-15,28852.68,,"CURRENT",15.52992603766721
"COLLABORATIONS","Mariah Carey","Always Be My Baby","The Remixes","Columbia","USSM19502477","MUSIC CHOICE","Preexisting Services",01-APR-15,30-APR-15,,,"CURRENT",.576603409068857
"COLLABORATIONS","Missy Elliott & Da Brat","Sock It 2 Me","Supa Dupa Fly","Elektra Entertainment Group","USEW19706203","CUMULUS MEDIA, INC.","Webcasting",01-OCT-08,31-DEC-11,,,"PRIOR",.211071141424253613
"COLLABORATIONS","Missy Elliott & Da Brat","Sock It 2 Me","Supa Dupa Fly","East/West","USEW19706203","iTunes Radio - Universal","Direct Licensing",01-APR-15,30-APR-15,104,,"CURRENT",.0193708683799375
"COLLABORATIONS","Missy Elliott & Da Brat","Sock It 2 Me","Supa Dupa Fly","Elektra Entertainment Group","USEW19706203","8TRACKS.COM - Nonsubscription Webcast","Webcasting",01-JAN-15,30-APR-15,111,,"CURRENT",.03164539847673174
"COLLABORATIONS","Missy Elliott & Da Brat","Sock It 2 Me","Supa Dupa Fly","Elektra Entertainment Group","USEW19706203","MUSIC CHOICE","Preexisting Services",01-APR-15,30-APR-15,,,"CURRENT",.49423643585195
"COLLABORATIONS","OMARION/DA BRAT","ICE BOX","ICE BOX","COLUMBIA","","iTunes Radio - Universal","Direct Licensing",01-APR-15,30-APR-15,4998,,"CURRENT",.877152986912625
"COLLABORATIONS","ORIGINAL SOUNDTRACK","DA B SIDE","BAD BOYS","UNKNOWN LABEL","","SLACKER.COM","Webcasting",01-APR-15,30-APR-15,940,,"CURRENT",.292312683045371
"COLLABORATIONS","TOTAL/FOXY BROWN/LIL KIM/DA BRAT","NO ONE ELSE REMIX","","WARNER MUSIC GROUP","","HOT97.COM - WQHT","Webcasting",01-JUL-11,31-JUL-11,,,"PRIOR",.29139601725
"COLLABORATIONS","Total featuring Da Brat","No One Else","Total","Atlantic Recording Corp.","USBB40581128","iHeart Media - WMG (nonsimulcast)","Direct Licensing",01-NOV-13,30-NOV-13,,,"PRIOR",1.20974661765476
"COLLABORATIONS","Total featuring Da Brat","No One Else","Total","Atlantic Recording Corp.","USBB40581128","SPOTIFY.COM - WARNER","Direct Licensing",01-DEC-12,31-DEC-13,,,"PRIOR",.13520098443198735
"COLLABORATIONS","Total featuring Da Brat","No One Else","Total","Atlantic Recording Corp.","USBB40581128","JANGO.COM - Nonsubscription Webcast","Webcasting",01-FEB-15,28-FEB-15,137,,"CURRENT",.0162024398731471
"COLLABORATIONS","Total featuring Da Brat","No One Else","Total","Atlantic Recording Corp.","USBB40581128","CARTER BROADCAST GROUP, INC.","Webcasting",01-APR-15,30-APR-15,,,"CURRENT",.0878804793148567
"COLLABORATIONS","Total featuring Da Brat","No One Else","Total","Atlantic Recording Corp.","USBB40581128","CUMULUS MEDIA, INC.","Webcasting",01-APR-15,30-APR-15,1637,,"CURRENT",.761479480538038
"COLLABORATIONS","Total featuring Da Brat","No One Else","Total","Atlantic Recording Corp.","USBB40581128","LIVE365.COM - Subscription & Nonsubscription Webcast","Webcasting",01-FEB-15,30-APR-15,57,,"CURRENT",.029302132861461723
"COLLABORATIONS","Total featuring Da Brat","No One Else","Total","Atlantic Recording Corp.","USBB40581128","MIXCLOUD.COM - Nonsubscription Webcast","Webcasting",01-APR-15,30-APR-15,,,"CURRENT",.05676276156886548
"COLLABORATIONS","Total featuring Da Brat","No One Else","Total","Atlantic Recording Corp.","USBB40581128","MUSIC CHOICE","Preexisting Services",01-APR-15,30-APR-15,,,"CURRENT",.864913762740913
"COLLABORATIONS","Total featuring Da Brat","No One Else","Total","Atlantic Recording Corp.","USBB40581128","RHAPSODY.COM","Webcasting",01-APR-15,30-APR-15,52,,"CURRENT",.0236934018188148
"COLLABORATIONS","Total featuring Da Brat","No One Else","Total","Atlantic Recording Corp.","USBB40581128","SIRIUS XM ON DEMAND SERVICE","Webcasting",01-APR-15,30-APR-15,,,"CURRENT",.048622983287023661
"COLLABORATIONS","Total featuring Da Brat","No One Else","Total","Atlantic Recording Corp.","USBB40581128","SIRIUS XM RADIO, INC - Subscription Webcast","Webcasting",01-APR-15,30-APR-15,,,"CURRENT",.624436094843445
"COLLABORATIONS","Total featuring Da Brat","No One Else","Total","Atlantic Recording Corp.","USBB40581128","SLACKER.COM - EMI","Direct Licensing",01-APR-15,30-APR-15,1414,,"CURRENT",.40032651564673995
"COLLABORATIONS","Total featuring Da Brat","No One Else","Total","Atlantic Recording Corp.","USBB40581128","iHeart Media - WMG (simulcast)","Direct Licensing",01-MAR-15,30-APR-15,1537.84,,"CURRENT",.819813391415572
"TRACKS UNDER ONE CENT","","","","","","","",,,1311,,"",.599595285320251171
"US Tax withheld","","","","","","","",,,,,"",0
