"TYPE","ARTIST_NAME","TRACK_NAME","ALBUM_NAME","LABEL_NAME","LICENSEE_NAME","LICENSE_SERVICE_NAME","START_DATE","END_DATE","DISTRIBUTION_TYPE","YOUR_AMOUNT"
"","DA BRAT","AIN'T GOT TIME TO  WASTE","","ARISTA","IHEART.COM > BRD > Non-Sub (1000004530)","Webcasting",01-JUN-13,31-AUG-13,"CURRENT",.040807717990608413
"","DA BRAT","AIN'T GOT TIME TO  WASTE","","ARISTA","PANDORA.COM > PPWC > Non-Sub (93313499)","Webcasting",01-JUL-13,31-JUL-13,"CURRENT",.0266165442788831
"","DA BRAT","AIN'T GOT TIME TO  WASTE","","ARISTA","SPOTIFY.COM > CW-CRB > Undeclared (1000011227)","Webcasting",01-DEC-12,31-AUG-13,"CURRENT",.046708745862504292
"","DA BRAT","AIN'T NO THANG","FUNKDAFIED","CHAOS/SO SO DEF","IHEART.COM > BRD > Non-Sub (1000004530)","Webcasting",01-JUN-13,31-AUG-13,"CURRENT",.465643950437087
"","DA BRAT","AIN'T NO THANG","FUNKDAFIED","CHAOS/SO SO DEF","LAST.FM > BRD > Non-Sub (1000003289)","Webcasting",01-MAY-12,30-JUN-12,"CURRENT",.0607809619099685
"","DA BRAT","AIN'T NO THANG","FUNKDAFIED","CHAOS/SO SO DEF","PANDORA.COM > PPWC > Non-Sub (93313499)","Webcasting",01-JUL-13,31-AUG-13,"CURRENT",.0450060131603742
"","DA BRAT","AIN'T NO THANG","FUNKDAFIED","CHAOS/SO SO DEF","PANDORA.COM > PPWC > Sub (92121421)","Webcasting",01-JUL-13,31-AUG-13,"CURRENT",.02129241999107991
"","DA BRAT","AIN'T NO THANG","FUNKDAFIED","CHAOS/SO SO DEF","SONGZA_MEDIA","Webcasting",01-JUN-13,31-JUL-13,"CURRENT",.01064499604712697
"","DA BRAT","AIN'T NO THANG","FUNKDAFIED","CHAOS/SO SO DEF","SPOTIFY.COM > CW-CRB > Undeclared (1000011227)","Webcasting",01-DEC-12,31-AUG-13,"CURRENT",.095836175459755713
"","DA BRAT","ALL MY BITCHES","UNRESTRICTED (EXPLICIT)","SONY","IHEART.COM > BRD > Non-Sub (1000004530)","Webcasting",01-JUN-13,31-AUG-13,"CURRENT",.171200713342211
"","DA BRAT","ALL MY BITCHES","UNRESTRICTED (EXPLICIT)","SONY","PANDORA.COM > PPWC > Non-Sub (93313499)","Webcasting",01-JUN-13,31-AUG-13,"CURRENT",.0806142428680129
"","DA BRAT","ALL MY BITCHES","UNRESTRICTED (EXPLICIT)","SONY","PANDORA.COM > PPWC > Sub (92121421)","Webcasting",01-JUN-13,31-AUG-13,"CURRENT",.0451722894181595
"","DA BRAT","ALL MY BITCHES","UNRESTRICTED (EXPLICIT)","SONY","SPOTIFY.COM > CW-CRB > Undeclared (1000011227)","Webcasting",01-JUN-13,31-AUG-13,"CURRENT",.0533615416825714
"","DA BRAT","ANUTHATANTRUM","ANUTHATANTRUM","SONY MUSIC","LAST.FM > BRD > Non-Sub (1000003289)","Webcasting",01-MAY-12,30-JUN-12,"CURRENT",.0279169445233809
"","DA BRAT","ANUTHATANTRUM","ANUTHATANTRUM","SONY MUSIC","SLACKER.COM > SMPPWC > Sub (1000000007)","Webcasting",01-DEC-10,31-AUG-13,"CURRENT",.3083435860164600525
"","DA BRAT","BACK UP","UNRESTRICTED","SO SO DEF","PANDORA.COM > PPWC > Non-Sub (93313499)","Webcasting",01-JUN-13,31-AUG-13,"CURRENT",.0526040358282954
"","DA BRAT","BACK UP","UNRESTRICTED","SO SO DEF","PANDORA.COM > PPWC > Sub (92121421)","Webcasting",01-JUN-13,31-AUG-13,"CURRENT",.02920308248482747
"","DA BRAT","BOOM","LIMELITE, LUV & NITECLUBZ","ARISTA RECORDS, INC.","IHEART.COM > BRD > Non-Sub (1000004530)","Webcasting",01-JUN-13,31-AUG-13,"CURRENT",7.09164016161639
"","DA BRAT","BOOM","LIMELITE, LUV & NITECLUBZ","ARISTA RECORDS, INC.","JANGO.COM > CW-CRB > Undeclared (1000002577)","Webcasting",01-MAY-13,31-JUL-13,"CURRENT",.02467619758483663
"","DA BRAT","BOOM","LIMELITE, LUV & NITECLUBZ","ARISTA RECORDS, INC.","PANDORA.COM > PPWC > Non-Sub (93313499)","Webcasting",01-JUN-13,31-AUG-13,"CURRENT",.05547345386381178
"","DA BRAT","BOOM","LIMELITE, LUV & NITECLUBZ","ARISTA RECORDS, INC.","PANDORA.COM > PPWC > Sub (92121421)","Webcasting",01-JUN-13,31-AUG-13,"CURRENT",.0407132437792727
"","DA BRAT","BREEVE ON EM","UNRESTRICTED","SONY MUSIC","PANDORA.COM > PPWC > Non-Sub (93313499)","Webcasting",01-JUN-13,31-AUG-13,"CURRENT",.1066887422412943
"","DA BRAT","BREEVE ON EM","UNRESTRICTED","SONY MUSIC","PANDORA.COM > PPWC > Sub (92121421)","Webcasting",01-JUN-13,31-AUG-13,"CURRENT",.0849659538569802
"","DA BRAT","C'HI TOWN","UNRESTRICTED","SONY MUSIC","IHEART.COM > BRD > Non-Sub (1000004530)","Webcasting",01-JUN-13,31-AUG-13,"CURRENT",.053215165246314
"","DA BRAT","C'HI TOWN","UNRESTRICTED","SONY MUSIC","PANDORA.COM > PPWC > Non-Sub (93313499)","Webcasting",01-JUL-13,31-AUG-13,"CURRENT",.03823092697213684
"","DA BRAT","C'HI TOWN","UNRESTRICTED","SONY MUSIC","SONGZA_MEDIA","Webcasting",01-JUN-13,31-JUL-13,"CURRENT",.0887116315199671
"","DA BRAT","C'HI TOWN","UNRESTRICTED","SONY MUSIC","SPOTIFY.COM > CW-CRB > Undeclared (1000011227)","Webcasting",01-JUN-12,31-AUG-13,"CURRENT",.052524606891736932
"","DA BRAT","CHI TOWN","UNRESTRICTED","SO SO DEF","IHEART.COM > BRD > Non-Sub (1000004530)","Webcasting",01-JUN-13,31-JUL-13,"CURRENT",.0230655950871798
"","DA BRAT","COME AND GET SOME","FUNKDAFIED","CHAOS/SO SO DEF","IHEART.COM > BRD > Non-Sub (1000004530)","Webcasting",01-JUN-13,31-AUG-13,"CURRENT",.438158463047193
"","DA BRAT","COME AND GET SOME","FUNKDAFIED","CHAOS/SO SO DEF","LAST.FM > BRD > Non-Sub (1000003289)","Webcasting",01-MAY-12,30-JUN-12,"CURRENT",.02719823202416554
"","DA BRAT","COME AND GET SOME","FUNKDAFIED","CHAOS/SO SO DEF","PANDORA.COM > PPWC > Non-Sub (93313499)","Webcasting",01-JUL-13,31-AUG-13,"CURRENT",.0522650160131217
"","DA BRAT","COME AND GET SOME","FUNKDAFIED","CHAOS/SO SO DEF","PANDORA.COM > PPWC > Sub (92121421)","Webcasting",01-JUL-13,31-AUG-13,"CURRENT",.02129241999107991
"","DA BRAT","COME AND GET SOME","FUNKDAFIED","CHAOS/SO SO DEF","SPOTIFY.COM > CW-CRB > Undeclared (1000011227)","Webcasting",01-DEC-12,31-AUG-13,"CURRENT",.0763315730726758675
"","DA BRAT","DA B SIDE","ANUTHAFUNKDAFIEDTANTRUM","SONY MUSIC","CLEAR CHANNEL COMMUNICATIONS  (1000000042)","Webcasting",01-JUN-13,31-JUL-13,"CURRENT",1.198445034256444
"","DA BRAT","DA B SIDE","ANUTHAFUNKDAFIEDTANTRUM","SONY MUSIC","IHEART.COM > BRD > Non-Sub (1000004530)","Webcasting",01-JUN-13,31-AUG-13,"CURRENT",.1454728755856179
"","DA BRAT","DA B SIDE","ANUTHAFUNKDAFIEDTANTRUM","SONY MUSIC","PANDORA.COM > PPWC > Non-Sub (93313499)","Webcasting",01-JUL-13,31-AUG-13,"CURRENT",.0716223865709545
"","DA BRAT","DA B SIDE","ANUTHAFUNKDAFIEDTANTRUM","SONY MUSIC","PANDORA.COM > PPWC > Sub (92121421)","Webcasting",01-JUL-13,31-AUG-13,"CURRENT",.02306683213176922
"","DA BRAT","DA B SIDE","ANUTHAFUNKDAFIEDTANTRUM","SONY MUSIC","RHAPSODY.COM  (1000004384)","Webcasting",01-DEC-12,31-JUL-13,"CURRENT",.02196491121465039
"","DA BRAT","DA B SIDE","ANUTHAFUNKDAFIEDTANTRUM","SONY MUSIC","SIRIUS XM RADIO, INC  > SDARS (1000003508)","Satellite Radio",01-JUN-13,31-AUG-13,"CURRENT",16.73752256000549
"","DA BRAT","DA B SIDE","ANUTHAFUNKDAFIEDTANTRUM","SONY MUSIC","SLACKER.COM > SMPPWC > Sub (1000000007)","Webcasting",01-DEC-10,31-AUG-13,"CURRENT",.0721549458476336025
"","DA BRAT","DA B SIDE (SQUEAKY CLEAN)","ANUTHAFUNKDAFIEDTANTRUM","SO SO DEF/COLUMBIA","RHAPSODY.COM  (1000004384)","Webcasting",01-MAY-13,31-JUL-13,"CURRENT",.03641200494749517
"","DA BRAT","DA B SIDE (SQUEAKY CLEAN)","ANUTHAFUNKDAFIEDTANTRUM","SO SO DEF/COLUMBIA","SONGZA_MEDIA","Webcasting",01-JUN-13,30-JUN-13,"CURRENT",.190642437387691
"","DA BRAT","DA B SIDE - SQUEAKY CLEAN","ANUTHAFUNKDAFIEDTANTRUM","SONY MUSIC","TURNTABLE.FM  (1000004271)","Webcasting",01-OCT-12,31-OCT-12,"CURRENT",.0126835110750098
"","DA BRAT","DA SHIT YA CAN'T FUC WIT","FUNKDAFIED (EXPLICIT)","SONY MUSIC","IHEART.COM > BRD > Non-Sub (1000004530)","Webcasting",01-JUN-13,31-AUG-13,"CURRENT",.3902923663085046
"","DA BRAT","DA SHIT YA CAN'T FUC WIT","FUNKDAFIED (EXPLICIT)","SONY MUSIC","LAST.FM > BRD > Non-Sub (1000003289)","Webcasting",01-MAY-12,30-JUN-12,"CURRENT",.0860046322782387
"","DA BRAT","DA SHIT YA CAN'T FUC WIT","FUNKDAFIED (EXPLICIT)","SONY MUSIC","PANDORA.COM > PPWC > Non-Sub (93313499)","Webcasting",01-JUN-13,31-AUG-13,"CURRENT",.04732823176464537
"","DA BRAT","DA SHIT YA CAN'T FUC WIT","FUNKDAFIED (EXPLICIT)","SONY MUSIC","PANDORA.COM > PPWC > Sub (92121421)","Webcasting",01-JUN-13,31-AUG-13,"CURRENT",.015040491570974
"","DA BRAT","DA SHIT YA CAN'T FUC WIT","FUNKDAFIED (EXPLICIT)","SONY MUSIC","SPOTIFY.COM > CW-CRB > Undeclared (1000011227)","Webcasting",01-JUN-12,31-AUG-13,"CURRENT",.17891400240460959
"","DA BRAT","F*** YOU","UNRESTRICTED","SONY MUSIC","PANDORA.COM > PPWC > Sub (92121421)","Webcasting",01-JUN-13,31-AUG-13,"CURRENT",.01946715809867409
"","DA BRAT","F*** YOU","UNRESTRICTED (CLEAN VERSION)","SONY MUSIC","PANDORA.COM > PPWC > Non-Sub (93313499)","Webcasting",01-JUN-13,31-AUG-13,"CURRENT",.2134434094421003
"","DA BRAT","F*** YOU","UNRESTRICTED (CLEAN VERSION)","SONY MUSIC","PANDORA.COM > PPWC > Sub (92121421)","Webcasting",01-JUN-13,31-AUG-13,"CURRENT",.1133233512456358
"","DA BRAT","F**K YOU","UNRESTRICTED","SO SO DEF","IHEART.COM > BRD > Non-Sub (1000004530)","Webcasting",01-JUN-13,31-AUG-13,"CURRENT",.02927096448086863
"","DA BRAT","FA ALL Y'ALL","FUNKDAFIED","SO SO DEF","CLEAR CHANNEL COMMUNICATIONS  (1000000042)","Webcasting",01-JUN-13,31-JUL-13,"CURRENT",.2723515781573467
"","DA BRAT","FA ALL Y'ALL","FUNKDAFIED","SO SO DEF","CUMULUS MEDIA, INC.  (1000003511)","Webcasting",01-APR-13,30-JUN-13,"CURRENT",.069676270035899
"","DA BRAT","FA ALL Y'ALL","FUNKDAFIED","SO SO DEF","IHEART.COM > BRD > Non-Sub (1000004530)","Webcasting",01-JUN-13,31-AUG-13,"CURRENT",.749490287869416
"","DA BRAT","FA ALL Y'ALL","FUNKDAFIED","SO SO DEF","JANGO.COM > CW-CRB > Undeclared (1000002577)","Webcasting",01-MAY-13,31-JUL-13,"CURRENT",.07423228144682674
"","DA BRAT","FA ALL Y'ALL","FUNKDAFIED","SO SO DEF","LAST.FM > BRD > Non-Sub (1000003289)","Webcasting",01-MAY-12,30-JUN-12,"CURRENT",.2130858496449271
"","DA BRAT","FA ALL Y'ALL","FUNKDAFIED","SO SO DEF","PANDORA.COM > PPWC > Non-Sub (93313499)","Webcasting",01-JUN-13,31-AUG-13,"CURRENT",4.55297915380711
"","DA BRAT","FA ALL Y'ALL","FUNKDAFIED","SO SO DEF","PANDORA.COM > PPWC > Sub (92121421)","Webcasting",01-JUN-13,31-AUG-13,"CURRENT",1.553435667448735
"","DA BRAT","FA ALL Y'ALL","FUNKDAFIED","SO SO DEF","RHAPSODY.COM  (1000004384)","Webcasting",01-DEC-12,31-JUL-13,"CURRENT",.051902988615186973
"","DA BRAT","FA ALL Y'ALL","FUNKDAFIED","SO SO DEF","SONGZA_MEDIA","Webcasting",01-JUN-13,31-JUL-13,"CURRENT",.07308411110147799
"","DA BRAT","FA ALL Y'ALL","FUNKDAFIED","SO SO DEF","SPOTIFY.COM > CW-CRB > Undeclared (1000011227)","Webcasting",01-JUN-12,31-AUG-13,"CURRENT",.446762785023661855
"","DA BRAT","FA ALL Y'ALL","FUNKDAFIED","SO SO DEF","to be deleted LAST.FM (Sub) > CW-CRB > Sub (1000005275)","Webcasting",01-JAN-13,30-JUN-13,"CURRENT",.02323234457513312
"","DA BRAT","FA ALL Y'ALL - REMIX","FUNKDAFIED RATED PG","CHAOS/SO SO DEF","PANDORA.COM > PPWC > Non-Sub (93313499)","Webcasting",01-JUL-13,31-AUG-13,"CURRENT",.0875923678161414
"","DA BRAT","FA ALL Y'ALL - REMIX","FUNKDAFIED RATED PG","CHAOS/SO SO DEF","PANDORA.COM > PPWC > Sub (92121421)","Webcasting",01-JUL-13,31-AUG-13,"CURRENT",.02750277486729372
"","DA BRAT","FA ALL Y'ALL - REMIX","FUNKDAFIED RATED PG","CHAOS/SO SO DEF","SPOTIFY.COM > CW-CRB > Undeclared (1000011227)","Webcasting",01-APR-13,31-AUG-13,"CURRENT",.011860727931864565
"","DA BRAT","FIRE IT UP","FUNKDAFIED (EXPLICIT)","SONY","IHEART.COM > BRD > Non-Sub (1000004530)","Webcasting",01-JUN-13,31-AUG-13,"CURRENT",.489598060815514
"","DA BRAT","FIRE IT UP","FUNKDAFIED (EXPLICIT)","SONY","JANGO.COM > CW-CRB > Undeclared (1000002577)","Webcasting",01-MAY-13,31-JUL-13,"CURRENT",.05582434406159058
"","DA BRAT","FIRE IT UP","FUNKDAFIED (EXPLICIT)","SONY","LAST.FM > BRD > Non-Sub (1000003289)","Webcasting",01-MAY-12,30-JUN-12,"CURRENT",.0927797749816687
"","DA BRAT","FIRE IT UP","FUNKDAFIED (EXPLICIT)","SONY","PANDORA.COM > PPWC > Non-Sub (93313499)","Webcasting",01-JUN-13,31-AUG-13,"CURRENT",3.007265679829631
"","DA BRAT","FIRE IT UP","FUNKDAFIED (EXPLICIT)","SONY","PANDORA.COM > PPWC > Sub (92121421)","Webcasting",01-JUN-13,31-AUG-13,"CURRENT",.879450731519767
"","DA BRAT","FIRE IT UP","FUNKDAFIED (EXPLICIT)","SONY","SPOTIFY.COM > CW-CRB > Undeclared (1000011227)","Webcasting",01-JUN-12,31-AUG-13,"CURRENT",.450072704521812665
"","DA BRAT","FUCK YOU","UNRESTRICTED","SONY","IHEART.COM > BRD > Non-Sub (1000004530)","Webcasting",01-JUN-13,31-AUG-13,"CURRENT",.450570521949035
"","DA BRAT","FUCK YOU","UNRESTRICTED","SONY","SPOTIFY.COM > CW-CRB > Undeclared (1000011227)","Webcasting",01-JUN-12,31-AUG-13,"CURRENT",.42099729185915907
"","DA BRAT","FUNKDAFIED","FUNKDAFIED","COLUMBIA","CUMULUS MEDIA, INC.  (1000003511)","Webcasting",01-JAN-13,31-AUG-13,"CURRENT",.288328500512951
"","DA BRAT","FUNKDAFIED","FUNKDAFIED","SO SO DEF","AOLMUSIC.COM - CBS  (1000001276)","Webcasting",01-NOV-09,30-NOV-09,"CURRENT",1.52677354652569
"","DA BRAT","FUNKDAFIED","FUNKDAFIED","SO SO DEF","BATANGA.COM  (1000000002)","Webcasting",01-NOV-12,31-DEC-12,"CURRENT",.0380872649898637
"","DA BRAT","FUNKDAFIED","FUNKDAFIED","SO SO DEF","CBS RADIO, INC. (TERRESTRIAL)  (1000000400)","Webcasting",01-DEC-09,31-AUG-13,"CURRENT",4.5714745863348866275
"","DA BRAT","FUNKDAFIED","FUNKDAFIED","SO SO DEF","CLEAR CHANNEL COMMUNICATIONS  (1000000042)","Webcasting",01-MAY-13,31-AUG-13,"CURRENT",13.25673022448261
"","DA BRAT","FUNKDAFIED","FUNKDAFIED","SO SO DEF","COX RADIO INTERACTIVE  (1000000159)","Webcasting",01-JUL-13,31-JUL-13,"CURRENT",.648655438704661
"","DA BRAT","FUNKDAFIED","FUNKDAFIED","SO SO DEF","CUMULUS MEDIA, INC.  (1000003511)","Webcasting",01-JAN-13,31-AUG-13,"CURRENT",1.7316652888580301
"","DA BRAT","FUNKDAFIED","FUNKDAFIED","SO SO DEF","Corporate Side Channels > BRD > Non-Sub (1000004768)","Webcasting",01-OCT-11,31-JUL-13,"CURRENT",1.0478403440054227
"","DA BRAT","FUNKDAFIED","FUNKDAFIED","SO SO DEF","DMX MUSIC  > CABSAT > Stand-alone >  (1000000106)","Cable Radio",01-JUL-13,31-JUL-13,"CURRENT",.107428850648264
"","DA BRAT","FUNKDAFIED","FUNKDAFIED","SO SO DEF","ENTERCOM COMMUNICATIONS CORP.  (1000000165)","Webcasting",01-MAY-13,30-JUN-13,"CURRENT",2.580552227192235
"","DA BRAT","FUNKDAFIED","FUNKDAFIED","SO SO DEF","IHEART.COM > BRD > Non-Sub (1000004530)","Webcasting",01-JUN-13,31-AUG-13,"CURRENT",10.6820621754352953
"","DA BRAT","FUNKDAFIED","FUNKDAFIED","SO SO DEF","JANGO.COM > CW-CRB > Undeclared (1000002577)","Webcasting",01-MAY-13,31-JUL-13,"CURRENT",.01225133449779331
"","DA BRAT","FUNKDAFIED","FUNKDAFIED","SO SO DEF","LAST.FM > BRD > Non-Sub (1000003289)","Webcasting",01-MAY-12,30-JUN-12,"CURRENT",.897662090611287
"","DA BRAT","FUNKDAFIED","FUNKDAFIED","SO SO DEF","MUSIC CHOICE  > PES (35)","Cable Radio",01-JUN-13,31-AUG-13,"CURRENT",19.13563136866573
"","DA BRAT","FUNKDAFIED","FUNKDAFIED","SO SO DEF","NUTSIE.COM > PPWC > Sub (1000005170)","Webcasting",01-NOV-11,31-DEC-11,"CURRENT",.458694747193374
"","DA BRAT","FUNKDAFIED","FUNKDAFIED","SO SO DEF","Non Corporate Side Channels > BRD > Non-Sub (1000004766)","Webcasting",01-JUL-12,31-OCT-12,"CURRENT",.012615750600672335
"","DA BRAT","FUNKDAFIED","FUNKDAFIED","SO SO DEF","PANDORA.COM > PPWC > Non-Sub (93313499)","Webcasting",01-JUN-13,31-AUG-13,"CURRENT",18.01696104477449
"","DA BRAT","FUNKDAFIED","FUNKDAFIED","SO SO DEF","PANDORA.COM > PPWC > Sub (92121421)","Webcasting",01-JUN-13,31-AUG-13,"CURRENT",6.36657771323678
"","DA BRAT","FUNKDAFIED","FUNKDAFIED","SO SO DEF","RHAPSODY.COM  (1000004384)","Webcasting",01-DEC-12,31-JUL-13,"CURRENT",.060470474984539885
"","DA BRAT","FUNKDAFIED","FUNKDAFIED","SO SO DEF","SIRIUS XM RADIO, INC  (1000004133)","Webcasting",01-MAR-13,31-AUG-13,"CURRENT",15.354382668774146
"","DA BRAT","FUNKDAFIED","FUNKDAFIED","SO SO DEF","SIRIUS XM RADIO, INC  > CABSAT > Stand-alone >  (1000004641)","Cable Radio",01-JUN-13,31-AUG-13,"CURRENT",7.94736654140871
"","DA BRAT","FUNKDAFIED","FUNKDAFIED","SO SO DEF","SIRIUS XM RADIO, INC  > SDARS (1000003508)","Satellite Radio",01-JUN-13,31-AUG-13,"CURRENT",577.144330647079
"","DA BRAT","FUNKDAFIED","FUNKDAFIED","SO SO DEF","SLACKER.COM > SMPPWC > Sub (1000000007)","Webcasting",01-DEC-10,31-AUG-13,"CURRENT",.0459037426718885475
"","DA BRAT","FUNKDAFIED","FUNKDAFIED","SO SO DEF","SONGZA_MEDIA","Webcasting",01-JUN-13,31-JUL-13,"CURRENT",.3851064331990821
"","DA BRAT","FUNKDAFIED","FUNKDAFIED","SO SO DEF","SPOTIFY.COM > CW-CRB > Undeclared (1000011227)","Webcasting",01-JUN-12,31-AUG-13,"CURRENT",6.132933032932245642
"","DA BRAT","FUNKDAFIED","FUNKDAFIED","SO SO DEF","THEX1023.COM - WMBX-FM > BRD > Non-Sub (1000005196)","Webcasting",01-JAN-13,30-APR-13,"CURRENT",.4099557558575253
"","DA BRAT","FUNKDAFIED","FUNKDAFIED","SO SO DEF","THREE EAGLES COMMUNICATIONS, LLC  (1000004109)","Webcasting",01-AUG-13,31-AUG-13,"CURRENT",.0949262071191661
"","DA BRAT","FUNKDAFIED","FUNKDAFIED","SO SO DEF","TOWNSQUARE MEDIA BROADCASTING  (1000005106)","Webcasting",01-JUN-13,31-AUG-13,"CURRENT",.0433973740886657
"","DA BRAT","FUNKDAFIED","FUNKDAFIED","SO SO DEF","TURNTABLE.FM  (1000004271)","Webcasting",01-OCT-12,31-OCT-12,"CURRENT",.0824428219875647
"","DA BRAT","FUNKDAFIED","FUNKDAFIED","SO SO DEF","to be deleted LAST.FM (Sub) > CW-CRB > Sub (1000005275)","Webcasting",01-JAN-13,30-JUN-13,"CURRENT",.0839075286454016
"","DA BRAT","FUNKDAFIED","FUNKDAFIED","COLUMBIA","CUMULUS MEDIA, INC.  (1000003511)","Webcasting",01-NOV-08,31-DEC-12,"PRIOR",.24238837806671651
"","DA BRAT","FUNKDAFIED (CLEAN VERSION)","ANUTHAFUNKDAFIEDTANTRUM","SO SO","SPOTIFY.COM > CW-CRB > Undeclared (1000011227)","Webcasting",01-APR-13,31-MAY-13,"CURRENT",.0771022417466683
"","DA BRAT","FUNKDAFIED (CLEAN)","DA BRAT","COLUMBIA","SIRIUS XM RADIO, INC  (1000004133)","Webcasting",01-JUN-13,31-AUG-13,"CURRENT",2.90651975376795
"","DA BRAT","FUNKDAFIED (CLEAN)","DA BRAT","COLUMBIA","SIRIUS XM RADIO, INC  > CABSAT > Stand-alone >  (1000004641)","Cable Radio",01-JUN-13,31-AUG-13,"CURRENT",1.497653266669212
"","DA BRAT","FUNKDAFIED (CLEAN)","DA BRAT","COLUMBIA","SIRIUS XM RADIO, INC  > SDARS (1000003508)","Satellite Radio",01-JUN-13,31-AUG-13,"CURRENT",100.4251353600329
"","DA BRAT","FUNKDAFIED (EDIT)","FUNKDAFIED DA EP","SO SO DEF","PANDORA.COM > PPWC > Non-Sub (93313499)","Webcasting",01-JUL-13,31-AUG-13,"CURRENT",.0396826701309371
"","DA BRAT","FUNKDAFIED (EDIT)","FUNKDAFIED DA EP","SO SO DEF","PANDORA.COM > PPWC > Sub (92121421)","Webcasting",01-JUL-13,31-AUG-13,"CURRENT",.02395396226807509
"","DA BRAT","FUNKDAFIED - DJ CLUB MIX","ANUTHAFUNKDAFIEDTANTRUM","SONY MUSIC","SPOTIFY.COM > CW-CRB > Undeclared (1000011227)","Webcasting",01-APR-13,31-AUG-13,"CURRENT",.01016771184844446
"","DA BRAT","GET SOMEBODY","SUMMERHEAT","ARISTA","PANDORA.COM > PPWC > Non-Sub (93313499)","Webcasting",01-JUL-13,31-AUG-13,"CURRENT",.02177715208761718
"","DA BRAT","GHETTO LOVE","ANUTHATANTRUM","SONY MUSIC","IHEART.COM > BRD > Non-Sub (1000004530)","Webcasting",01-JUN-13,31-AUG-13,"CURRENT",.050557020074004
"","DA BRAT","GHETTO LOVE","ANUTHATANTRUM","SONY MUSIC","LAST.FM > BRD > Non-Sub (1000003289)","Webcasting",01-MAY-12,30-JUN-12,"CURRENT",.0505450019469889
"","DA BRAT","GHETTO LOVE","ANUTHATANTRUM","SONY MUSIC","PANDORA.COM > PPWC > Non-Sub (93313499)","Webcasting",01-JUN-13,31-AUG-13,"CURRENT",5.88828762873345
"","DA BRAT","GHETTO LOVE","ANUTHATANTRUM","SONY MUSIC","PANDORA.COM > PPWC > Sub (92121421)","Webcasting",01-JUN-13,31-AUG-13,"CURRENT",1.810667440297321
"","DA BRAT","GHETTO LOVE","ANUTHATANTRUM","SONY MUSIC","RHAPSODY.COM  (1000004384)","Webcasting",01-DEC-12,31-JUL-13,"CURRENT",1.12906572634873494
"","DA BRAT","GHETTO LOVE","ANUTHATANTRUM","SONY MUSIC","SLACKER.COM > SMPPWC > Sub (1000000007)","Webcasting",01-DEC-10,31-AUG-13,"CURRENT",.93736240891078466
"","DA BRAT","GHETTO LOVE","ANUTHATANTRUM","SONY MUSIC","SPOTIFY.COM > CW-CRB > Undeclared (1000011227)","Webcasting",01-JUN-12,31-AUG-13,"CURRENT",.086405977542601232
"","DA BRAT","GHETTO LOVE","ANUTHATANTRUM","SONY MUSIC","VIACOM MEDIA NETWORKS > CW-CRB > Undeclared (80582355)","Webcasting",01-JUL-10,31-JUL-13,"CURRENT",.050247309470419407
"","DA BRAT","GIVE IT 2 YOU","FUNKDAFIED","SO SO DEF","CBS RADIO, INC. (TERRESTRIAL)  (1000000400)","Webcasting",01-JAN-13,31-JUL-13,"CURRENT",3.15286200797208
"","DA BRAT","GIVE IT 2 YOU","FUNKDAFIED","SO SO DEF","CLEAR CHANNEL COMMUNICATIONS  (1000000042)","Webcasting",01-MAY-13,31-AUG-13,"CURRENT",.5414200359195659
"","DA BRAT","GIVE IT 2 YOU","FUNKDAFIED","SO SO DEF","CUMULUS MEDIA, INC.  (1000003511)","Webcasting",01-APR-13,30-JUN-13,"CURRENT",.0849562399115226
"","DA BRAT","GIVE IT 2 YOU","FUNKDAFIED","SO SO DEF","ENTERCOM COMMUNICATIONS CORP.  (1000000165)","Webcasting",01-JUN-13,30-JUN-13,"CURRENT",.23481717670245
"","DA BRAT","GIVE IT 2 YOU","FUNKDAFIED","SO SO DEF","IHEART.COM > BRD > Non-Sub (1000004530)","Webcasting",01-JUN-13,31-AUG-13,"CURRENT",10.77009220018231
"","DA BRAT","GIVE IT 2 YOU","FUNKDAFIED","SO SO DEF","LAST.FM > BRD > Non-Sub (1000003289)","Webcasting",01-MAY-12,30-JUN-12,"CURRENT",.3863021327528598
"","DA BRAT","GIVE IT 2 YOU","FUNKDAFIED","SO SO DEF","MUSIC CHOICE  > PES (35)","Cable Radio",01-JUN-13,31-AUG-13,"CURRENT",25.15799169480439
"","DA BRAT","GIVE IT 2 YOU","FUNKDAFIED","SO SO DEF","PANDORA.COM > PPWC > Non-Sub (93313499)","Webcasting",01-JUN-13,31-AUG-13,"CURRENT",7.7328892965717
"","DA BRAT","GIVE IT 2 YOU","FUNKDAFIED","SO SO DEF","PANDORA.COM > PPWC > Sub (92121421)","Webcasting",01-JUN-13,31-AUG-13,"CURRENT",2.594726390148109
"","DA BRAT","GIVE IT 2 YOU","FUNKDAFIED","SO SO DEF","RHAPSODY.COM  (1000004384)","Webcasting",01-DEC-12,31-JUL-13,"CURRENT",.072176197269809775
"","DA BRAT","GIVE IT 2 YOU","FUNKDAFIED","SO SO DEF","SIRIUS XM RADIO, INC  (1000004133)","Webcasting",01-MAR-13,31-AUG-13,"CURRENT",6.029206613209033
"","DA BRAT","GIVE IT 2 YOU","FUNKDAFIED","SO SO DEF","SIRIUS XM RADIO, INC  > CABSAT > Stand-alone >  (1000004641)","Cable Radio",01-JUN-13,31-AUG-13,"CURRENT",4.232110982748999
"","DA BRAT","GIVE IT 2 YOU","FUNKDAFIED","SO SO DEF","SIRIUS XM RADIO, INC  > SDARS (1000003508)","Satellite Radio",01-JUN-13,31-AUG-13,"CURRENT",292.8991939436964
"","DA BRAT","GIVE IT 2 YOU","FUNKDAFIED","SO SO DEF","SONGZA_MEDIA","Webcasting",01-JUN-13,31-JUL-13,"CURRENT",.3741136296348688
"","DA BRAT","GIVE IT 2 YOU","FUNKDAFIED","SO SO DEF","SPOTIFY.COM > CW-CRB > Undeclared (1000011227)","Webcasting",01-JUN-12,31-AUG-13,"CURRENT",1.065502268340679155
"","DA BRAT","GIVE IT 2 YOU","FUNKDAFIED","SO SO DEF","to be deleted LAST.FM (Sub) > CW-CRB > Sub (1000005275)","Webcasting",01-JAN-13,30-JUN-13,"CURRENT",.032196749689750727
"","DA BRAT","GIVE IT TO YOU","SINGLE","SONY SPECIAL PRODUCT","TOWNSQUARE MEDIA BROADCASTING  (1000005106)","Webcasting",01-JUN-13,31-AUG-13,"CURRENT",.2248818490860075
"","DA BRAT","GOT IT POPPIN'","LIMELITE, LUV & NITECLUBZ","SO SO DEF","IHEART.COM > BRD > Non-Sub (1000004530)","Webcasting",01-JUN-13,31-AUG-13,"CURRENT",.5836163528334485
"","DA BRAT","GOT IT POPPIN'","LIMELITE, LUV & NITECLUBZ","SO SO DEF","JANGO.COM > CW-CRB > Undeclared (1000002577)","Webcasting",01-MAY-13,31-JUL-13,"CURRENT",.02006204661108324
"","DA BRAT","GOT IT POPPIN'","LIMELITE, LUV & NITECLUBZ","SO SO DEF","PANDORA.COM > PPWC > Non-Sub (93313499)","Webcasting",01-JUN-13,31-AUG-13,"CURRENT",.0773005205554417
"","DA BRAT","GOT IT POPPIN'","LIMELITE, LUV & NITECLUBZ","SO SO DEF","PANDORA.COM > PPWC > Sub (92121421)","Webcasting",01-JUN-13,31-AUG-13,"CURRENT",.023879962884357202
"","DA BRAT","GOT IT POPPIN'","LIMELITE, LUV & NITECLUBZ","SO SO DEF","RHAPSODY.COM  (1000004384)","Webcasting",01-DEC-12,31-JUL-13,"CURRENT",.04489234985421703
"","DA BRAT","GOT IT POPPIN'","LIMELITE, LUV & NITECLUBZ","SO SO DEF","SPOTIFY.COM > CW-CRB > Undeclared (1000011227)","Webcasting",01-APR-13,31-AUG-13,"CURRENT",.0948812608970607
"","DA BRAT","GUSHY WUSHY","LIMELITE, LUV & NITECLUBS (EXPLICIT)","ARISTA","IHEART.COM > BRD > Non-Sub (1000004530)","Webcasting",01-JUN-13,31-AUG-13,"CURRENT",.358329792171612
"","DA BRAT","GUSHY WUSHY","LIMELITE, LUV & NITECLUBS (EXPLICIT)","ARISTA","PANDORA.COM > PPWC > Non-Sub (93313499)","Webcasting",01-JUN-13,31-AUG-13,"CURRENT",.1462527050697719
"","DA BRAT","GUSHY WUSHY","LIMELITE, LUV & NITECLUBS (EXPLICIT)","ARISTA","PANDORA.COM > PPWC > Sub (92121421)","Webcasting",01-JUN-13,31-AUG-13,"CURRENT",.0955613082597243
"","DA BRAT","HIGH COME DOWN","UNRESTRICTED (EXPLICIT)","SONY","JANGO.COM > CW-CRB > Undeclared (1000002577)","Webcasting",01-MAY-13,31-JUL-13,"CURRENT",.010831604275348917
"","DA BRAT","HIGH COME DOWN","UNRESTRICTED (EXPLICIT)","SONY","PANDORA.COM > PPWC > Non-Sub (93313499)","Webcasting",01-JUN-13,31-AUG-13,"CURRENT",.1288814283789003
"","DA BRAT","HIGH COME DOWN","UNRESTRICTED (EXPLICIT)","SONY","PANDORA.COM > PPWC > Sub (92121421)","Webcasting",01-JUN-13,31-AUG-13,"CURRENT",.03008556867614097
"","DA BRAT","IMMORTAL BELOVED (OUTRO)","MTV'S HIP HOPERA: CARMEN","COLUMBIA","SLACKER.COM > SMPPWC > Sub (1000000007)","Webcasting",01-DEC-12,31-AUG-13,"CURRENT",.0102107410822143
"","DA BRAT","IN LOVE WIT CHEW (CLEAN EDIT)","COMP PROMO","SO SO DEF","RHAPSODY.COM  (1000004384)","Webcasting",01-DEC-12,31-JUL-13,"CURRENT",.012913374177974006
"","DA BRAT","IN MY BED [SO SO DEF MIX]","SO SO DEF: DEFINITION OF A REMIX","SONY","SLACKER.COM > SMPPWC > Sub (1000000007)","Webcasting",01-JUN-13,31-AUG-13,"CURRENT",.01439610105806495
"","DA BRAT","INTRO","UNRESTRICTED (EXPLICIT)","SONY MUSIC","PANDORA.COM > PPWC > Non-Sub (93313499)","Webcasting",01-JUN-13,31-AUG-13,"CURRENT",.0593658905484519
"","DA BRAT","INTRO","UNRESTRICTED (EXPLICIT)","SONY MUSIC","PANDORA.COM > PPWC > Sub (92121421)","Webcasting",01-JUN-13,31-AUG-13,"CURRENT",.01505438835947044
"","DA BRAT","INTRO","UNRESTRICTED (EXPLICIT)","SONY MUSIC","SONGZA_MEDIA","Webcasting",01-JUN-13,31-JUL-13,"CURRENT",.0680724222885088
"","DA BRAT","JUST A LITTLE BIT MORE","ANUTHAFUNKDAFIEDTANTRUM","SONY MUSIC","IHEART.COM > BRD > Non-Sub (1000004530)","Webcasting",01-JUN-13,31-AUG-13,"CURRENT",.1907244288654819
"","DA BRAT","JUST A LITTLE BIT MORE","ANUTHAFUNKDAFIEDTANTRUM","SONY MUSIC","PANDORA.COM > PPWC > Non-Sub (93313499)","Webcasting",01-JUN-13,31-AUG-13,"CURRENT",.28608616563467
"","DA BRAT","JUST A LITTLE BIT MORE","ANUTHAFUNKDAFIEDTANTRUM","SONY MUSIC","PANDORA.COM > PPWC > Sub (92121421)","Webcasting",01-JUN-13,31-AUG-13,"CURRENT",.1142938854772416
"","DA BRAT","JUST A LITTLE BIT MORE","ANUTHAFUNKDAFIEDTANTRUM","SONY MUSIC","SLACKER.COM > SMPPWC > Sub (1000000007)","Webcasting",01-DEC-10,31-AUG-13,"CURRENT",.301627886034947835
"","DA BRAT","JUST A LITTLE BIT MORE","ANUTHAFUNKDAFIEDTANTRUM","SONY MUSIC","SPOTIFY.COM > CW-CRB > Undeclared (1000011227)","Webcasting",01-JUN-13,31-AUG-13,"CURRENT",.01863480846629658
"","DA BRAT","KEEPIN' IT LIVE","ANUTHA TANTRUM","SO SO DEF","PANDORA.COM > PPWC > Non-Sub (93313499)","Webcasting",01-JUL-13,31-AUG-13,"CURRENT",.04065068116299259
"","DA BRAT","KEEPIN' IT LIVE","ANUTHA TANTRUM","SO SO DEF","SLACKER.COM > SMPPWC > Sub (1000000007)","Webcasting",01-DEC-10,31-AUG-13,"CURRENT",.0746180379787289525
"","DA BRAT","LET'S ALL GET HIGH","ANUTHAFUNKDAFIEDTANTRUM","SONY MUSIC","IHEART.COM > BRD > Non-Sub (1000004530)","Webcasting",01-JUN-13,31-AUG-13,"CURRENT",.03991594910382157
"","DA BRAT","LET'S ALL GET HIGH","ANUTHAFUNKDAFIEDTANTRUM","SONY MUSIC","JANGO.COM > CW-CRB > Undeclared (1000002577)","Webcasting",01-MAY-13,31-JUL-13,"CURRENT",.02637423144371032
"","DA BRAT","LET'S ALL GET HIGH","ANUTHAFUNKDAFIEDTANTRUM","SONY MUSIC","LAST.FM > BRD > Non-Sub (1000003289)","Webcasting",01-MAY-12,30-JUN-12,"CURRENT",.02114180181995184
"","DA BRAT","LET'S ALL GET HIGH","ANUTHAFUNKDAFIEDTANTRUM","SONY MUSIC","PANDORA.COM > PPWC > Non-Sub (93313499)","Webcasting",01-JUN-13,31-AUG-13,"CURRENT",4.80836933057806
"","DA BRAT","LET'S ALL GET HIGH","ANUTHAFUNKDAFIEDTANTRUM","SONY MUSIC","PANDORA.COM > PPWC > Sub (92121421)","Webcasting",01-JUN-13,31-AUG-13,"CURRENT",1.56666478223364
"","DA BRAT","LET'S ALL GET HIGH","ANUTHAFUNKDAFIEDTANTRUM","SONY MUSIC","RHAPSODY.COM  (1000004384)","Webcasting",01-DEC-12,31-JUL-13,"CURRENT",.034842858909919743
"","DA BRAT","LET'S ALL GET HIGH","ANUTHAFUNKDAFIEDTANTRUM","SONY MUSIC","SLACKER.COM > SMPPWC > Sub (1000000007)","Webcasting",01-DEC-10,31-AUG-13,"CURRENT",.8473673127408723825
"","DA BRAT","LET'S ALL GET HIGH","ANUTHAFUNKDAFIEDTANTRUM","SONY MUSIC","SPOTIFY.COM > CW-CRB > Undeclared (1000011227)","Webcasting",01-JUN-13,31-AUG-13,"CURRENT",.1482303839764383
"","DA BRAT","LIVE IT UP","ANUTHATANTRUM","SO SO DEF","LAST.FM > BRD > Non-Sub (1000003289)","Webcasting",01-MAY-12,30-JUN-12,"CURRENT",.02022776689984033
"","DA BRAT","LIVE IT UP","ANUTHATANTRUM","SO SO DEF","PANDORA.COM > PPWC > Non-Sub (93313499)","Webcasting",01-JUN-13,31-AUG-13,"CURRENT",1.512864366847205
"","DA BRAT","LIVE IT UP","ANUTHATANTRUM","SO SO DEF","PANDORA.COM > PPWC > Sub (92121421)","Webcasting",01-JUN-13,31-AUG-13,"CURRENT",.456145033585897
"","DA BRAT","LIVE IT UP","ANUTHATANTRUM","SO SO DEF","SLACKER.COM > SMPPWC > Sub (1000000007)","Webcasting",01-DEC-10,31-AUG-13,"CURRENT",.29143558488701367
"","DA BRAT","LONG TIME AWAY","YELLOW PILLS 004: PREFILL","NUMERO","PANDORA.COM > PPWC > Non-Sub (93313499)","Webcasting",01-JUN-13,31-AUG-13,"CURRENT",.1453007248974114
"","DA BRAT","LONG TIME AWAY","YELLOW PILLS 004: PREFILL","NUMERO","PANDORA.COM > PPWC > Sub (92121421)","Webcasting",01-JUN-13,31-AUG-13,"CURRENT",.0805809893769297
"","DA BRAT","LYRICAL MOLESTATION","ANUTHATANTRUM","SONY MUSIC","PANDORA.COM > PPWC > Non-Sub (93313499)","Webcasting",01-JUN-13,31-AUG-13,"CURRENT",.0352455326784545
"","DA BRAT","LYRICAL MOLESTATION","ANUTHATANTRUM","SONY MUSIC","PANDORA.COM > PPWC > Sub (92121421)","Webcasting",01-JUN-13,31-AUG-13,"CURRENT",.01238816709100422
"","DA BRAT","LYRICAL MOLESTATION","ANUTHATANTRUM","SONY MUSIC","RHAPSODY.COM  (1000004384)","Webcasting",01-DEC-12,31-JUL-13,"CURRENT",.0415798228537826
"","DA BRAT","LYRICAL MOLESTATION","ANUTHATANTRUM","SONY MUSIC","SLACKER.COM > SMPPWC > Sub (1000000007)","Webcasting",01-DEC-10,31-AUG-13,"CURRENT",.0924891832198886525
"","DA BRAT","LYRICAL MOLESTATION","ANUTHATANTRUM","SONY MUSIC","to be deleted LAST.FM (Sub) > CW-CRB > Sub (1000005275)","Webcasting",01-JAN-13,30-JUN-13,"CURRENT",.01069720071874226
"","DA BRAT","MAKE IT HAPPEN","ANUTHATANTRUM","SONY MUSIC","LAST.FM > BRD > Non-Sub (1000003289)","Webcasting",01-MAY-12,30-JUN-12,"CURRENT",.01926490137450461
"","DA BRAT","MAKE IT HAPPEN","ANUTHATANTRUM","SONY MUSIC","PANDORA.COM > PPWC > Non-Sub (93313499)","Webcasting",01-JUL-13,31-AUG-13,"CURRENT",.1258225224635528
"","DA BRAT","MAKE IT HAPPEN","ANUTHATANTRUM","SONY MUSIC","PANDORA.COM > PPWC > Sub (92121421)","Webcasting",01-JUL-13,31-AUG-13,"CURRENT",.01774361907402088
"","DA BRAT","MAKE IT HAPPEN","ANUTHATANTRUM","SONY MUSIC","RHAPSODY.COM  (1000004384)","Webcasting",01-DEC-12,31-JUL-13,"CURRENT",.011120204274144543
"","DA BRAT","MAKE IT HAPPEN","ANUTHATANTRUM","SONY MUSIC","SLACKER.COM > SMPPWC > Sub (1000000007)","Webcasting",01-DEC-10,31-AUG-13,"CURRENT",.0551018940017965075
"","DA BRAT","MAY DA FUNK BE WIT'CHA","FUNKDAFIED","CHAOS/SO SO DEF","IHEART.COM > BRD > Non-Sub (1000004530)","Webcasting",01-JUN-13,31-AUG-13,"CURRENT",.543702354719683
"","DA BRAT","MAY DA FUNK BE WIT'CHA","FUNKDAFIED","CHAOS/SO SO DEF","LAST.FM > BRD > Non-Sub (1000003289)","Webcasting",01-MAY-12,30-JUN-12,"CURRENT",.1252043169212403
"","DA BRAT","MAY DA FUNK BE WIT'CHA","FUNKDAFIED","CHAOS/SO SO DEF","PANDORA.COM > PPWC > Non-Sub (93313499)","Webcasting",01-JUL-13,31-AUG-13,"CURRENT",.0551686253558996
"","DA BRAT","MAY DA FUNK BE WIT'CHA","FUNKDAFIED","CHAOS/SO SO DEF","PANDORA.COM > PPWC > Sub (92121421)","Webcasting",01-JUL-13,31-AUG-13,"CURRENT",.02040525480829454
"","DA BRAT","MAY DA FUNK BE WIT'CHA","FUNKDAFIED","CHAOS/SO SO DEF","SPOTIFY.COM > CW-CRB > Undeclared (1000011227)","Webcasting",01-DEC-12,31-AUG-13,"CURRENT",.20509738764568609
"","DA BRAT","MAY DA FUNK BE WIT'CHA","FUNKDAFIED","CHAOS/SO SO DEF","to be deleted LAST.FM (Sub) > CW-CRB > Sub (1000005275)","Webcasting",01-MAR-13,30-JUN-13,"CURRENT",.01450073312327227
"","DA BRAT","MIND BLOWIN'","ANUTHAFUNKDAFIEDTANTRUM","SONY MUSIC","IHEART.COM > BRD > Non-Sub (1000004530)","Webcasting",01-JUN-13,31-AUG-13,"CURRENT",.452346092345193
"","DA BRAT","MIND BLOWIN'","ANUTHAFUNKDAFIEDTANTRUM","SONY MUSIC","LAST.FM > BRD > Non-Sub (1000003289)","Webcasting",01-MAY-12,30-JUN-12,"CURRENT",.02623536649882984
"","DA BRAT","MIND BLOWIN'","ANUTHAFUNKDAFIEDTANTRUM","SONY MUSIC","PANDORA.COM > PPWC > Non-Sub (93313499)","Webcasting",01-JUL-13,31-AUG-13,"CURRENT",.04694179600886214
"","DA BRAT","MIND BLOWIN'","ANUTHAFUNKDAFIEDTANTRUM","SONY MUSIC","PANDORA.COM > PPWC > Sub (92121421)","Webcasting",01-JUL-13,31-AUG-13,"CURRENT",.02040524312613499
"","DA BRAT","MIND BLOWIN'","ANUTHAFUNKDAFIEDTANTRUM","SONY MUSIC","SPOTIFY.COM > CW-CRB > Undeclared (1000011227)","Webcasting",01-DEC-12,31-AUG-13,"CURRENT",.065274663548274925
"","DA BRAT","MY BELIEFS","ANUTHATANTRUM","SONY MUSIC","LAST.FM > BRD > Non-Sub (1000003289)","Webcasting",01-MAY-12,30-JUN-12,"CURRENT",.01350145480163445
"","DA BRAT","MY BELIEFS","ANUTHATANTRUM","SONY MUSIC","PANDORA.COM > PPWC > Non-Sub (93313499)","Webcasting",01-JUL-13,31-AUG-13,"CURRENT",.02129320124944602
"","DA BRAT","MY BELIEFS","ANUTHATANTRUM","SONY MUSIC","SLACKER.COM > SMPPWC > Sub (1000000007)","Webcasting",01-DEC-10,31-AUG-13,"CURRENT",.0898226986295442375
"","DA BRAT","NOT TONIGHT [REMIX]","NOTHING TO LOSE","TOMMY BOY","Corporate Side Channels > BRD > Non-Sub (1000004768)","Webcasting",01-OCT-11,31-JUL-13,"CURRENT",.57084673870043911
"","DA BRAT","PINK LEMONADE","UNRESTRICTED","SO SO DEF","PANDORA.COM > PPWC > Non-Sub (93313499)","Webcasting",01-JUN-13,31-AUG-13,"CURRENT",.1341887337139099
"","DA BRAT","PINK LEMONADE","UNRESTRICTED","SO SO DEF","PANDORA.COM > PPWC > Sub (92121421)","Webcasting",01-JUN-13,31-AUG-13,"CURRENT",.06188538848695209
"","DA BRAT","PINK LEMONADE","UNRESTRICTED","SO SO DEF","RHAPSODY.COM  (1000004384)","Webcasting",01-DEC-12,31-JUL-13,"CURRENT",.045041683244308082
"","DA BRAT","RUNNIN' OUT OF TIME","UNRESTRICTED","SO SO DEF","PANDORA.COM > PPWC > Non-Sub (93313499)","Webcasting",01-JUN-13,31-AUG-13,"CURRENT",.0782629123000713
"","DA BRAT","RUNNIN' OUT OF TIME","UNRESTRICTED","SO SO DEF","PANDORA.COM > PPWC > Sub (92121421)","Webcasting",01-JUN-13,31-AUG-13,"CURRENT",.04252453879022228
"","DA BRAT","SITTIN' ON TOP OF THE WORLD","ANUTHAFUNKDAFIEDTANTRUM","SONY MUSIC","RHAPSODY.COM  (1000004384)","Webcasting",01-DEC-12,31-JUL-13,"CURRENT",1.23595932104716975
"","DA BRAT","SITTIN' ON TOP OF THE WORLD","ANUTHAFUNKDAFIEDTANTRUM","SONY MUSIC","SPOTIFY.COM > CW-CRB > Undeclared (1000011227)","Webcasting",01-JUN-12,31-AUG-13,"CURRENT",.42952222405707164
"","DA BRAT","SITTIN' ON TOP OF THE WORLD","ANUTHAFUNKDAFIEDTANTRUM","SONY MUSIC","VIACOM MEDIA NETWORKS > CW-CRB > Undeclared (80582355)","Webcasting",01-JUL-10,31-JUL-13,"CURRENT",.045908761320999885
"","DA BRAT","SITTIN' ON TOP OF THE WORLD","ANUTHATANTRUM","SONY MUSIC","IHEART.COM > BRD > Non-Sub (1000004530)","Webcasting",01-JUN-13,31-AUG-13,"CURRENT",.4425764539686366
"","DA BRAT","SITTIN' ON TOP OF THE WORLD","ANUTHATANTRUM","SONY MUSIC","JANGO.COM > CW-CRB > Undeclared (1000002577)","Webcasting",01-MAY-13,31-JUL-13,"CURRENT",.01575849976505389
"","DA BRAT","SITTIN' ON TOP OF THE WORLD","ANUTHATANTRUM","SONY MUSIC","LAST.FM > BRD > Non-Sub (1000003289)","Webcasting",01-MAY-12,30-JUN-12,"CURRENT",.0764873848144745
"","DA BRAT","SITTIN' ON TOP OF THE WORLD","ANUTHATANTRUM","SONY MUSIC","PANDORA.COM > PPWC > Non-Sub (93313499)","Webcasting",01-JUN-13,31-AUG-13,"CURRENT",1.641658623368667
"","DA BRAT","SITTIN' ON TOP OF THE WORLD","ANUTHATANTRUM","SONY MUSIC","PANDORA.COM > PPWC > Sub (92121421)","Webcasting",01-JUN-13,31-AUG-13,"CURRENT",.486142799547104
"","DA BRAT","SITTIN' ON TOP OF THE WORLD","ANUTHATANTRUM","SONY MUSIC","SLACKER.COM > SMPPWC > Sub (1000000007)","Webcasting",01-DEC-10,31-AUG-13,"CURRENT",.92859452543179996
"","DA BRAT","SITTIN' ON TOP OF THE WORLD PART II","ANUTHAFUNKDAFIEDTANTRUM","SONY MUSIC","SPOTIFY.COM > CW-CRB > Undeclared (1000011227)","Webcasting",01-APR-13,31-AUG-13,"CURRENT",.017792539576436785
"","DA BRAT","THAT'S WHAT I'M LOOKING FOR","UNRESTRICTED","SO SO DEF","CLEAR CHANNEL COMMUNICATIONS  (1000000042)","Webcasting",01-MAY-13,31-AUG-13,"CURRENT",2.394488050320978
"","DA BRAT","THAT'S WHAT I'M LOOKING FOR","UNRESTRICTED","SO SO DEF","CUMULUS MEDIA, INC.  (1000003511)","Webcasting",01-JAN-13,31-JUL-13,"CURRENT",.09690235120449482
"","DA BRAT","THAT'S WHAT I'M LOOKING FOR","UNRESTRICTED","SO SO DEF","ENTERCOM COMMUNICATIONS CORP.  (1000000165)","Webcasting",01-AUG-12,31-MAY-13,"CURRENT",.5358361807125593
"","DA BRAT","THAT'S WHAT I'M LOOKING FOR","UNRESTRICTED","SO SO DEF","IHEART.COM > BRD > Non-Sub (1000004530)","Webcasting",01-JUN-13,31-AUG-13,"CURRENT",7.39679933392649
"","DA BRAT","THAT'S WHAT I'M LOOKING FOR","UNRESTRICTED","SO SO DEF","JANGO.COM > CW-CRB > Undeclared (1000002577)","Webcasting",01-MAY-13,31-JUL-13,"CURRENT",.08782547630867231
"","DA BRAT","THAT'S WHAT I'M LOOKING FOR","UNRESTRICTED","SO SO DEF","LAST.FM > BRD > Non-Sub (1000003289)","Webcasting",01-MAY-12,30-JUN-12,"CURRENT",.328409767418897
"","DA BRAT","THAT'S WHAT I'M LOOKING FOR","UNRESTRICTED","SO SO DEF","PANDORA.COM > PPWC > Non-Sub (93313499)","Webcasting",01-JUN-13,31-AUG-13,"CURRENT",7.4186778069949587
"","DA BRAT","THAT'S WHAT I'M LOOKING FOR","UNRESTRICTED","SO SO DEF","PANDORA.COM > PPWC > Sub (92121421)","Webcasting",01-JUN-13,31-AUG-13,"CURRENT",2.6370752417333421
"","DA BRAT","THAT'S WHAT I'M LOOKING FOR","UNRESTRICTED","SO SO DEF","RHAPSODY.COM  (1000004384)","Webcasting",01-DEC-12,31-JUL-13,"CURRENT",.66830153550498901
"","DA BRAT","THAT'S WHAT I'M LOOKING FOR","UNRESTRICTED","SO SO DEF","SONGZA_MEDIA","Webcasting",01-JUN-13,31-JUL-13,"CURRENT",.0696078905777938
"","DA BRAT","THAT'S WHAT I'M LOOKING FOR","UNRESTRICTED","SO SO DEF","SPOTIFY.COM > CW-CRB > Undeclared (1000011227)","Webcasting",01-JUN-12,31-AUG-13,"CURRENT",1.28525200761397432
"","DA BRAT","THAT'S WHAT I'M LOOKING FOR","UNRESTRICTED","SO SO DEF","to be deleted LAST.FM (Sub) > CW-CRB > Sub (1000005275)","Webcasting",01-JAN-13,30-JUN-13,"CURRENT",.03250300823194464
"","DA BRAT","WE READY","UNRESTRICTED","SO SO DEF","JANGO.COM > CW-CRB > Undeclared (1000002577)","Webcasting",01-MAY-13,31-JUL-13,"CURRENT",.01431077938239554
"","DA BRAT","WE READY","UNRESTRICTED","SO SO DEF","PANDORA.COM > PPWC > Non-Sub (93313499)","Webcasting",01-JUN-13,31-AUG-13,"CURRENT",2.757351714510373
"","DA BRAT","WE READY","UNRESTRICTED","SO SO DEF","PANDORA.COM > PPWC > Sub (92121421)","Webcasting",01-JUN-13,31-AUG-13,"CURRENT",.864381757124373
"","DA BRAT","WEST SIDE INTERLUDE","ANUTHATANTRUM","SONY MUSIC","SLACKER.COM > SMPPWC > Sub (1000000007)","Webcasting",01-DEC-10,31-AUG-13,"CURRENT",.0675990214553953825
"","DA BRAT","WHAT'CHU LIKE","BRILLIANT 2K SAMPLER","COLUMBIA","CBS RADIO, INC. (TERRESTRIAL)  (1000000400)","Webcasting",01-JAN-13,31-AUG-13,"CURRENT",.3038197312012169
"","DA BRAT","WHAT'CHU LIKE","BRILLIANT 2K SAMPLER","COLUMBIA","LAST.FM > BRD > Non-Sub (1000003289)","Webcasting",01-MAY-12,30-JUN-12,"CURRENT",.2244311669489137
"","DA BRAT","WHAT'CHU LIKE","BRILLIANT 2K SAMPLER","COLUMBIA","PANDORA.COM > PPWC > Non-Sub (93313499)","Webcasting",01-JUN-13,31-AUG-13,"CURRENT",70.4970649958408
"","DA BRAT","WHAT'CHU LIKE","BRILLIANT 2K SAMPLER","COLUMBIA","PANDORA.COM > PPWC > Sub (92121421)","Webcasting",01-JUN-13,31-AUG-13,"CURRENT",20.66413589203604
"","DA BRAT","WHAT'CHU LIKE","BRILLIANT 2K SAMPLER","COLUMBIA","SONGZA_MEDIA","Webcasting",01-JUN-13,31-JUL-13,"CURRENT",.41769073021608
"","DA BRAT","WHAT'CHU LIKE","BRILLIANT 2K SAMPLER","COLUMBIA","to be deleted LAST.FM (Sub) > CW-CRB > Sub (1000005275)","Webcasting",01-JAN-13,30-JUN-13,"CURRENT",.022667948687328563
"","DA BRAT","WHAT'CHU LIKE","UNRESTRICTED","SONY MUSIC","AOLMUSIC.COM - CBS  (1000001276)","Webcasting",01-NOV-09,30-NOV-09,"CURRENT",.742269724783592
"","DA BRAT","WHAT'CHU LIKE","UNRESTRICTED","SONY MUSIC","CBS RADIO, INC. (TERRESTRIAL)  (1000000400)","Webcasting",01-APR-13,31-JUL-13,"CURRENT",.2806007271943081
"","DA BRAT","WHAT'CHU LIKE","UNRESTRICTED","SONY MUSIC","Corporate Side Channels > BRD > Non-Sub (1000004768)","Webcasting",01-OCT-11,31-JUL-13,"CURRENT",1.5004362393181848
"","DA BRAT","WHAT'CHU LIKE","UNRESTRICTED","SONY MUSIC","DMX MUSIC  > CABSAT > Stand-alone >  (1000000106)","Cable Radio",01-JUL-13,31-JUL-13,"CURRENT",.0390650365993688
"","DA BRAT","WHAT'CHU LIKE","UNRESTRICTED","SONY MUSIC","PANDORA.COM > PPWC > Non-Sub (93313499)","Webcasting",01-JUN-13,31-AUG-13,"CURRENT",1.404176148906763
"","DA BRAT","WHAT'CHU LIKE","UNRESTRICTED","SONY MUSIC","PANDORA.COM > PPWC > Sub (92121421)","Webcasting",01-JUN-13,31-AUG-13,"CURRENT",.884588443785351
"","DA BRAT","WHAT'CHU LIKE - (FEATURING TYRESE)","UNRESTRICTED","SONY MUSIC","RHAPSODY.COM  (1000004384)","Webcasting",01-DEC-12,31-JUL-13,"CURRENT",.05776549791475881
"","DA BRAT","WHAT'S ON YA MIND","UNRESTRICTED","SO SO DEF","PANDORA.COM > PPWC > Non-Sub (93313499)","Webcasting",01-JUN-13,31-AUG-13,"CURRENT",.05305378168974157
"","DA BRAT","WHAT'S ON YA MIND","UNRESTRICTED","SO SO DEF","PANDORA.COM > PPWC > Sub (92121421)","Webcasting",01-JUN-13,31-AUG-13,"CURRENT",.022974198557284467
"","DA BRAT","WHATCHA","","UNKNOWN LABEL","CBS RADIO, INC. (TERRESTRIAL)  (1000000400)","Webcasting",01-JAN-13,28-FEB-13,"CURRENT",.63194418198437
"","DA BRAT","WHO I AM","LIMELITE, LUV & NITECLUBZ [EDITED]","SONY MUSIC ENTERTAINMENT","IHEART.COM > BRD > Non-Sub (1000004530)","Webcasting",01-JUN-13,31-AUG-13,"CURRENT",.03636675930156572
"","DA BRAT","WHO I AM","LIMELITE, LUV & NITECLUBZ [EDITED]","SONY MUSIC ENTERTAINMENT","PANDORA.COM > PPWC > Non-Sub (93313499)","Webcasting",01-JUL-13,31-AUG-13,"CURRENT",.03048802112434248
"","DA BRAT","WHO I AM","LIMELITE, LUV & NITECLUBZ [EDITED]","SONY MUSIC ENTERTAINMENT","SPOTIFY.COM > CW-CRB > Undeclared (1000011227)","Webcasting",01-APR-13,31-AUG-13,"CURRENT",.03134264540758032
"","DA BRAT","WORLD PREMIERE","LIMELITE, LUV & NITECLUBZ","SO SO DEF","PANDORA.COM > PPWC > Non-Sub (93313499)","Webcasting",01-JUN-13,31-AUG-13,"CURRENT",.506157532306818
"","DA BRAT","WORLD PREMIERE","LIMELITE, LUV & NITECLUBZ","SO SO DEF","PANDORA.COM > PPWC > Sub (92121421)","Webcasting",01-JUN-13,31-AUG-13,"CURRENT",.1868346842335188
"","LIL' KIM/LEFT EYE/DA BRAT/MISSY ELLIOT/ANGIE MARTINEZ","LADIES NIGHT","","","CBS RADIO, INC. (TERRESTRIAL)  (1000000400)","Webcasting",01-APR-13,31-MAY-13,"CURRENT",.501759230372046
"","LIL' KIM/LEFT EYE/DA BRAT/MISSY ELLIOT/ANGIE MARTINEZ","NOT TONIGHT (REMIX)","NOT TONIGHT [#1]","TOMMY BOY MUSIC","RHAPSODY.COM  (1000004384)","Webcasting",01-DEC-12,31-JUL-13,"CURRENT",.021256865576615579
"","LIL' KIM/LEFT EYE/DA BRAT/MISSY ELLIOT/ANGIE MARTINEZ","NOT TONIGHT (REMIX)","NOT TONIGHT [#1]","TOMMY BOY MUSIC","SLACKER.COM > Direct Licenses > WMG (1000005130)","Direct Licensing RO",01-JUN-13,31-AUG-13,"CURRENT",.02191208081508954
"","LIL' KIM/LEFT EYE/DA BRAT/MISSY ELLIOT/ANGIE MARTINEZ","NOT TONIGHT (REMIX)","NOTHING TO LOSE [ST]","TOMMY BOY MUSIC","SIRIUS XM RADIO, INC  (1000004133)","Webcasting",01-MAR-13,31-AUG-13,"CURRENT",2.687395310734037
"","LIL' KIM/LEFT EYE/DA BRAT/MISSY ELLIOT/ANGIE MARTINEZ","NOT TONIGHT (REMIX)","NOTHING TO LOSE [ST]","TOMMY BOY MUSIC","SIRIUS XM RADIO, INC  > CABSAT > Stand-alone >  (1000004641)","Cable Radio",01-JUN-13,31-AUG-13,"CURRENT",1.590309493643726
"","LIL' KIM/LEFT EYE/DA BRAT/MISSY ELLIOT/ANGIE MARTINEZ","NOT TONIGHT (REMIX)","NOTHING TO LOSE [ST]","TOMMY BOY MUSIC","SIRIUS XM RADIO, INC  > SDARS (1000003508)","Satellite Radio",01-JUN-13,31-AUG-13,"CURRENT",118.7837906540212
"","MYSTIKAL/BRAT/PETEY PABLO","COME SEE ABOUT ME","","JIVE","PANDORA.COM > PPWC > Non-Sub (93313499)","Webcasting",01-JUN-13,31-AUG-13,"CURRENT",.02089132048313564
"","MYSTIKAL/BRAT/PETEY PABLO","COME SEE ABOUT ME","","JIVE","RHAPSODY.COM  (1000004384)","Webcasting",01-DEC-12,31-JUL-13,"CURRENT",.0361708347125441013
"COLLABORATIONS","BOW WOW/DA BRAT","DAMN THING","THE PRICE OF FAME","SONY MUSIC","JANGO.COM > CW-CRB > Undeclared (1000002577)","Webcasting",01-MAY-13,31-JUL-13,"CURRENT",.01658849985631028
"COLLABORATIONS","BOW WOW/DA BRAT/DESTINY'S CHILD/JERMAINE DUPRI","JUMPIN', JUMPIN' (SO SO DEF REMIX)//CREDITS","JUMPIN', JUMPIN'","COLUMBIA","IHEART.COM > BRD > Non-Sub (1000004530)","Webcasting",01-JUN-13,31-AUG-13,"CURRENT",.1704685690564091
"COLLABORATIONS","C-MURDER/DA BRAT","HOW A THUG LIKE IT (FEAT. DA BRAT) (EDITED)","BEST OF C-MURDER","NO LIMIT","DMX MUSIC  > CABSAT > Stand-alone >  (1000000106)","Cable Radio",01-JAN-13,30-JUN-13,"CURRENT",15.90104677159083
"COLLABORATIONS","CHERISH/DA BRAT","IN LOVE WIT CHU","IN LOVE WIT CHU","ARISTA CONTEMPORARY","CLEAR CHANNEL COMMUNICATIONS  (1000000042)","Webcasting",01-MAY-13,31-AUG-13,"CURRENT",.3442485358360528
"COLLABORATIONS","CHERISH/DA BRAT","IN LOVE WIT CHU","IN LOVE WIT CHU","ARISTA CONTEMPORARY","IHEART.COM > BRD > Non-Sub (1000004530)","Webcasting",01-JUN-13,31-AUG-13,"CURRENT",.02128738738025632
"COLLABORATIONS","CHERISH/DA BRAT","IN LOVE WIT CHU","IN LOVE WIT CHU","ARISTA CONTEMPORARY","RHAPSODY.COM  (1000004384)","Webcasting",01-DEC-12,31-JUL-13,"CURRENT",.0229380166020357462
"COLLABORATIONS","CHERISH/DA BRAT","IN LOVE WIT CHU","IN LOVE WIT CHU","ARISTA CONTEMPORARY","SPOTIFY.COM > CW-CRB > Undeclared (1000011227)","Webcasting",01-APR-13,31-AUG-13,"CURRENT",.2278819044653213
"COLLABORATIONS","DA BRAT/ANTHONY HAMILTON","I WAS THE ONE","LIMELITE, LUV, AND NITECLUBZ","ARISTA RECORDS, INC.","PANDORA.COM > PPWC > Non-Sub (93313499)","Webcasting",01-JUL-13,31-AUG-13,"CURRENT",.01403417105776997
"COLLABORATIONS","DA BRAT/CEE-LO","CHUCH","","MISSING LABEL XM 2003","PANDORA.COM > PPWC > Non-Sub (93313499)","Webcasting",01-JUL-13,31-AUG-13,"CURRENT",.01524401397953737
"COLLABORATIONS","DA BRAT/CHERISH","IN LOVE WIT CHU","LIMELITE, LUV AND NITECLUBZ","ARISTA RECORDS, INC.","CUMULUS MEDIA, INC.  (1000003511)","Webcasting",01-JAN-13,31-AUG-13,"CURRENT",1.4446362889526893
"COLLABORATIONS","DA BRAT/CHERISH","IN LOVE WIT CHU","LIMELITE, LUV AND NITECLUBZ","ARISTA RECORDS, INC.","DMX MUSIC  > CABSAT > Stand-alone >  (1000000106)","Cable Radio",01-JUL-13,31-JUL-13,"CURRENT",.0146493887247633
"COLLABORATIONS","DA BRAT/CHERISH","IN LOVE WIT CHU","LIMELITE, LUV AND NITECLUBZ","ARISTA RECORDS, INC.","PANDORA.COM > PPWC > Non-Sub (93313499)","Webcasting",01-JUN-13,31-AUG-13,"CURRENT",3.3211207470613407
"COLLABORATIONS","DA BRAT/CHERISH","IN LOVE WIT CHU","LIMELITE, LUV AND NITECLUBZ","ARISTA RECORDS, INC.","PANDORA.COM > PPWC > Sub (92121421)","Webcasting",01-JUN-13,31-AUG-13,"CURRENT",1.091200706138101
"COLLABORATIONS","DA BRAT/CHERISH","IN LOVE WIT CHU","LIMELITE, LUV AND NITECLUBZ","ARISTA RECORDS, INC.","SONGZA_MEDIA","Webcasting",01-JUN-13,31-JUL-13,"CURRENT",.0300077863198372
"COLLABORATIONS","DA BRAT/JERMAINE DUPRI","FUNKDAFIED","","","CUMULUS MEDIA, INC.  (1000003511)","Webcasting",01-MAR-13,31-MAR-13,"CURRENT",.0239342529839516
"COLLABORATIONS","DA BRAT/MARIAH CAREY","GOTTA THING FOR YOU","LIMELIGHT, LUV, & NITECLUBZ","ARISTA RECORDS, INC.","IHEART.COM > BRD > Non-Sub (1000004530)","Webcasting",01-JUN-13,31-AUG-13,"CURRENT",.267276465789851371
"COLLABORATIONS","DA BRAT/MARIAH CAREY","GOTTA THING FOR YOU","LIMELIGHT, LUV, & NITECLUBZ","ARISTA RECORDS, INC.","PANDORA.COM > PPWC > Non-Sub (93313499)","Webcasting",01-JUL-13,31-AUG-13,"CURRENT",.01355022363696481
"COLLABORATIONS","DA BRAT/MARIAH CAREY","GOTTA THING FOR YOU","LIMELIGHT, LUV, & NITECLUBZ","ARISTA RECORDS, INC.","SPOTIFY.COM > CW-CRB > Undeclared (1000011227)","Webcasting",01-APR-13,31-AUG-13,"CURRENT",.039392587623701
"COLLABORATIONS","DA BRAT/MYSTIKAL","HANDS IN THE AIR","UNRESTRICTED","SO SO DEF","PANDORA.COM > PPWC > Non-Sub (93313499)","Webcasting",01-JUL-13,31-AUG-13,"CURRENT",.02153514249487118
"COLLABORATIONS","DA BRAT/NOTORIOUS B.I.G.","DA B SIDE","BAD BOYS SOUNDTRACK","","CUMULUS MEDIA, INC.  (1000003511)","Webcasting",01-JAN-13,31-JUL-13,"CURRENT",.117942428524449
"COLLABORATIONS","DA BRAT/TYRESE","WHAT 'CHU LIKE","UNRESTRICTED","SO SO DEF","SIRIUS XM RADIO, INC  > SDARS (1000003508)","Satellite Radio",01-JUN-13,31-JUL-13,"CURRENT",25.1341088872739
"COLLABORATIONS","DA BRAT/TYRESE","WHAT CHU LIKE","UNRESTRICTED","SO SO DEF","CBS RADIO, INC. (TERRESTRIAL)  (1000000400)","Webcasting",01-JUL-13,31-JUL-13,"CURRENT",.0639289368323442
"COLLABORATIONS","DA BRAT/TYRESE","WHAT CHU LIKE","UNRESTRICTED","SO SO DEF","CUMULUS MEDIA, INC.  (1000003511)","Webcasting",01-JAN-13,31-AUG-13,"CURRENT",.15559167713324035
"COLLABORATIONS","DA BRAT/TYRESE","WHAT CHU LIKE","UNRESTRICTED","SO SO DEF","MUSIC CHOICE  > PES (35)","Cable Radio",01-JUN-13,31-AUG-13,"CURRENT",.826853574660571
"COLLABORATIONS","DA BRAT/TYRESE","WHAT CHU LIKE","UNRESTRICTED","SO SO DEF","RHAPSODY.COM  (1000004384)","Webcasting",01-DEC-12,31-JUL-13,"CURRENT",.024563170466868595
"COLLABORATIONS","DA BRAT/TYRESE","WHAT CHU LIKE","UNRESTRICTED","SO SO DEF","SIRIUS XM RADIO, INC  > SDARS (1000003508)","Satellite Radio",01-AUG-13,31-AUG-13,"CURRENT",8.34113891710997
"COLLABORATIONS","DA BRAT/TYRESE","WHAT CHU LIKE","UNRESTRICTED","SO SO DEF","SPOTIFY.COM > CW-CRB > Undeclared (1000011227)","Webcasting",01-DEC-12,31-MAY-13,"CURRENT",3.47931847338777426
"COLLABORATIONS","DA BRAT/TYRESE","WHAT'CHU LIKE","SINGLE","SO SO DEF","CLEAR CHANNEL COMMUNICATIONS  (1000000042)","Webcasting",01-MAY-13,31-AUG-13,"CURRENT",3.11706840156932
"COLLABORATIONS","DA BRAT/TYRESE","WHAT'CHU LIKE","SINGLE","SO SO DEF","CUMULUS MEDIA, INC.  (1000003511)","Webcasting",01-FEB-13,31-AUG-13,"CURRENT",.06020334267546065
"COLLABORATIONS","DA BRAT/TYRESE","WHAT'CHU LIKE","SINGLE","SO SO DEF","ENTERCOM COMMUNICATIONS CORP.  (1000000165)","Webcasting",01-AUG-12,31-AUG-12,"CURRENT",.0303484677780746
"COLLABORATIONS","DA BRAT/TYRESE","WHAT'CHU LIKE","SINGLE","SO SO DEF","IHEART.COM > BRD > Non-Sub (1000004530)","Webcasting",01-JUN-13,31-AUG-13,"CURRENT",.1033289994691346
"COLLABORATIONS","DA BRAT/TYRESE","WHAT'CHU LIKE","SINGLE","SO SO DEF","SIRIUS XM RADIO, INC  (1000004133)","Webcasting",01-MAY-13,31-MAY-13,"CURRENT",.106219717952862
"COLLABORATIONS","DA BRAT/TYRESE","WHAT'CHU LIKE","SINGLE","SO SO DEF","SPOTIFY.COM > CW-CRB > Undeclared (1000011227)","Webcasting",01-JUN-12,31-AUG-13,"CURRENT",5.2377167018342447
"COLLABORATIONS","DEM FRANCHISE BOYZ/JERMAINE DUPRI/DA BRAT/BOW WOW","I THINK THEY LIKE ME (CLEAN EDIT)","PROMO ONLY MAINSTREAM DEC 05","PROMO ONLY","SIRIUS XM RADIO, INC  (1000004133)","Webcasting",01-MAR-13,30-JUN-13,"CURRENT",.1642868752644578
"COLLABORATIONS","DEM FRANCHISE BOYZ/JERMAINE DUPRI/DA BRAT/BOW WOW","I THINK THEY LIKE ME (CLEAN EDIT)","PROMO ONLY MAINSTREAM DEC 05","PROMO ONLY","SIRIUS XM RADIO, INC  > CABSAT > Stand-alone >  (1000004641)","Cable Radio",01-JUL-13,31-JUL-13,"CURRENT",.215549173228804
"COLLABORATIONS","DEM FRANCHISE BOYZ/JERMAINE DUPRI/DA BRAT/BOW WOW","I THINK THEY LIKE ME (CLEAN EDIT)","PROMO ONLY MAINSTREAM DEC 05","PROMO ONLY","SIRIUS XM RADIO, INC  > SDARS (1000003508)","Satellite Radio",01-JUL-13,31-JUL-13,"CURRENT",14.6294556600856
"COLLABORATIONS","DEM FRANCHIZE BOYZ/BOW WOW/JD/DA BRAT","I THINK THEY LIKE ME (CLEAN EDIT)","PROMO ONLY MAINSTREAM DEC 05","CAPITOL RECORDS, INC.","SIRIUS XM RADIO, INC  (1000004133)","Webcasting",01-JUL-13,31-AUG-13,"CURRENT",.4046473250717931
"COLLABORATIONS","DEM FRANCHIZE BOYZ/BOW WOW/JD/DA BRAT","I THINK THEY LIKE ME (REMIX)","JD PRESENTS: YOUNG, FLY AND FLASHY...","VIRGIN","NUTSIE.COM > PPWC > Sub (1000005170)","Webcasting",01-NOV-11,31-DEC-11,"CURRENT",.237424330058871
"COLLABORATIONS","DEM FRANCHIZE BOYZ/BOW WOW/JD/DA BRAT","I THINK THEY LIKE ME (REMIX) (CLEAN)","ON TOP OF OUR GAME (CLEAN)","VIRGIN RECORDS","SIRIUS XM RADIO, INC  (1000004133)","Webcasting",01-MAR-13,31-AUG-13,"CURRENT",.2688454609449174
"COLLABORATIONS","DEM FRANCHIZE BOYZ/JERMAINE DUPRI/DA BRAT/BOW WOW","I THINK THEY LIKE ME","ON TOP OF OUR GAME","VIRGIN","CLEAR CHANNEL COMMUNICATIONS  (1000000042)","Webcasting",01-MAY-13,31-AUG-13,"CURRENT",2.606181670750555
"COLLABORATIONS","DEM FRANCHIZE BOYZ/JERMAINE DUPRI/DA BRAT/BOW WOW","I THINK THEY LIKE ME (REMIX)","TOP HITS USA 12/05 RH93","EMI","CUMULUS MEDIA, INC.  (1000003511)","Webcasting",01-JAN-13,31-JUL-13,"CURRENT",.1705384205199836
"COLLABORATIONS","DEM FRANCHIZE BOYZ/JERMAINE DUPRI/DA BRAT/BOW WOW","I THINK THEY LIKE ME (REMIX)","TOP HITS USA 12/05 RH93","EMI","CUMULUS MEDIA, INC.  (1000003511)","Webcasting",01-JAN-08,31-DEC-12,"PRIOR",.042970986704333765
"COLLABORATIONS","DEM FRANCHIZE BOYZ/JERMAINE DUPRI/DA BRAT/BOW WOW","I THINK THEY LIKE ME (REMIX) (EDITED ALBUM VERSION)","NOW THAT'S WHAT I CALL PARTY HITS","EMD","IHEART.COM > BRD > Non-Sub (1000004530)","Webcasting",01-JUN-13,31-AUG-13,"CURRENT",.3683563169761419
"COLLABORATIONS","DRU HILL/DA BRAT","IN MY BED (SO SO DEF MIX)","DEFINITION OF A REMIX","SO SO DEF","MUSIC CHOICE  > PES (35)","Cable Radio",01-JUN-13,31-AUG-13,"CURRENT",4.096705758485441
"COLLABORATIONS","DRU HILL/DA BRAT","IN MY BED REMIX","","","CUMULUS MEDIA, INC.  (1000003511)","Webcasting",01-JAN-13,31-AUG-13,"CURRENT",.18369678529824964
"COLLABORATIONS","DRU HILL/DA BRAT","IN MY BED REMIX","","","RADIO ONE, INC.  (1000001484)","Webcasting",01-JAN-13,31-JAN-13,"CURRENT",.107814118634611
"COLLABORATIONS","DRU HILL/DA BRAT","IN MY BED REMIX","","","CUMULUS MEDIA, INC.  (1000003511)","Webcasting",01-JAN-12,31-DEC-12,"PRIOR",.1789049852928529277
"COLLABORATIONS","DRU HILL/DA BRAT","IN MY BED REMIX","","","RADIO ONE, INC.  (1000001484)","Webcasting",01-JAN-12,31-MAY-12,"PRIOR",.491124120176486
"COLLABORATIONS","DRU HILL/DA BRAT/JD","IN MY BED","SO SO DEF: DEFINITION OF A REMIX","SONY MUSIC","SIRIUS XM RADIO, INC  (1000004133)","Webcasting",01-MAR-13,31-AUG-13,"CURRENT",2.582551005966353
"COLLABORATIONS","DRU HILL/DA BRAT/JD","IN MY BED","SO SO DEF: DEFINITION OF A REMIX","SONY MUSIC","SIRIUS XM RADIO, INC  > CABSAT > Stand-alone >  (1000004641)","Cable Radio",01-JUN-13,31-AUG-13,"CURRENT",.53824903697947
"COLLABORATIONS","DRU HILL/DA BRAT/JD","IN MY BED","SO SO DEF: DEFINITION OF A REMIX","SONY MUSIC","SIRIUS XM RADIO, INC  > SDARS (1000003508)","Satellite Radio",01-JUN-13,31-AUG-13,"CURRENT",47.40194219617717
"COLLABORATIONS","DRU HILL/DA BRAT/JD","SLEEPING IN MY BED","","","CUMULUS MEDIA, INC.  (1000003511)","Webcasting",01-JAN-13,31-AUG-13,"CURRENT",1.292757668736254
"COLLABORATIONS","DRU HILL/DA BRAT/JD","SLEEPING IN MY BED","","","CUMULUS MEDIA, INC.  (1000003511)","Webcasting",01-SEP-12,31-DEC-12,"PRIOR",.703506831135453619
"COLLABORATIONS","DRU HILL/DA BRAT/JERMAINE DUPRI","IN MY BED","SO SO DEF PRESENTS: DEFINITION OF A REMIX (EXPLICIT)","SO SO DEF","CUMULUS MEDIA, INC.  (1000003511)","Webcasting",01-JAN-13,31-AUG-13,"CURRENT",1.7526251330824986
"COLLABORATIONS","DRU HILL/DA BRAT/JERMAINE DUPRI","IN MY BED","SO SO DEF PRESENTS: DEFINITION OF A REMIX FEAT. JERMAINE DUPRI AND JAGGED EDGE (THIS IS THE REMIX) (CLEAN VERSION)","SO SO DEF","COX RADIO INTERACTIVE  (1000000159)","Webcasting",01-JUN-13,31-JUL-13,"CURRENT",1.221073335211372
"COLLABORATIONS","DRU HILL/DA BRAT/JERMAINE DUPRI","IN MY BED","SO SO DEF PRESENTS: DEFINITION OF A REMIX FEAT. JERMAINE DUPRI AND JAGGED EDGE (THIS IS THE REMIX) (CLEAN VERSION)","SO SO DEF","IHEART.COM > BRD > Non-Sub (1000004530)","Webcasting",01-JUN-13,31-AUG-13,"CURRENT",.0576536460717994
"COLLABORATIONS","DRU HILL/DA BRAT/JERMAINE DUPRI","SLEEPING IN MY BED (REMIX)","DRU HILL","DEF SOUL","CUMULUS MEDIA, INC.  (1000003511)","Webcasting",01-JAN-13,31-JUL-13,"CURRENT",.013425867952844031
"COLLABORATIONS","DRU HILL/JERMAINE DUPRI/DA BRAT","IN MY BED (RMX)","","","CBS RADIO, INC. (TERRESTRIAL)  (1000000400)","Webcasting",01-DEC-09,31-AUG-13,"CURRENT",3.2810145404192693050024
"COLLABORATIONS","DRU HILL/JERMAINE DUPRI/DA BRAT","IN MY BED (RMX)","","","RADIO ONE, INC.  (1000001484)","Webcasting",01-JAN-13,31-JUL-13,"CURRENT",.16310006551477343
"COLLABORATIONS","JAGGED EDGE/JERMAINE DUPRI/DA BRAT/R.O.C./LIL BOW WOW/TIGAH","WHERE THE PARTY AT","THE HITS","SONY URBAN MUSIC/COLUMBIA","IHEART.COM > BRD > Non-Sub (1000004530)","Webcasting",01-JUN-13,31-AUG-13,"CURRENT",.1036295188287891
"COLLABORATIONS","JAGGED EDGE/JERMAINE DUPRI/DA BRAT/R.O.C./LIL BOW WOW/TIGAH","WHERE THE PARTY AT - 11-01-01 DUPRI EXTENDED REMIX","WHERE THE PARTY AT (5-TRACK MAXI-SINGLE)","SO SO DEF","SPOTIFY.COM > CW-CRB > Undeclared (1000011227)","Webcasting",01-JUN-12,31-AUG-13,"CURRENT",.054960724603126346
"COLLABORATIONS","JAGGED EDGE/JERMAINE DUPRI/DA BRAT/R.O.C./LIL BOW WOW/TIGAH","WHERE THE PARTY AT - DUPRI REMIX","WHERE THE PARTY AT","SO SO DEF","SPOTIFY.COM > CW-CRB > Undeclared (1000011227)","Webcasting",01-JUN-12,31-AUG-13,"CURRENT",1.17926713963634632529
"COLLABORATIONS","LIL BOW WOW/JERMAINE DUPRI/DA BRAT","YOU KNOW ME","","SO SO DEF RECORDINGS","PANDORA.COM > PPWC > Non-Sub (93313499)","Webcasting",01-JUL-13,31-AUG-13,"CURRENT",.04000549111134239
"COLLABORATIONS","LIL' KIM/MISSY ELLIOTT/DA BRAT/ANGIE MARTINEZ","NOT TONIGHT (REMIX)","NOTHING TO LOSE SOUNDTRACK","TOMMY BOY","MUSIC CHOICE  > PES (35)","Cable Radio",01-JUN-13,31-AUG-13,"CURRENT",6.0521969320214
"COLLABORATIONS","MARIAH CAREY/DA BRAT/MISSY ELLIOTT","HEARTBREAKER  (REMIX)","THE REMIXES","COLUMBIA","TOWNSQUARE MEDIA BROADCASTING  (1000005106)","Webcasting",01-JUN-13,31-AUG-13,"CURRENT",.0206617726585454
"COLLABORATIONS","MARIAH CAREY/DA BRAT/MISSY ELLIOTT","HEARTBREAKER  (REMIX)","THE REMIXES","COLUMBIA","TOWNSQUARE MEDIA BROADCASTING  (1000005106)","Webcasting",01-APR-12,31-JUL-12,"PRIOR",.01408645171439033
"COLLABORATIONS","MARIAH CAREY/DA BRAT/XSCAPE","ALWAYS BE MY BABY","ALWAYS BE MY BABY","SONY","CRYSTALMEDIANETWORKS.COM  (1000001401)","Webcasting",01-APR-12,31-OCT-12,"PRIOR",.090715713466389624
"COLLABORATIONS","MARIAH CAREY/DA BRAT/XSCAPE","ALWAYS BE MY BABY (MR. DUPRI MIX)","THE REMIXES","COLUMBIA","MUSIC CHOICE  > PES (35)","Cable Radio",01-JUN-13,31-AUG-13,"CURRENT",2.819784835654181
"COLLABORATIONS","MARIAH CAREY/LUDACRIS/DA BRAT","LOVERBOY","GLITTER","VIRGIN","IHEART.COM > BRD > Non-Sub (1000004530)","Webcasting",01-JUN-13,31-AUG-13,"CURRENT",.08929781076830712
"COLLABORATIONS","MARIAH CAREY/MISSY ELLIOTT/DA BRAT","HEARTBREAKER (REMIX)","RAINBOW","COLUMBIA","BATANGA.COM  (1000000002)","Webcasting",01-NOV-12,31-DEC-12,"CURRENT",.0129956283905766
"COLLABORATIONS","MARIAH CAREY/MISSY ELLIOTT/DA BRAT","HEARTBREAKER (REMIX)","RAINBOW","COLUMBIA","RHAPSODY.COM  (1000004384)","Webcasting",01-DEC-12,31-JUL-13,"CURRENT",.89342318799614475
"COLLABORATIONS","MARIAH CAREY/MISSY ELLIOTT/DA BRAT","HEARTBREAKER (REMIX)","RAINBOW","COLUMBIA","VIACOM MEDIA NETWORKS > CW-CRB > Undeclared (80582355)","Webcasting",01-JUL-10,31-JUL-13,"CURRENT",.052749944168398383
"COLLABORATIONS","MISSY 'MISDEMEANOR' ELLIOTT/DA BRAT","SOCK IT 2 ME","SUPA DUPA FLY","EASTWEST","MUSIC CHOICE  > PES (35)","Cable Radio",01-JUN-13,31-AUG-13,"CURRENT",.913077581579087
"COLLABORATIONS","MISSY 'MISDEMEANOR' ELLIOTT/DA BRAT","SOCK IT 2 ME","SUPA DUPA FLY","EASTWEST","SPOTIFY.COM > Direct Licenses > WMG (1000007040)","Direct Licensing RO",01-JUN-12,31-AUG-13,"CURRENT",.4105836988744904
"COLLABORATIONS","MISSY 'MISDEMEANOR' ELLIOTT/DA BRAT","SOCK IT 2 ME","SUPA DUPA FLY","EASTWEST","TURNTABLE.FM  (1000004271)","Webcasting",01-OCT-12,31-OCT-12,"CURRENT",.0127967567096082
"COLLABORATIONS","MISSY 'MISDEMEANOR' ELLIOTT/DA BRAT","SOCK IT TO ME","","MISSING LABEL SENA 2004","GALAXIE.TV - GALAXIE  > CABSAT > Stand-alone >  (1000003680)","Cable Radio",01-FEB-13,31-MAR-13,"CURRENT",.0616781097714431
"COLLABORATIONS","MISSY ELLIOTT & DA BRAT","SOCK IT 2 ME (AMENDED VERSION)","RESPECT M.E.","ELEKTRA RECORDS","SPOTIFY.COM > Direct Licenses > WMG (1000007040)","Direct Licensing RO",01-JUN-12,31-AUG-13,"CURRENT",4.7551948867161285
"COLLABORATIONS","MISSY ELLIOTT/DA BRAT/LIL' KIM","SOCK IT 2 ME (LP VERSION)","SUPA DUPA FLY","","SLACKER.COM > Direct Licenses > WMG (1000005130)","Direct Licensing RO",01-APR-12,31-AUG-13,"CURRENT",4.523937490598036
"COLLABORATIONS","OMARION/DA BRAT","ICE BOX","ICE BOX","COLUMBIA","IHEART.COM > BRD > Non-Sub (1000004530)","Webcasting",01-JUN-13,31-AUG-13,"CURRENT",11.387139651054904
"COLLABORATIONS","OMARION/DA BRAT","ICE BOX","ICE BOX","COLUMBIA","SPOTIFY.COM > CW-CRB > Undeclared (1000011227)","Webcasting",01-JUN-13,31-AUG-13,"CURRENT",.021175182847145
"COLLABORATIONS","TOTAL/DA BRAT","NO ONE ELSE","TOTAL","BAD BOY RECORDS","AOLMUSIC.COM - CBS  (1000001276)","Webcasting",01-NOV-09,30-NOV-09,"CURRENT",.620491098061284
"COLLABORATIONS","TOTAL/DA BRAT","NO ONE ELSE","TOTAL","BAD BOY RECORDS","CUMULUS MEDIA, INC.  (1000003511)","Webcasting",01-FEB-13,31-AUG-13,"CURRENT",.3487642843324335
"COLLABORATIONS","TOTAL/DA BRAT","NO ONE ELSE","TOTAL","BAD BOY RECORDS","Corporate Side Channels > BRD > Non-Sub (1000004768)","Webcasting",01-OCT-11,31-JUL-13,"CURRENT",7.398197771012879
"COLLABORATIONS","TOTAL/DA BRAT","NO ONE ELSE","TOTAL","BAD BOY RECORDS","GALAXIE.TV - GALAXIE  > CABSAT > Stand-alone >  (1000003680)","Cable Radio",01-JAN-13,31-MAY-13,"CURRENT",.0906502281004095
"COLLABORATIONS","TOTAL/DA BRAT","NO ONE ELSE","TOTAL","BAD BOY RECORDS","JANGO.COM > CW-CRB > Undeclared (1000002577)","Webcasting",01-MAY-13,31-JUL-13,"CURRENT",.1818585831116772
"COLLABORATIONS","TOTAL/DA BRAT","NO ONE ELSE","TOTAL","BAD BOY RECORDS","MUSIC CHOICE  > PES (35)","Cable Radio",01-JUN-13,31-AUG-13,"CURRENT",2.370397919353583
"COLLABORATIONS","TOTAL/DA BRAT","NO ONE ELSE","TOTAL","BAD BOY RECORDS","PANDORA.COM > PPWC > Non-Sub (93313499)","Webcasting",01-JUN-13,31-AUG-13,"CURRENT",46.2242852306192
"COLLABORATIONS","TOTAL/DA BRAT","NO ONE ELSE","TOTAL","BAD BOY RECORDS","PANDORA.COM > PPWC > Sub (92121421)","Webcasting",01-JUN-13,31-AUG-13,"CURRENT",9.72737615734211
"COLLABORATIONS","TOTAL/DA BRAT","NO ONE ELSE","TOTAL","BAD BOY RECORDS","RADIO ONE, INC.  (1000001484)","Webcasting",01-JUL-13,31-JUL-13,"CURRENT",.367357350568689
"COLLABORATIONS","TOTAL/DA BRAT","NO ONE ELSE","TOTAL","BAD BOY RECORDS","RHAPSODY.COM  (1000004384)","Webcasting",01-DEC-12,31-JUL-13,"CURRENT",.365100911509837076
"COLLABORATIONS","TOTAL/DA BRAT","NO ONE ELSE","TOTAL","BAD BOY RECORDS","SIRIUS XM RADIO, INC  (1000004133)","Webcasting",01-MAY-13,31-AUG-13,"CURRENT",1.166094069254848
"COLLABORATIONS","TOTAL/DA BRAT","NO ONE ELSE","TOTAL","BAD BOY RECORDS","SIRIUS XM RADIO, INC  > SDARS (1000003508)","Satellite Radio",01-JUL-13,31-JUL-13,"CURRENT",8.35968894862037
"COLLABORATIONS","TOTAL/DA BRAT","NO ONE ELSE","TOTAL","BAD BOY RECORDS","SPOTIFY.COM > Direct Licenses > WMG (1000007040)","Direct Licensing RO",01-APR-13,31-AUG-13,"CURRENT",.0396770500488384
"ADMINISTRATIVE FEE ADJUSTMENT","","","","","","",,,"",75.606467093877
"IRS WITHHOLDING","","","","","","",,,"",0
"TRACKS UNDER ONE CENT","","","","","","",,,"",.487177155155603998187235
